"name","state","city","tee","rating","slope","women_rating","women_slope","yardage","pars","sis"
"Ackerman-Allen Golf Course","IN","West Lafayette","Black","76.5","141","","","7546","4 5 4 4 3 5 3 4 4 4 4 4 3 5 4 5 3 4","10 8 14 12 16 6 18 4 2 11 5 17 13 9 1 7 15 3"
"Ackerman-Allen Golf Course","IN","West Lafayette","Blue","73.2","132","","","6838","4 5 4 4 3 5 3 4 4 4 4 4 3 5 4 5 3 4","10 8 14 12 16 6 18 4 2 11 5 17 13 9 1 7 15 3"
"Ackerman-Allen Golf Course","IN","West Lafayette","Hammer Down","71.1","129","","","6455","4 5 4 4 3 5 3 4 4 4 4 4 3 5 4 5 3 4","10 8 14 12 16 6 18 4 2 11 5 17 13 9 1 7 15 3"
"Ackerman-Allen Golf Course","IN","West Lafayette","White","70.7","129","","","6363","4 5 4 4 3 5 3 4 4 4 4 4 3 5 4 5 3 4","10 8 14 12 16 6 18 4 2 11 5 17 13 9 1 7 15 3"
"Ackerman-Allen Golf Course","IN","West Lafayette","Purdue Pete","69.9","124","","","6148","4 5 4 4 3 5 3 4 4 4 4 4 3 5 4 5 3 4","10 8 14 12 16 6 18 4 2 11 5 17 13 9 1 7 15 3"
"Ackerman-Allen Golf Course","IN","West Lafayette","Gold","69.1","124","74.8","129","6003","4 5 4 4 3 5 3 4 4 4 4 4 3 5 4 5 3 4","10 8 14 12 16 6 18 4 2 11 5 17 13 9 1 7 15 3"
"Ackerman-Allen Golf Course","IN","West Lafayette","Boiler Up","67.1","117","72.2","125","5571","4 5 4 4 3 5 3 4 4 4 4 4 3 5 4 5 3 4","10 8 14 12 16 6 18 4 2 11 5 17 13 9 1 7 15 3"
"Ackerman-Allen Golf Course","IN","West Lafayette","Silver","65.9","115","70.4","122","5255","4 5 4 4 3 5 3 4 4 4 4 4 3 5 4 5 3 4","10 8 14 12 16 6 18 4 2 11 5 17 13 9 1 7 15 3"
"American Legion Golf Course","IN","Kokomo","Blue","68","118","","","6067","4 4 3 5 4 3 5 4 3 3 5 4 4 3 4 5 3 4","5 1 7 11 13 3 17 9 15 10 4 6 14 12 8 18 2 16"
"American Legion Golf Course","IN","Kokomo","White","66.4","113","","","5767","4 4 3 5 4 3 5 4 3 3 5 4 4 3 4 5 3 4","5 1 7 11 13 3 17 9 15 10 4 6 14 12 8 18 2 16"
"American Legion Golf Course","IN","Kokomo","Red","62","96","65.4","106","5420","4 4 3 5 4 3 5 4 3 3 5 4 4 3 4 5 3 4","5 1 7 11 13 3 17 9 15 10 4 6 14 12 8 18 2 16"
"Anderson Country Club","IN","Anderson","Blue","71.9","129","","","6605","5 3 5 4 4 4 3 4 4 4 4 4 4 4 3 5 3 5","15 9 5 1 3 7 17 11 13 4 10 2 16 18 14 6 8 12"
"Anderson Country Club","IN","Anderson","White","70.3","128","","","6280","5 3 5 4 4 4 3 4 4 4 4 4 4 4 3 5 3 5","15 9 5 1 3 7 17 11 13 4 10 2 16 18 14 6 8 12"
"Anderson Country Club","IN","Anderson","White/Green","68.5","121","","","5845","5 3 5 4 4 4 3 4 4 4 4 4 4 4 3 5 3 5","15 9 5 1 3 7 17 11 13 4 10 2 16 18 14 6 8 12"
"Anderson Country Club","IN","Anderson","Green","66.7","113","71.4","124","5535","5 3 5 4 4 4 3 4 4 4 4 4 4 4 3 5 3 5","15 9 5 1 3 7 17 11 13 4 10 2 16 18 14 6 8 12"
"Anderson Country Club","IN","Anderson","Green/Yellow","65.2","112","69.9","119","5190","5 3 5 4 4 4 3 4 4 4 4 4 4 4 3 5 3 5","15 9 5 1 3 7 17 11 13 4 10 2 16 18 14 6 8 12"
"Anderson Country Club","IN","Anderson","Yellow","63.5","108","68.1","117","4865","5 3 5 4 4 4 3 4 4 4 4 4 4 4 3 5 3 5","15 9 5 1 3 7 17 11 13 4 10 2 16 18 14 6 8 12"
"Angel Hill GC","IN","Rossville","White","69.7","119","","","6138","4 4 4 4 3 5 4 3 4 4 3 5 4 3 4 4 5 4","7 15 3 9 11 5 1 13 17 8 10 4 6 18 16 12 2 14"
"Angel Hill GC","IN","Rossville","Gold","65.1","109","66.1","111","5332","4 4 4 4 3 5 4 3 4 4 3 5 4 3 4 4 5 4","7 15 3 9 11 5 1 13 17 8 10 4 6 18 16 12 2 14"
"Angel Hill GC","IN","Rossville","Red","","","65.9","107","4885","4 4 4 4 3 5 4 3 4 4 3 5 4 3 4 4 5 4","7 15 3 9 11 5 1 13 17 8 10 4 6 18 16 12 2 14"
"Arbor Trace Golf Club","IN","Marion","Blue","71.5","120","","","6718","4 4 4 4 5 3 4 3 5 4 4 3 4 3 5 4 4 4","9 1 3 15 7 11 17 13 5 18 6 16 12 14 8 4 10 2"
"Arbor Trace Golf Club","IN","Marion","White","69","112","74.2","123","6058","4 4 4 4 5 3 4 3 5 4 4 3 4 3 5 4 4 4","9 1 3 15 7 11 17 13 5 18 6 16 12 14 8 4 10 2"
"Arbor Trace Golf Club","IN","Marion","Gold","65.8","106","70.6","116","5413","4 4 4 4 5 3 4 3 5 4 4 3 4 3 5 4 4 4","9 1 3 15 7 11 17 13 5 18 6 16 12 14 8 4 10 2"
"Arbor Trace Golf Club","IN","Marion","Green","62.8","98","66.7","106","4669","4 4 4 4 5 3 4 3 5 4 4 3 4 3 5 4 4 4","9 1 3 15 7 11 17 13 5 18 6 16 12 14 8 4 10 2"
"Arbor Trace Golf Club","IN","Marion","Orange","","","60","100","3275","4 4 4 4 5 3 4 3 5 4 4 3 4 3 5 4 4 4","9 1 3 15 7 11 17 13 5 18 6 16 12 14 8 4 10 2"
"Arrowhead Golf Course","IN","Greenfield","Blue","67.2","113","","","5942","4 4 4 3 3 4 4 5 4 4 4 4 4 4 5 3 4 3","4 12 2 14 18 7 13 1 10 11 3 9 15 16 5 17 8 6"
"Arrowhead Golf Course","IN","Greenfield","White","65.6","109","","","5598","4 4 4 3 3 4 4 5 4 4 4 4 4 4 5 3 4 3","4 12 2 14 18 7 13 1 10 11 3 9 15 16 5 17 8 6"
"Arrowhead Golf Course","IN","Greenfield","Black","63.9","103","66.9","109","4572","4 4 4 3 3 4 4 5 4 4 4 4 4 4 5 3 4 3","4 12 2 14 18 7 13 1 10 11 3 9 15 16 5 17 8 6"
"Arrowhead Golf Course","IN","Greenfield","Red","","","66.1","105","4405","4 4 4 3 3 4 4 5 4 4 4 4 4 4 5 3 4 3","4 12 2 14 18 7 13 1 10 11 3 9 15 16 5 17 8 6"
"Autumn Ridge Golf","IN","Fort Wayne","Gold","74.2","134","","","7039","4 3 4 5 4 4 3 4 5 4 3 5 4 4 5 3 4 4","7 15 3 11 9 5 17 1 13 6 16 14 2 12 10 18 4 8"
"Autumn Ridge Golf","IN","Fort Wayne","Blue","71.5","128","78.1","143","6518","4 3 4 5 4 4 3 4 5 4 3 5 4 4 5 3 4 4","7 15 3 11 9 5 17 1 13 6 16 14 2 12 10 18 4 8"
"Autumn Ridge Golf","IN","Fort Wayne","White","69","126","75.3","134","6036","4 3 4 5 4 4 3 4 5 4 3 5 4 4 5 3 4 4","7 15 3 11 9 5 17 1 13 6 16 14 2 12 10 18 4 8"
"Autumn Ridge Golf","IN","Fort Wayne","Green","67.1","117","72.5","127","5647","4 3 4 5 4 4 3 4 5 4 3 5 4 4 5 3 4 4","7 15 3 11 9 5 17 1 13 6 16 14 2 12 10 18 4 8"
"Autumn Ridge Golf","IN","Fort Wayne","Red","65.4","105","69.9","123","5202","4 3 4 5 4 4 3 4 5 4 3 5 4 4 5 3 4 4","7 15 3 11 9 5 17 1 13 6 16 14 2 12 10 18 4 8"
"Battle Ground Golf Club LLC","IN","Battle Ground","Black","73.6","129","","","7026","4 4 5 4 3 4 5 3 4 4 5 4 3 4 4 3 5 4","16 12 14 2 8 10 6 18 4 11 5 1 7 3 17 9 13 15"
"Battle Ground Golf Club LLC","IN","Battle Ground","Blue","70.8","126","","","6478","4 4 5 4 3 4 5 3 4 4 5 4 3 4 4 3 5 4","16 12 14 2 8 10 6 18 4 11 5 1 7 3 17 9 13 15"
"Battle Ground Golf Club LLC","IN","Battle Ground","Blue/White","69","124","","","6145","4 4 5 4 3 4 5 3 4 4 5 4 3 4 4 3 5 4","16 12 14 2 8 10 6 18 4 11 5 1 7 3 17 9 13 15"
"Battle Ground Golf Club LLC","IN","Battle Ground","White","67.5","116","73.2","127","5782","4 4 5 4 3 4 5 3 4 4 5 4 3 4 4 3 5 4","16 12 14 2 8 10 6 18 4 11 5 1 7 3 17 9 13 15"
"Battle Ground Golf Club LLC","IN","Battle Ground","White/Green","65.9","112","71.2","122","5458","4 4 5 4 3 4 5 3 4 4 5 4 3 4 4 3 5 4","16 12 14 2 8 10 6 18 4 11 5 1 7 3 17 9 13 15"
"Battle Ground Golf Club LLC","IN","Battle Ground","Green","64","106","69.1","118","5125","4 4 5 4 3 4 5 3 4 4 5 4 3 4 4 3 5 4","16 12 14 2 8 10 6 18 4 11 5 1 7 3 17 9 13 15"
"Bear Chase Golf Club","IN","Shelbyville","Black","71.2","126","","","6509","4 4 5 3 4 4 3 4 5 4 3 4 5 5 4 3 4 4","10 6 4 16 12 14 18 8 2 1 15 5 11 17 7 9 13 3"
"Bear Chase Golf Club","IN","Shelbyville","White","69.9","125","","","6117","4 4 5 3 4 4 3 4 5 4 3 4 5 5 4 3 4 4","10 6 4 16 12 14 18 8 2 1 15 5 11 17 7 9 13 3"
"Bear Chase Golf Club","IN","Shelbyville","Green","67.4","120","","","5519","4 4 5 3 4 4 3 4 5 4 3 4 5 5 4 3 4 4","10 6 4 16 12 14 18 8 2 1 15 5 11 17 7 9 13 3"
"Bear Chase Golf Club","IN","Shelbyville","Gold","65","114","69.2","117","5004","4 4 5 3 4 4 3 4 5 4 3 4 5 5 4 3 4 4","10 6 4 16 12 14 18 8 2 1 15 5 11 17 7 9 13 3"
"Bear Chase Golf Club","IN","Shelbyville","Red","63.1","111","66","112","4462","4 4 5 3 4 4 3 4 5 4 3 4 5 5 4 3 4 4","10 6 4 16 12 14 18 8 2 1 15 5 11 17 7 9 13 3"
"Beechwood Golf Course","IN","La Porte","Blue","72.1","122","","","6657","4 4 3 4 4 5 4 3 5 4 4 4 4 5 3 4 5 3","3 13 17 1 7 15 11 5 9 2 16 14 4 12 18 8 6 10"
"Beechwood Golf Course","IN","La Porte","White","70.8","120","","","6339","4 4 3 4 4 5 4 3 5 4 4 4 4 5 3 4 5 3","3 13 17 1 7 15 11 5 9 2 16 14 4 12 18 8 6 10"
"Beechwood Golf Course","IN","La Porte","Gold","68.9","113","","","5897","4 4 3 4 4 5 4 3 5 4 4 4 4 5 3 4 5 3","3 13 17 1 7 15 11 5 9 2 16 14 4 12 18 8 6 10"
"Beechwood Golf Course","IN","La Porte","Red","68.2","110","73.2","124","5703","4 4 3 4 4 5 4 3 5 4 4 4 4 5 3 4 5 3","3 13 17 1 7 15 11 5 9 2 16 14 4 12 18 8 6 10"
"Belterra Golf Course","IN","Florence","Tournament","73.8","134","","","6925","4 3 4 5 4 4 3 4 4 4 5 3 4 3 4 4 4 5","9 5 17 11 1 15 13 7 3 14 12 8 10 18 2 16 6 4"
"Belterra Golf Course","IN","Florence","Champion","71.4","126","","","6465","4 3 4 5 4 4 3 4 4 4 5 3 4 3 4 4 4 5","9 5 17 11 1 15 13 7 3 14 12 8 10 18 2 16 6 4"
"Belterra Golf Course","IN","Florence","Resort","69","124","","","5923","4 3 4 5 4 4 3 4 4 4 5 3 4 3 4 4 4 5","9 5 17 11 1 15 13 7 3 14 12 8 10 18 2 16 6 4"
"Belterra Golf Course","IN","Florence","Senior","66.7","121","72","125","5479","4 3 4 5 4 4 3 4 4 4 5 3 4 3 4 4 4 5","9 5 17 11 1 15 13 7 3 14 12 8 10 18 2 16 6 4"
"Belterra Golf Course","IN","Florence","Forward","","","69.5","122","5102","4 3 4 5 4 4 3 4 4 4 5 3 4 3 4 4 4 5","9 5 17 11 1 15 13 7 3 14 12 8 10 18 2 16 6 4"
"Black Squirrel Golf Club","IN","Goshen","Blue","72.3","133","","","6525","4 5 4 3 4 4 3 4 5 4 4 5 4 5 3 4 3 4","5 3 15 11 1 13 17 7 9 4 2 6 14 16 18 8 10 12"
"Black Squirrel Golf Club","IN","Goshen","White","71","130","","","6243","4 5 4 3 4 4 3 4 5 4 4 5 4 5 3 4 3 4","5 3 15 11 1 13 17 7 9 4 2 6 14 16 18 8 10 12"
"Black Squirrel Golf Club","IN","Goshen","Gold","67.2","124","","","5531","4 5 4 3 4 4 3 4 5 4 4 5 4 5 3 4 3 4","5 3 15 11 1 13 17 7 9 4 2 6 14 16 18 8 10 12"
"Black Squirrel Golf Club","IN","Goshen","Red","","","71","125","5018","4 5 4 3 4 4 3 4 5 4 4 5 4 5 3 4 3 4","5 3 15 11 1 13 17 7 9 4 2 6 14 16 18 8 10 12"
"Blackford Golf Club","IN","Hartford City","Blue","69.9","123","","","6180","4 4 5 3 4 4 5 4 3 4 4 4 4 3 5 3 5 4","13 15 17 5 7 11 3 9 1 4 6 12 8 14 2 18 16 10"
"Blackford Golf Club","IN","Hartford City","White","67","111","","","5500","4 4 5 3 4 4 5 4 3 4 4 4 4 3 5 3 5 4","13 15 17 5 7 11 3 9 1 4 6 12 8 14 2 18 16 10"
"Blackford Golf Club","IN","Hartford City","Yellow","65.3","106","","","5117","4 4 5 3 4 4 5 4 3 4 4 4 4 3 5 3 5 4","13 15 17 5 7 11 3 9 1 4 6 12 8 14 2 18 16 10"
"Blackford Golf Club","IN","Hartford City","Red","64.3","110","69.2","118","5050","4 4 5 3 4 4 5 4 3 4 4 4 4 3 5 3 5 4","13 15 17 5 7 11 3 9 1 4 6 12 8 14 2 18 16 10"
"Blackthorn Golf Club","IN","South Bend","Black","74.6","144","","","7136","4 4 3 5 4 4 5 3 4 4 4 4 3 4 5 3 4 5","5 13 15 1 7 11 9 17 3 12 8 6 18 10 2 16 14 4"
"Blackthorn Golf Club","IN","South Bend","Red","71.5","132","","","6551","4 4 3 5 4 4 5 3 4 4 4 4 3 4 5 3 4 5","5 13 15 1 7 11 9 17 3 12 8 6 18 10 2 16 14 4"
"Blackthorn Golf Club","IN","South Bend","Blue","69.1","124","","","5961","4 4 3 5 4 4 5 3 4 4 4 4 3 4 5 3 4 5","5 13 15 1 7 11 9 17 3 12 8 6 18 10 2 16 14 4"
"Blackthorn Golf Club","IN","South Bend","White","65.6","114","70.6","118","5181","4 4 3 5 4 4 5 3 4 4 4 4 3 4 5 3 4 5","5 13 15 1 7 11 9 17 3 12 8 6 18 10 2 16 14 4"
"Bloomington Country Club","IN","Bloomington","Black","73.6","137","","","6589","5 4 4 4 4 4 3 5 3 4 4 4 3 5 4 4 3 5","18 12 2 8 10 14 4 16 6 3 17 7 5 15 1 11 9 13"
"Bloomington Country Club","IN","Bloomington","Black II","72.2","135","","","6560","5 4 4 4 4 4 3 5 3 4 4 4 3 5 4 4 3 5","18 12 2 8 10 14 4 16 6 3 17 7 5 15 1 11 9 13"
"Bloomington Country Club","IN","Bloomington","White","71.7","132","77.4","138","6173","5 4 4 4 4 4 3 5 3 4 4 4 3 5 4 4 3 5","18 12 2 8 10 14 4 16 6 3 17 7 5 15 1 11 9 13"
"Bloomington Country Club","IN","Bloomington","Orange","68.8","130","74.7","130","5625","5 4 4 4 4 4 3 5 3 4 4 4 3 5 4 4 3 5","18 12 2 8 10 14 4 16 6 3 17 7 5 15 1 11 9 13"
"Bloomington Country Club","IN","Bloomington","Gold","67.1","125","72.1","127","5247","5 4 4 4 4 4 3 5 3 4 4 4 3 5 4 4 3 5","18 12 2 8 10 14 4 16 6 3 17 7 5 15 1 11 9 13"
"Bloomington Country Club","IN","Bloomington","Blue","","","71.5","125","5137","5 4 4 4 4 4 3 5 3 4 4 4 3 5 4 4 3 5","18 12 2 8 10 14 4 16 6 3 17 7 5 15 1 11 9 13"
"Bloomington Country Club","IN","Bloomington","Green","64","120","67.6","120","4566","5 4 4 4 4 4 3 5 3 4 4 4 3 5 4 4 3 5","18 12 2 8 10 14 4 16 6 3 17 7 5 15 1 11 9 13"
"Bluff Creek Golf Course","IN","Greenwood","Blue","70.7","122","","","6363","4 3 4 4 5 4 4 5 3 3 4 5 4 4 5 3 4 4","1 11 5 9 15 7 13 3 17 18 14 4 2 16 12 8 6 10"
"Bluff Creek Golf Course","IN","Greenwood","White","68.8","114","","","5883","4 3 4 4 5 4 4 5 3 3 4 5 4 4 5 3 4 4","1 11 5 9 15 7 13 3 17 18 14 4 2 16 12 8 6 10"
"Bluff Creek Golf Course","IN","Greenwood","Gold","65.4","104","","","5165","4 3 4 4 5 4 4 5 3 3 4 5 4 4 5 3 4 4","1 11 5 9 15 7 13 3 17 18 14 4 2 16 12 8 6 10"
"Bluff Creek Golf Course","IN","Greenwood","Red","","","66","106","4513","4 3 4 4 5 4 4 5 3 3 4 5 4 4 5 3 4 4","1 11 5 9 15 7 13 3 17 18 14 4 2 16 12 8 6 10"
"Briar Leaf Golf Club","IN","La Porte","Black","72.2","130","","","6579","4 4 3 5 4 5 4 3 4 4 3 4 3 5 5 4 4 4","13 9 11 3 5 7 15 17 1 4 14 10 18 12 6 2 16 8"
"Briar Leaf Golf Club","IN","La Porte","Silver","70.4","127","","","6217","4 4 3 5 4 5 4 3 4 4 3 4 3 5 5 4 4 4","13 9 11 3 5 7 15 17 1 4 14 10 18 12 6 2 16 8"
"Briar Leaf Golf Club","IN","La Porte","Gold","68.6","124","","","5861","4 4 3 5 4 5 4 3 4 4 3 4 3 5 5 4 4 4","13 9 11 3 5 7 15 17 1 4 14 10 18 12 6 2 16 8"
"Briar Leaf Golf Club","IN","La Porte","Green","63.7","112","68.6","115","4804","4 4 3 5 4 5 4 3 4 4 3 4 3 5 5 4 4 4","13 9 11 3 5 7 15 17 1 4 14 10 18 12 6 2 16 8"
"Brickyard Crossing Golf Course","IN","Indianapolis","Gold","74.6","141","","","7180","4 5 4 3 4 5 3 4 4 4 4 5 3 4 5 4 3 4","17 5 13 9 3 15 7 1 11 16 6 10 14 18 4 8 12 2"
"Brickyard Crossing Golf Course","IN","Indianapolis","Blue","71.8","132","","","6621","4 5 4 3 4 5 3 4 4 4 4 5 3 4 5 4 3 4","17 5 13 9 3 15 7 1 11 16 6 10 14 18 4 8 12 2"
"Brickyard Crossing Golf Course","IN","Indianapolis","Blue/White","70.2","131","","","6348","4 5 4 3 4 5 3 4 4 4 4 5 3 4 5 4 3 4","17 5 13 9 3 15 7 1 11 16 6 10 14 18 4 8 12 2"
"Brickyard Crossing Golf Course","IN","Indianapolis","White","68.7","130","73.8","133","6028","4 5 4 3 4 5 3 4 4 4 4 5 3 4 5 4 3 4","17 5 13 9 3 15 7 1 11 16 6 10 14 18 4 8 12 2"
"Brickyard Crossing Golf Course","IN","Indianapolis","Green","66.5","118","71.3","129","5590","4 5 4 3 4 5 3 4 4 4 4 5 3 4 5 4 3 4","17 5 13 9 3 15 7 1 11 16 6 10 14 18 4 8 12 2"
"Brickyard Crossing Golf Course","IN","Indianapolis","Red","64.3","110","68.3","122","5038","4 5 4 3 4 5 3 4 4 4 4 5 3 4 5 4 3 4","17 5 13 9 3 15 7 1 11 16 6 10 14 18 4 8 12 2"
"Bridgewater Golf Club","IN","Auburn","Black","75.3","136","","","7237","4 4 3 4 5 3 4 4 5 5 3 4 4 4 3 4 4 5","6 12 18 14 2 16 8 10 4 1 17 9 13 5 15 7 11 3"
"Bridgewater Golf Club","IN","Auburn","Silver","73","130","","","6755","4 4 3 4 5 3 4 4 5 5 3 4 4 4 3 4 4 5","6 12 18 14 2 16 8 10 4 1 17 9 13 5 15 7 11 3"
"Bridgewater Golf Club","IN","Auburn","Blue","70.9","124","","","6223","4 4 3 4 5 3 4 4 5 5 3 4 4 4 3 4 4 5","6 12 18 14 2 16 8 10 4 1 17 9 13 5 15 7 11 3"
"Bridgewater Golf Club","IN","Auburn","Green","67.5","118","","","5470","4 4 3 4 5 3 4 4 5 5 3 4 4 4 3 4 4 5","6 12 18 14 2 16 8 10 4 1 17 9 13 5 15 7 11 3"
"Bridgewater Golf Club","IN","Auburn","Yellow","","","70.7","117","5107","4 4 3 4 5 3 4 4 5 5 3 4 4 4 3 4 4 5","6 12 18 14 2 16 8 10 4 1 17 9 13 5 15 7 11 3"
"Broadmoor Country Club","IN","Indianapolis","Black","73.6","137","79.9","142","6904","4 4 4 3 4 4 4 3 5 4 3 5 4 4 3 4 5 5","17 7 3 11 9 1 5 15 13 12 6 10 8 2 18 14 16 4"
"Broadmoor Country Club","IN","Indianapolis","Black/Blue","72.7","134","78.8","140","6708","4 4 4 3 4 4 4 3 5 4 3 5 4 4 3 4 5 5","17 7 3 11 9 1 5 15 13 12 6 10 8 2 18 14 16 4"
"Broadmoor Country Club","IN","Indianapolis","Blue","72.1","132","77.8","138","6535","4 4 4 3 4 4 4 3 5 4 3 5 4 4 3 4 5 5","17 7 3 11 9 1 5 15 13 12 6 10 8 2 18 14 16 4"
"Broadmoor Country Club","IN","Indianapolis","Blue/White","70.7","129","76.3","134","6221","4 4 4 3 4 4 4 3 5 4 3 5 4 4 3 4 5 5","17 7 3 11 9 1 5 15 13 12 6 10 8 2 18 14 16 4"
"Broadmoor Country Club","IN","Indianapolis","White","69","127","74.6","131","5911","4 4 4 3 4 4 4 3 5 4 3 5 4 4 3 4 5 5","17 7 3 11 9 1 5 15 13 12 6 10 8 2 18 14 16 4"
"Broadmoor Country Club","IN","Indianapolis","Green","66.5","121","71.7","125","5428","4 4 4 3 4 4 4 3 5 4 3 5 4 4 3 4 5 5","17 7 3 11 9 1 5 15 13 12 6 10 8 2 18 14 16 4"
"Broadmoor Country Club","IN","Indianapolis","Red","65.2","112","69.7","121","5041","4 4 4 3 4 4 4 3 5 4 3 5 4 4 3 4 5 5","17 7 3 11 9 1 5 15 13 12 6 10 8 2 18 14 16 4"
"Broadmoor Country Club","IN","Indianapolis","ISWGA","","","69.1","120","4938","4 4 4 3 4 4 4 3 5 4 3 5 4 4 3 4 5 5","17 7 3 11 9 1 5 15 13 12 6 10 8 2 18 14 16 4"
"Brookshire Golf Club","IN","Carmel","Blue","72.7","126","","","6782","4 3 4 4 4 5 4 5 3 5 4 4 3 4 4 5 3 4","9 15 5 13 7 11 1 3 17 6 18 12 14 8 10 4 16 2"
"Brookshire Golf Club","IN","Carmel","White","70.6","124","77.4","135","6383","4 3 4 4 4 5 4 5 3 5 4 4 3 4 4 5 3 4","9 15 5 13 7 11 1 3 17 6 18 12 14 8 10 4 16 2"
"Brookshire Golf Club","IN","Carmel","Gold","68.7","120","74.1","128","5910","4 3 4 4 4 5 4 5 3 5 4 4 3 4 4 5 3 4","9 15 5 13 7 11 1 3 17 6 18 12 14 8 10 4 16 2"
"Brookshire Golf Club","IN","Carmel","Red","","","70.8","114","5362","4 3 4 4 4 5 4 5 3 5 4 4 3 4 4 5 3 4","9 15 5 13 7 11 1 3 17 6 18 12 14 8 10 4 16 2"
"Brookwood Golf Club","IN","Fort Wayne","Blue","72","125","","","6746","5 4 4 4 4 3 5 3 4 4 3 4 4 3 4 5 4 5","13 17 7 3 15 11 5 9 1 4 6 2 12 14 16 8 10 18"
"Brookwood Golf Club","IN","Fort Wayne","White","70.6","122","","","6402","5 4 4 4 4 3 5 3 4 4 3 4 4 3 4 5 4 5","13 17 7 3 15 11 5 9 1 4 6 2 12 14 16 8 10 18"
"Brookwood Golf Club","IN","Fort Wayne","White/Green","68.8","122","","","6082","5 4 4 4 4 3 5 3 4 4 3 4 4 3 4 5 4 5","13 17 7 3 15 11 5 9 1 4 6 2 12 14 16 8 10 18"
"Brookwood Golf Club","IN","Fort Wayne","Green","66.9","114","72.6","125","5659","5 4 4 4 4 3 5 3 4 4 3 4 4 3 4 5 4 5","13 17 7 3 15 11 5 9 1 4 6 2 12 14 16 8 10 18"
"Brookwood Golf Club","IN","Fort Wayne","Yellow","63.8","104","68.8","117","5033","5 4 4 4 4 3 5 3 4 4 3 4 4 3 4 5 4 5","13 17 7 3 15 11 5 9 1 4 6 2 12 14 16 8 10 18"
"Brookwood Golf Club","IN","Fort Wayne","Red","61.8","100","65.1","108","4394","5 4 4 4 4 3 5 3 4 4 3 4 4 3 4 5 4 5","13 17 7 3 15 11 5 9 1 4 6 2 12 14 16 8 10 18"
"Buffalo Trace Golf Course","IN","Jasper","Blue","71.4","136","","","6276","4 5 3 4 4 4 3 4 5 4 5 4 4 3 4 4 3 4","5 9 13 3 15 17 11 1 7 18 8 4 16 14 2 10 12 6"
"Buffalo Trace Golf Course","IN","Jasper","White","70.1","131","","","5985","4 5 3 4 4 4 3 4 5 4 5 4 4 3 4 4 3 4","5 9 13 3 15 17 11 1 7 18 8 4 16 14 2 10 12 6"
"Buffalo Trace Golf Course","IN","Jasper","Gold","65.3","120","","","5055","4 5 3 4 4 4 3 4 5 4 5 4 4 3 4 4 3 4","5 9 13 3 15 17 11 1 7 18 8 4 16 14 2 10 12 6"
"Buffalo Trace Golf Course","IN","Jasper","Red","","","70.1","125","5055","4 5 3 4 4 4 3 4 5 4 5 4 4 3 4 4 3 4","5 9 13 3 15 17 11 1 7 18 8 4 16 14 2 10 12 6"
"Cardinal Hills Golf Course","IN","Selma","Blue","70.4","117","","","6390","4 4 4 3 5 5 4 3 3 4 4 4 3 4 3 5 5 4","11 9 5 2 7 6 12 15 13 10 14 1 16 8 18 17 3 4"
"Cardinal Hills Golf Course","IN","Selma","White","66.3","109","","","5583","4 4 4 3 5 5 4 3 3 4 4 4 3 4 3 5 5 4","11 9 5 2 7 6 12 15 13 10 14 1 16 8 18 17 3 4"
"Cardinal Hills Golf Course","IN","Selma","Gold","61.2","100","65.2","108","4539","4 4 4 3 5 5 4 3 3 4 4 4 3 4 3 5 5 4","11 9 5 2 7 6 12 15 13 10 14 1 16 8 18 17 3 4"
"Cedar Lake Golf Club","IN","Howe","Black","71.3","127","","","6491","4 4 4 4 5 4 3 3 5 4 4 4 3 4 5 5 3 4","9 11 1 17 5 7 15 13 3 16 12 4 6 8 14 2 18 10"
"Cedar Lake Golf Club","IN","Howe","Red","70.5","126","","","6263","4 4 4 4 5 4 3 3 5 4 4 4 3 4 5 5 3 4","9 11 1 17 5 7 15 13 3 16 12 4 6 8 14 2 18 10"
"Cedar Lake Golf Club","IN","Howe","Red/White","67.8","118","","","5770","4 4 4 4 5 4 3 3 5 4 4 4 3 4 5 5 3 4","9 11 1 17 5 7 15 13 3 16 12 4 6 8 14 2 18 10"
"Cedar Lake Golf Club","IN","Howe","White","65.3","112","70.7","119","5295","4 4 4 4 5 4 3 3 5 4 4 4 3 4 5 5 3 4","9 11 1 17 5 7 15 13 3 16 12 4 6 8 14 2 18 10"
"Cedar Lake Golf Club","IN","Howe","Blue","62.6","105","67.3","113","4701","4 4 4 4 5 4 3 3 5 4 4 4 3 4 5 5 3 4","9 11 1 17 5 7 15 13 3 16 12 4 6 8 14 2 18 10"
"Champions Pointe Golf Club","IN","Henryville","Fuzzy","74.9","141","","","7174","4 3 5 3 4 5 4 4 4 4 3 5 4 4 3 5 4 4","17 13 5 9 15 11 1 3 7 14 16 8 6 10 12 4 18 2"
"Champions Pointe Golf Club","IN","Henryville","Fuzzy/White","73","139","","","6809","4 3 5 3 4 5 4 4 4 4 3 5 4 4 3 5 4 4","17 13 5 9 15 11 1 3 7 14 16 8 6 10 12 4 18 2"
"Champions Pointe Golf Club","IN","Henryville","White","71.6","132","78.1","145","6484","4 3 5 3 4 5 4 4 4 4 3 5 4 4 3 5 4 4","17 13 5 9 15 11 1 3 7 14 16 8 6 10 12 4 18 2"
"Champions Pointe Golf Club","IN","Henryville","Gray","68.5","120","74.4","130","5931","4 3 5 3 4 5 4 4 4 4 3 5 4 4 3 5 4 4","17 13 5 9 15 11 1 3 7 14 16 8 6 10 12 4 18 2"
"Champions Pointe Golf Club","IN","Henryville","Red","65.2","113","70.6","121","5184","4 3 5 3 4 5 4 4 4 4 3 5 4 4 3 5 4 4","17 13 5 9 15 11 1 3 7 14 16 8 6 10 12 4 18 2"
"Champions Pointe Golf Club","IN","Henryville","Pink","","","64.8","107","4116","4 3 5 3 4 5 4 4 4 4 3 5 4 4 3 5 4 4","17 13 5 9 15 11 1 3 7 14 16 8 6 10 12 4 18 2"
"Chariot Run","IN","Laconia","Black","75.3","143","","","7246","4 3 4 3 5 4 4 5 4 4 5 3 4 4 3 4 4 5","5 7 9 15 11 13 3 17 1 8 16 6 18 2 12 4 10 14"
"Chariot Run","IN","Laconia","Blue","73.1","135","","","6728","4 3 4 3 5 4 4 5 4 4 5 3 4 4 3 4 4 5","5 7 9 15 11 13 3 17 1 8 16 6 18 2 12 4 10 14"
"Chariot Run","IN","Laconia","White","70.7","129","","","6174","4 3 4 3 5 4 4 5 4 4 5 3 4 4 3 4 4 5","5 7 9 15 11 13 3 17 1 8 16 6 18 2 12 4 10 14"
"Chariot Run","IN","Laconia","Gold","67","123","72","131","5468","4 3 4 3 5 4 4 5 4 4 5 3 4 4 3 4 4 5","5 7 9 15 11 13 3 17 1 8 16 6 18 2 12 4 10 14"
"Chariot Run","IN","Laconia","Red","64.6","120","69.2","125","4952","4 3 4 3 5 4 4 5 4 4 5 3 4 4 3 4 4 5","5 7 9 15 11 13 3 17 1 8 16 6 18 2 12 4 10 14"
"Chatham Hills Golf Course","IN","Westfield","Black","76","149","","","7334","4 3 4 4 5 4 5 3 4 4 3 4 5 3 4 4 5 4","5 17 11 7 9 1 15 13 3 10 12 4 14 18 6 2 16 8"
"Chatham Hills Golf Course","IN","Westfield","Championship","75","148","","","7155","4 3 4 4 5 4 5 3 4 4 3 4 5 3 4 4 5 4","5 17 11 7 9 1 15 13 3 10 12 4 14 18 6 2 16 8"
"Chatham Hills Golf Course","IN","Westfield","Gold","74.5","147","","","7029","4 3 4 4 5 4 5 3 4 4 3 4 5 3 4 4 5 4","5 17 11 7 9 1 15 13 3 10 12 4 14 18 6 2 16 8"
"Chatham Hills Golf Course","IN","Westfield","Chatham","73.1","143","","","6777","4 3 4 4 5 4 5 3 4 4 3 4 5 3 4 4 5 4","5 17 11 7 9 1 15 13 3 10 12 4 14 18 6 2 16 8"
"Chatham Hills Golf Course","IN","Westfield","Blue","71.1","134","77.9","147","6461","4 3 4 4 5 4 5 3 4 4 3 4 5 3 4 4 5 4","5 17 11 7 9 1 15 13 3 10 12 4 14 18 6 2 16 8"
"Chatham Hills Golf Course","IN","Westfield","Pete","68.8","128","75.3","142","6001","4 3 4 4 5 4 5 3 4 4 3 4 5 3 4 4 5 4","5 17 11 7 9 1 15 13 3 10 12 4 14 18 6 2 16 8"
"Chatham Hills Golf Course","IN","Westfield","White","67.4","121","73.8","139","5717","4 3 4 4 5 4 5 3 4 4 3 4 5 3 4 4 5 4","5 17 11 7 9 1 15 13 3 10 12 4 14 18 6 2 16 8"
"Chatham Hills Golf Course","IN","Westfield","Alice","66","116","71.8","132","5434","4 3 4 4 5 4 5 3 4 4 3 4 5 3 4 4 5 4","5 17 11 7 9 1 15 13 3 10 12 4 14 18 6 2 16 8"
"Chatham Hills Golf Course","IN","Westfield","Green","64.6","106","69.8","122","5039","4 3 4 4 5 4 5 3 4 4 3 4 5 3 4 4 5 4","5 17 11 7 9 1 15 13 3 10 12 4 14 18 6 2 16 8"
"Cherry Hill Golf Club","IN","Fort Wayne","Gold","73.3","134","","","6825","4 3 5 4 4 3 4 5 4 4 4 4 3 5 3 5 4 4","15 17 5 3 1 11 13 9 7 6 16 4 12 14 18 10 2 8"
"Cherry Hill Golf Club","IN","Fort Wayne","Blue","71.4","129","","","6427","4 3 5 4 4 3 4 5 4 4 4 4 3 5 3 5 4 4","15 17 5 3 1 11 13 9 7 6 16 4 12 14 18 10 2 8"
"Cherry Hill Golf Club","IN","Fort Wayne","White","68.7","125","73.7","128","5835","4 3 5 4 4 3 4 5 4 4 4 4 3 5 3 5 4 4","15 17 5 3 1 11 13 9 7 6 16 4 12 14 18 10 2 8"
"Cherry Hill Golf Club","IN","Fort Wayne","Green","66.4","116","71.4","123","5409","4 3 5 4 4 3 4 5 4 4 4 4 3 5 3 5 4 4","15 17 5 3 1 11 13 9 7 6 16 4 12 14 18 10 2 8"
"Cherry Hill Golf Club","IN","Fort Wayne","Red","65","113","69.5","120","5083","4 3 5 4 4 3 4 5 4 4 4 4 3 5 3 5 4 4","15 17 5 3 1 11 13 9 7 6 16 4 12 14 18 10 2 8"
"Chesapeake Run Golf Club","IN","North Judson","Gold","70.5","125","","","6512","4 3 5 4 4 4 5 3 4 4 4 4 4 3 5 4 3 5","8 14 12 4 2 10 6 18 16 7 3 1 15 5 11 17 9 13"
"Chesapeake Run Golf Club","IN","North Judson","Silver","68.5","118","","","5963","4 3 5 4 4 4 5 3 4 4 4 4 4 3 5 4 3 5","8 14 12 4 2 10 6 18 16 7 3 1 15 5 11 17 9 13"
"Chesapeake Run Golf Club","IN","North Judson","Black","","","68.3","114","4985","4 3 5 4 4 4 5 3 4 4 4 4 4 3 5 4 3 5","8 14 12 4 2 10 6 18 16 7 3 1 15 5 11 17 9 13"
"Chestnut Hills Golf Club","IN","Fort Wayne","Blue","74","136","","","6996","4 4 5 4 3 4 3 4 5 4 4 5 4 3 4 3 4 5","13 11 3 1 17 7 15 5 9 10 14 4 12 18 2 16 8 6"
"Chestnut Hills Golf Club","IN","Fort Wayne","White","71.7","133","","","6558","4 4 5 4 3 4 3 4 5 4 4 5 4 3 4 3 4 5","13 11 3 1 17 7 15 5 9 10 14 4 12 18 2 16 8 6"
"Chestnut Hills Golf Club","IN","Fort Wayne","Green","68.9","122","74.8","132","5981","4 4 5 4 3 4 3 4 5 4 4 5 4 3 4 3 4 5","13 11 3 1 17 7 15 5 9 10 14 4 12 18 2 16 8 6"
"Chestnut Hills Golf Club","IN","Fort Wayne","Red","64.5","107","69.3","116","5058","4 4 5 4 3 4 3 4 5 4 4 5 4 3 4 3 4 5","13 11 3 1 17 7 15 5 9 10 14 4 12 18 2 16 8 6"
"Chippendale Golf Course","IN","Kokomo","Blue","71.8","127","","","6685","4 5 3 4 3 5 4 4 4 5 4 4 4 5 4 3 3 5","11 17 9 3 5 7 1 15 13 6 2 4 10 18 16 8 12 14"
"Chippendale Golf Course","IN","Kokomo","White","70.2","125","76.6","134","6360","4 5 3 4 3 5 4 4 4 5 4 4 4 5 4 3 3 5","11 17 9 3 5 7 1 15 13 6 2 4 10 18 16 8 12 14"
"Chippendale Golf Course","IN","Kokomo","Gold","66","106","71.4","120","5485","4 5 3 4 3 5 4 4 4 5 4 4 4 5 4 3 3 5","11 17 9 3 5 7 1 15 13 6 2 4 10 18 16 8 12 14"
"Chippendale Golf Course","IN","Kokomo","Red","63","100","68.7","112","4887","4 5 3 4 3 5 4 4 4 5 4 4 4 5 4 3 3 5","11 17 9 3 5 7 1 15 13 6 2 4 10 18 16 8 12 14"
"Christiana Creek Country Club","IN","Elkhart","Championship","71.4","127","78.1","141","6604","4 5 3 4 3 4 5 4 4 4 4 3 4 5 4 5 3 4","5 7 17 11 15 13 1 9 3 10 8 18 2 4 14 6 16 12"
"Christiana Creek Country Club","IN","Elkhart","White","69.8","126","76","134","6287","4 5 3 4 3 4 5 4 4 4 4 3 4 5 4 5 3 4","5 7 17 11 15 13 1 9 3 10 8 18 2 4 14 6 16 12"
"Christiana Creek Country Club","IN","Elkhart","Yellow","66.5","115","71.5","121","5670","4 5 3 4 3 4 5 4 4 4 4 3 4 5 4 5 3 4","5 7 17 11 15 13 1 9 3 10 8 18 2 4 14 6 16 12"
"Christiana Creek Country Club","IN","Elkhart","Red","65.2","114","70.2","119","5304","4 5 3 4 3 4 5 4 4 4 4 3 4 5 4 5 3 4","5 7 17 11 15 13 1 9 3 10 8 18 2 4 14 6 16 12"
"Clover Meadows Golf Course","IN","Cloverdale","White","70.5","122","","","6243","4 4 4 3 5 4 3 4 5 4 3 5 5 3 4 4 4 4","13 7 3 9 11 15 17 1 5 16 8 4 6 18 14 10 2 12"
"Clover Meadows Golf Course","IN","Cloverdale","Yellow","69.2","120","","","5402","4 4 4 3 5 4 3 4 5 4 3 5 5 3 4 4 4 4","13 7 3 9 11 15 17 1 5 16 8 4 6 18 14 10 2 12"
"Clover Meadows Golf Course","IN","Cloverdale","Red","67.9","118","72","124","4937","4 4 4 3 5 4 3 4 5 4 3 5 5 3 4 4 4 4","13 7 3 9 11 15 17 1 5 16 8 4 6 18 14 10 2 12"
"Clover Meadows Golf Course","IN","Cloverdale","Black","","","70.7","122","4027","4 4 4 3 5 4 3 4 5 4 3 5 5 3 4 4 4 4","13 7 3 9 11 15 17 1 5 16 8 4 6 18 14 10 2 12"
"Cobblestone Golf Course","IN","Kendallville","Black","73.8","133","","","7008","4 4 5 3 4 4 5 3 4 4 4 3 5 4 4 3 4 5","5 3 7 15 13 17 9 11 1 6 2 12 10 4 14 8 16 18"
"Cobblestone Golf Course","IN","Kendallville","Blue","71.8","132","","","6630","4 4 5 3 4 4 5 3 4 4 4 3 5 4 4 3 4 5","5 3 7 15 13 17 9 11 1 6 2 12 10 4 14 8 16 18"
"Cobblestone Golf Course","IN","Kendallville","Gold","69.5","124","75.5","138","6168","4 4 5 3 4 4 5 3 4 4 4 3 5 4 4 3 4 5","5 3 7 15 13 17 9 11 1 6 2 12 10 4 14 8 16 18"
"Cobblestone Golf Course","IN","Kendallville","Silver","67.8","119","72.8","129","5780","4 4 5 3 4 4 5 3 4 4 4 3 5 4 4 3 4 5","5 3 7 15 13 17 9 11 1 6 2 12 10 4 14 8 16 18"
"Cobblestone Golf Course","IN","Kendallville","Forest","","","66.6","113","4734","4 4 5 3 4 4 5 3 4 4 4 3 5 4 4 3 4 5","5 3 7 15 13 17 9 11 1 6 2 12 10 4 14 8 16 18"
"Coffin Golf Course","IN","Indianapolis","Gold","73.5","140","","","6789","5 4 4 3 5 4 3 4 4 4 4 3 4 5 5 3 4 4","10 16 6 18 14 8 12 2 4 3 17 5 13 9 15 11 7 1"
"Coffin Golf Course","IN","Indianapolis","White","69.6","129","75.9","141","6028","5 4 4 3 5 4 3 4 4 4 4 3 4 5 5 3 4 4","10 16 6 18 14 8 12 2 4 3 17 5 13 9 15 11 7 1"
"Coffin Golf Course","IN","Indianapolis","Green","66.3","120","72.2","126","5354","5 4 4 3 5 4 3 4 4 4 4 3 4 5 5 3 4 4","10 16 6 18 14 8 12 2 4 3 17 5 13 9 15 11 7 1"
"Coffin Golf Course","IN","Indianapolis","Red","64.6","117","70.6","123","5063","5 4 4 3 5 4 3 4 4 4 4 3 4 5 5 3 4 4","10 16 6 18 14 8 12 2 4 3 17 5 13 9 15 11 7 1"
"Colonial Oaks Golf Club","IN","Fort Wayne","Black","71.4","130","","","6582","4 4 4 4 5 3 4 3 4 4 4 5 3 5 4 4 3 4","7 9 11 13 5 17 3 15 1 6 4 2 18 10 14 12 16 8"
"Colonial Oaks Golf Club","IN","Fort Wayne","White","68.5","124","","","5939","4 4 4 4 5 3 4 3 4 4 4 5 3 5 4 4 3 4","7 9 11 13 5 17 3 15 1 6 4 2 18 10 14 12 16 8"
"Colonial Oaks Golf Club","IN","Fort Wayne","Green","66.8","115","71.9","126","5586","4 4 4 4 5 3 4 3 4 4 4 5 3 5 4 4 3 4","7 9 11 13 5 17 3 15 1 6 4 2 18 10 14 12 16 8"
"Colonial Oaks Golf Club","IN","Fort Wayne","Gold","62.9","108","67.5","110","4996","4 4 4 4 5 3 4 3 4 4 4 5 3 5 4 4 3 4","7 9 11 13 5 17 3 15 1 6 4 2 18 10 14 12 16 8"
"Country Club of Terre Haute","IN","Terre Haute","Blue","70.3","126","","","6304","5 4 3 4 4 5 3 4 4 3 4 4 3 5 4 3 4 5","9 5 17 11 13 1 15 7 3 16 14 4 10 2 12 18 8 6"
"Country Club of Terre Haute","IN","Terre Haute","Blue/White","69","123","","","6024","5 4 3 4 4 5 3 4 4 3 4 4 3 5 4 3 4 5","9 5 17 11 13 1 15 7 3 16 14 4 10 2 12 18 8 6"
"Country Club of Terre Haute","IN","Terre Haute","White","67.7","121","73.1","125","5721","5 4 3 4 4 5 3 4 4 3 4 4 3 5 4 3 4 5","9 5 17 11 13 1 15 7 3 16 14 4 10 2 12 18 8 6"
"Country Club of Terre Haute","IN","Terre Haute","White/Green","66.5","118","","","5457","5 4 3 4 4 5 3 4 4 3 4 4 3 5 4 3 4 5","9 5 17 11 13 1 15 7 3 16 14 4 10 2 12 18 8 6"
"Country Club of Terre Haute","IN","Terre Haute","Green","64.9","113","69.5","122","5171","5 4 3 4 4 5 3 4 4 3 4 4 3 5 4 3 4 5","9 5 17 11 13 1 15 7 3 16 14 4 10 2 12 18 8 6"
"Country Club of Terre Haute","IN","Terre Haute","Red","","","66.9","118","4715","5 4 3 4 4 5 3 4 4 3 4 4 3 5 4 3 4 5","9 5 17 11 13 1 15 7 3 16 14 4 10 2 12 18 8 6"
"Country Oaks Golf Course","IN","Montgomery","Gold","73.9","129","","","7124","5 3 4 4 4 5 4 3 4 4 3 5 4 3 5 4 4 4","7 17 11 5 3 9 1 15 13 14 16 6 18 8 2 10 4 12"
"Country Oaks Golf Course","IN","Montgomery","Blue","72","125","","","6719","5 3 4 4 4 5 4 3 4 4 3 5 4 3 5 4 4 4","7 17 11 5 3 9 1 15 13 14 16 6 18 8 2 10 4 12"
"Country Oaks Golf Course","IN","Montgomery","Green","68.8","119","","","6063","5 3 4 4 4 5 4 3 4 4 3 5 4 3 5 4 4 4","7 17 11 5 3 9 1 15 13 14 16 6 18 8 2 10 4 12"
"Country Oaks Golf Course","IN","Montgomery","White","65.4","110","","","5341","5 3 4 4 4 5 4 3 4 4 3 5 4 3 5 4 4 4","7 17 11 5 3 9 1 15 13 14 16 6 18 8 2 10 4 12"
"Country Oaks Golf Course","IN","Montgomery","Red","","","68.2","112","4983","5 3 4 4 4 5 4 3 4 4 3 5 4 3 5 4 4 4","7 17 11 5 3 9 1 15 13 14 16 6 18 8 2 10 4 12"
"Covered Bridge Golf Club","IN","Sellersburg","Fuzzy","74.1","135","","","7068","4 4 3 4 5 4 4 3 5 4 4 3 4 5 4 4 3 5","17 3 15 7 1 11 13 5 9 6 16 14 4 8 12 2 18 10"
"Covered Bridge Golf Club","IN","Sellersburg","Black","72.8","134","","","6832","4 4 3 4 5 4 4 3 5 4 4 3 4 5 4 4 3 5","17 3 15 7 1 11 13 5 9 6 16 14 4 8 12 2 18 10"
"Covered Bridge Golf Club","IN","Sellersburg","Gold","70.7","132","76.6","133","6372","4 4 3 4 5 4 4 3 5 4 4 3 4 5 4 4 3 5","17 3 15 7 1 11 13 5 9 6 16 14 4 8 12 2 18 10"
"Covered Bridge Golf Club","IN","Sellersburg","Green","68.7","125","74.2","129","5943","4 4 3 4 5 4 4 3 5 4 4 3 4 5 4 4 3 5","17 3 15 7 1 11 13 5 9 6 16 14 4 8 12 2 18 10"
"Covered Bridge Golf Club","IN","Sellersburg","Grey","63.6","108","68.4","119","4957","4 4 3 4 5 4 4 3 5 4 4 3 4 5 4 4 3 5","17 3 15 7 1 11 13 5 9 6 16 14 4 8 12 2 18 10"
"Covered Bridge Golf Club","IN","Sellersburg","Pink","","","63.3","104","4126","4 4 3 4 5 4 4 3 5 4 4 3 4 5 4 4 3 5","17 3 15 7 1 11 13 5 9 6 16 14 4 8 12 2 18 10"
"Coyote Creek Golf Club","IN","Fort Wayne","Black","74.2","132","","","6992","5 5 3 4 4 4 3 4 4 4 4 4 4 3 5 4 3 5","13 9 15 7 5 3 11 17 1 6 8 18 10 16 4 2 12 14"
"Coyote Creek Golf Club","IN","Fort Wayne","Blue","71.9","128","","","6548","5 5 3 4 4 4 3 4 4 4 4 4 4 3 5 4 3 5","13 9 15 7 5 3 11 17 1 6 8 18 10 16 4 2 12 14"
"Coyote Creek Golf Club","IN","Fort Wayne","White","70","128","76.3","133","6186","5 5 3 4 4 4 3 4 4 4 4 4 4 3 5 4 3 5","13 9 15 7 5 3 11 17 1 6 8 18 10 16 4 2 12 14"
"Coyote Creek Golf Club","IN","Fort Wayne","Green","67.9","124","73.5","126","5769","5 5 3 4 4 4 3 4 4 4 4 4 4 3 5 4 3 5","13 9 15 7 5 3 11 17 1 6 8 18 10 16 4 2 12 14"
"Coyote Creek Golf Club","IN","Fort Wayne","Silver","65.9","118","70.9","120","5327","5 5 3 4 4 4 3 4 4 4 4 4 4 3 5 4 3 5","13 9 15 7 5 3 11 17 1 6 8 18 10 16 4 2 12 14"
"Coyote Creek Golf Club","IN","Fort Wayne","Gold","","","69.1","118","5009","5 5 3 4 4 4 3 4 4 4 4 4 4 3 5 4 3 5","13 9 15 7 5 3 11 17 1 6 8 18 10 16 4 2 12 14"
"Coyote Crossing Golf Club","IN","West Lafayette","Black","72.9","140","","","6839","4 5 4 4 3 4 4 3 5 4 4 5 3 4 5 4 3 4","18 8 16 4 6 2 10 14 12 5 15 9 11 1 13 3 17 7"
"Coyote Crossing Golf Club","IN","West Lafayette","Burgundy","70.9","131","","","6441","4 5 4 4 3 4 4 3 5 4 4 5 3 4 5 4 3 4","18 8 16 4 6 2 10 14 12 5 15 9 11 1 13 3 17 7"
"Coyote Crossing Golf Club","IN","West Lafayette","Burgundy/Tan","70.1","130","","","6213","4 5 4 4 3 4 4 3 5 4 4 5 3 4 5 4 3 4","18 8 16 4 6 2 10 14 12 5 15 9 11 1 13 3 17 7"
"Coyote Crossing Golf Club","IN","West Lafayette","Tan","69.7","120","","","6007","4 5 4 4 3 4 4 3 5 4 4 5 3 4 5 4 3 4","18 8 16 4 6 2 10 14 12 5 15 9 11 1 13 3 17 7"
"Coyote Crossing Golf Club","IN","West Lafayette","Tan/Green","68","119","","","5714","4 5 4 4 3 4 4 3 5 4 4 5 3 4 5 4 3 4","18 8 16 4 6 2 10 14 12 5 15 9 11 1 13 3 17 7"
"Coyote Crossing Golf Club","IN","West Lafayette","Green","66.8","116","71.8","128","5459","4 5 4 4 3 4 4 3 5 4 4 5 3 4 5 4 3 4","18 8 16 4 6 2 10 14 12 5 15 9 11 1 13 3 17 7"
"Coyote Crossing Golf Club","IN","West Lafayette","Navy","63.8","101","68.7","116","4881","4 5 4 4 3 4 4 3 5 4 4 5 3 4 5 4 3 4","18 8 16 4 6 2 10 14 12 5 15 9 11 1 13 3 17 7"
"Crawfordsville Golf Course","IN","Crawfordsville","White","70.7","121","","","6384","4 3 5 4 4 4 3 5 4 3 4 3 4 4 4 5 4 5","10 4 8 12 2 16 6 14 18 5 3 7 17 11 9 15 1 13"
"Crawfordsville Golf Course","IN","Crawfordsville","Yellow","69.2","117","","","5783","4 3 5 4 4 4 3 5 4 3 4 3 4 4 4 5 4 5","10 4 8 12 2 16 6 14 18 5 3 7 17 11 9 15 1 13"
"Crawfordsville Golf Course","IN","Crawfordsville","Green","66.1","111","","","5181","4 3 5 4 4 4 3 5 4 3 4 3 4 4 4 5 4 5","10 4 8 12 2 16 6 14 18 5 3 7 17 11 9 15 1 13"
"Crawfordsville Golf Course","IN","Crawfordsville","Red","65.9","107","66.9","109","4810","4 3 5 4 4 4 3 5 4 3 4 3 4 4 4 5 4 5","10 4 8 12 2 16 6 14 18 5 3 7 17 11 9 15 1 13"
"Crawfordsville Golf Course","IN","Crawfordsville","Silver","","","66","107","4595","4 3 5 4 4 4 3 5 4 3 4 3 4 4 4 5 4 5","10 4 8 12 2 16 6 14 18 5 3 7 17 11 9 15 1 13"
"Creekside Golf Course","IN","Valparaiso","Black","73.1","123","","","6540","5 4 4 4 4 4 3 5 3 5 4 4 4 4 4 3 5 3","3 7 9 13 5 11 15 1 17 2 6 8 12 4 10 14 16 18"
"Creekside Golf Course","IN","Valparaiso","Silver","69.2","117","70.2","119","5778","5 4 4 4 4 4 3 5 3 5 4 4 4 4 4 3 5 3","3 7 9 13 5 11 15 1 17 2 6 8 12 4 10 14 16 18"
"Creekside Golf Course","IN","Valparaiso","Green","65.9","107","66.9","109","4874","5 4 4 4 4 4 3 5 3 5 4 4 4 4 4 3 5 3","3 7 9 13 5 11 15 1 17 2 6 8 12 4 10 14 16 18"
"Crestview Golf Club","IN","Muncie","Blue","69.7","119","","","6168","4 5 3 5 4 3 4 4 3 5 4 4 4 3 4 4 4 4","11 15 13 1 7 5 3 17 9 10 12 2 16 14 6 4 8 18"
"Crestview Golf Club","IN","Muncie","White","67.3","113","73.1","125","5687","4 5 3 5 4 3 4 4 3 5 4 4 4 3 4 4 4 4","11 15 13 1 7 5 3 17 9 10 12 2 16 14 6 4 8 18"
"Crestview Golf Club","IN","Muncie","Red","","","69.4","116","5132","4 5 3 5 4 3 4 4 3 5 4 4 4 3 4 4 4 4","11 15 13 1 7 5 3 17 9 10 12 2 16 14 6 4 8 18"
"Crooked Stick Golf Club","IN","Carmel","Black","77.5","150","","","7497","4 4 3 4 5 3 4 4 5 4 5 4 3 4 5 4 3 4","9 11 17 3 5 13 15 1 7 14 8 4 18 2 10 12 16 6"
"Crooked Stick Golf Club","IN","Carmel","Gold","75.7","144","","","7171","4 4 3 4 5 3 4 4 5 4 5 4 3 4 5 4 3 4","9 11 17 3 5 13 15 1 7 14 8 4 18 2 10 12 16 6"
"Crooked Stick Golf Club","IN","Carmel","Gold/Blue","74.1","142","","","6938","4 4 3 4 5 3 4 4 5 4 5 4 3 4 5 4 3 4","9 11 17 3 5 13 15 1 7 14 8 4 18 2 10 12 16 6"
"Crooked Stick Golf Club","IN","Carmel","Blue","72","135","78.8","145","6592","4 4 3 4 5 3 4 4 5 4 5 4 3 4 5 4 3 4","9 11 17 3 5 13 15 1 7 14 8 4 18 2 10 12 16 6"
"Crooked Stick Golf Club","IN","Carmel","Blue/White","70","133","76.5","140","6170","4 4 3 4 5 3 4 4 5 4 5 4 3 4 5 4 3 4","9 11 17 3 5 13 15 1 7 14 8 4 18 2 10 12 16 6"
"Crooked Stick Golf Club","IN","Carmel","White","68.1","127","74.4","133","5821","4 4 3 4 5 3 4 4 5 4 5 4 3 4 5 4 3 4","9 11 17 3 5 13 15 1 7 14 8 4 18 2 10 12 16 6"
"Crooked Stick Golf Club","IN","Carmel","White/Red","66.1","120","71.4","129","5444","4 4 3 4 5 3 4 4 5 4 5 4 3 4 5 4 3 4","9 11 17 3 5 13 15 1 7 14 8 4 18 2 10 12 16 6"
"Crooked Stick Golf Club","IN","Carmel","Red","64.9","118","69.9","128","5113","4 4 3 4 5 3 4 4 5 4 5 4 3 4 5 4 3 4","9 11 17 3 5 13 15 1 7 14 8 4 18 2 10 12 16 6"
"Cross Creek Golf Club","IN","Decatur","Blue","70","122","","","6184","5 3 4 4 3 4 3 5 4 4 3 5 3 4 5 3 4 5","17 13 7 3 11 5 15 1 9 8 10 4 6 2 16 12 14 18"
"Cross Creek Golf Club","IN","Decatur","White","68.3","119","","","5783","5 3 4 4 3 4 3 5 4 4 3 5 3 4 5 3 4 5","17 13 7 3 11 5 15 1 9 8 10 4 6 2 16 12 14 18"
"Cross Creek Golf Club","IN","Decatur","Gold","65.3","112","69.8","118","5190","5 3 4 4 3 4 3 5 4 4 3 5 3 4 5 3 4 5","17 13 7 3 11 5 15 1 9 8 10 4 6 2 16 12 14 18"
"Cross Creek Golf Club","IN","Decatur","Red","62.8","100","67","113","4716","5 3 4 4 3 4 3 5 4 4 3 5 3 4 5 3 4 5","17 13 7 3 11 5 15 1 9 8 10 4 6 2 16 12 14 18"
"Curtis Creek Golf Course","IN","Rensselaer","White","70","122","","","6284","4 4 4 4 3 5 3 5 4 4 4 5 5 3 4 3 3 5","3 7 5 15 11 13 9 1 17 6 16 14 2 8 12 4 10 18"
"Curtis Creek Golf Course","IN","Rensselaer","Gold","65.6","108","","","5319","4 4 4 4 3 5 3 5 4 4 4 5 5 3 4 3 3 5","3 7 5 15 11 13 9 1 17 6 16 14 2 8 12 4 10 18"
"Curtis Creek Golf Course","IN","Rensselaer","Red","63","101","67.3","114","4722","4 4 4 4 3 5 3 5 4 4 4 5 5 3 4 3 3 5","3 7 5 15 11 13 9 1 17 6 16 14 2 8 12 4 10 18"
"Curtis Creek Golf Course","IN","Rensselaer","Green","60.2","97","62.4","97","3869","4 4 4 4 3 5 3 5 4 4 4 5 5 3 4 3 3 5","3 7 5 15 11 13 9 1 17 6 16 14 2 8 12 4 10 18"
"Deer Creek Golf Club","IN","Clayton","Black","72.8","132","","","6695","5 4 3 4 4 4 4 3 5 4 3 4 5 3 5 3 4 4","13 1 15 9 7 5 3 11 17 8 14 2 4 18 12 10 6 16"
"Deer Creek Golf Club","IN","Clayton","White","71.4","129","","","6032","5 4 3 4 4 4 4 3 5 4 3 4 5 3 5 3 4 4","13 1 15 9 7 5 3 11 17 8 14 2 4 18 12 10 6 16"
"Deer Creek Golf Club","IN","Clayton","Gold","65","118","68.8","116","5033","5 4 3 4 4 4 4 3 5 4 3 4 5 3 5 3 4 4","13 1 15 9 7 5 3 11 17 8 14 2 4 18 12 10 6 16"
"Deer Track Golf","IN","Frankfort","Blue","72.6","129","","","6640","4 4 4 4 5 5 3 4 3 5 4 3 4 5 3 4 4 4","3 11 9 5 1 7 17 13 15 16 12 18 6 8 14 10 4 2"
"Deer Track Golf","IN","Frankfort","White","71.2","125","","","6329","4 4 4 4 5 5 3 4 3 5 4 3 4 5 3 4 4 4","3 11 9 5 1 7 17 13 15 16 12 18 6 8 14 10 4 2"
"Deer Track Golf","IN","Frankfort","Gold","66.9","113","71.8","124","5419","4 4 4 4 5 5 3 4 3 5 4 3 4 5 3 4 4 4","3 11 9 5 1 7 17 13 15 16 12 18 6 8 14 10 4 2"
"Deer Track Golf","IN","Frankfort","Green","","","68.6","117","4855","4 4 4 4 5 5 3 4 3 5 4 3 4 5 3 4 4 4","3 11 9 5 1 7 17 13 15 16 12 18 6 8 14 10 4 2"
"Deer Track Golf","IN","Frankfort","Orange","57.1","85","59.4","89","3177","4 4 4 4 5 5 3 4 3 5 4 3 4 5 3 4 4 4","3 11 9 5 1 7 17 13 15 16 12 18 6 8 14 10 4 2"
"Delaware Country Club","IN","Muncie","Gold","71.5","134","","","6438","4 4 4 5 4 3 4 3 4 4 4 4 4 3 5 3 4 4","4 10 14 2 6 18 8 16 12 5 11 1 9 13 3 17 15 7"
"Delaware Country Club","IN","Muncie","Blue","70.2","128","","","6065","4 4 4 5 4 3 4 3 4 4 4 4 4 3 5 3 4 4","4 10 14 2 6 18 8 16 12 5 11 1 9 13 3 17 15 7"
"Delaware Country Club","IN","Muncie","White","67.1","125","","","5419","4 4 4 5 4 3 4 3 4 4 4 4 4 3 5 3 4 4","4 10 14 2 6 18 8 16 12 5 11 1 9 13 3 17 15 7"
"Delaware Country Club","IN","Muncie","Green","","","70.3","124","5179","4 4 4 5 4 3 4 3 4 4 4 4 4 3 5 3 4 4","4 10 14 2 6 18 8 16 12 5 11 1 9 13 3 17 15 7"
"Duck Creek Golf Course","IN","Hobart","Blue","67.2","113","","","5519","4 3 5 3 4 4 4 5 4 3 4 4 4 3 4 3 5 4","14 16 8 18 2 4 12 6 10 13 11 9 5 15 1 17 3 7"
"Duck Creek Golf Course","IN","Hobart","White","64.1","107","","","5286","4 3 5 3 4 4 4 5 4 3 4 4 4 3 4 3 5 4","14 16 8 18 2 4 12 6 10 13 11 9 5 15 1 17 3 7"
"Duck Creek Golf Course","IN","Hobart","Red","","","63.1","99","4345","4 3 5 3 4 4 4 5 4 3 4 4 4 3 4 3 5 4","14 16 8 18 2 4 12 6 10 13 11 9 5 15 1 17 3 7"
"Dye's Walk Country Club","IN","Greenwood","Blue","71.8","127","","","6479","4 4 3 5 4 4 5 3 4 4 4 4 3 4 4 5 3 4","7 13 15 3 11 9 1 17 5 4 14 12 18 6 10 2 16 8"
"Dye's Walk Country Club","IN","Greenwood","Blue/White","70.7","125","","","6272","4 4 3 5 4 4 5 3 4 4 4 4 3 4 4 5 3 4","7 13 15 3 11 9 1 17 5 4 14 12 18 6 10 2 16 8"
"Dye's Walk Country Club","IN","Greenwood","White","69.8","124","75.7","132","6128","4 4 3 5 4 4 5 3 4 4 4 4 3 4 4 5 3 4","7 13 15 3 11 9 1 17 5 4 14 12 18 6 10 2 16 8"
"Dye's Walk Country Club","IN","Greenwood","White/Gold","67.9","116","","","5733","4 4 3 5 4 4 5 3 4 4 4 4 3 4 4 5 3 4","7 13 15 3 11 9 1 17 5 4 14 12 18 6 10 2 16 8"
"Dye's Walk Country Club","IN","Greenwood","Gold","66.6","114","71.7","120","5434","4 4 3 5 4 4 5 3 4 4 4 4 3 4 4 5 3 4","7 13 15 3 11 9 1 17 5 4 14 12 18 6 10 2 16 8"
"Dye's Walk Country Club","IN","Greenwood","Red","66.1","112","70.9","117","5317","4 4 3 5 4 4 5 3 4 4 4 4 3 4 4 5 3 4","7 13 15 3 11 9 1 17 5 4 14 12 18 6 10 2 16 8"
"Eagle Creek Golf Club","IN","Indianapolis","Blue","73.1","131","","","6986","4 4 4 3 4 5 4 3 5 5 4 3 4 4 3 4 5 4","7 13 1 15 5 11 9 17 3 10 2 18 16 8 6 12 14 4"
"Eagle Creek Golf Club","IN","Indianapolis","White","70.6","122","76.4","137","6446","4 4 4 3 4 5 4 3 5 5 4 3 4 4 3 4 5 4","7 13 1 15 5 11 9 17 3 10 2 18 16 8 6 12 14 4"
"Eagle Creek Golf Club","IN","Indianapolis","Green","66.4","107","71.4","116","5528","4 4 4 3 4 5 4 3 5 5 4 3 4 4 3 4 5 4","7 13 1 15 5 11 9 17 3 10 2 18 16 8 6 12 14 4"
"Eagle Creek Golf Club","IN","Indianapolis","Red","64.1","101","68.5","111","4982","4 4 4 3 4 5 4 3 5 5 4 3 4 4 3 4 5 4","7 13 1 15 5 11 9 17 3 10 2 18 16 8 6 12 14 4"
"Eberhart Petro Golf Course","IN","Mishawaka","Blue","68","115","","","5924","5 4 5 4 3 3 4 4 4 4 3 4 4 4 3 4 3 5","1 9 3 5 11 7 13 17 15 18 2 8 16 4 12 6 10 14"
"Eberhart Petro Golf Course","IN","Mishawaka","White","65.8","109","","","5502","5 4 5 4 3 3 4 4 4 4 3 4 4 4 3 4 3 5","1 9 3 5 11 7 13 17 15 18 2 8 16 4 12 6 10 14"
"Eberhart Petro Golf Course","IN","Mishawaka","Red","63.1","104","68.1","113","5062","5 4 5 4 3 3 4 4 4 4 3 4 4 4 3 4 3 5","1 9 3 5 11 7 13 17 15 18 2 8 16 4 12 6 10 14"
"Eel River Golf Course","IN","Churubusco","Blue","68.3","114","73.8","124","5957","4 4 4 3 5 3 4 4 4 4 4 3 4 5 4 3 4 5","8 14 16 10 2 12 18 4 6 1 13 5 3 7 15 17 11 9"
"Eel River Golf Course","IN","Churubusco","White","65.9","110","71.3","118","5511","4 4 4 3 5 3 4 4 4 4 4 3 4 5 4 3 4 5","8 14 16 10 2 12 18 4 6 1 13 5 3 7 15 17 11 9"
"Eel River Golf Course","IN","Churubusco","Red","63.6","103","67.9","111","4923","4 4 4 3 5 3 4 4 4 4 4 3 4 5 4 3 4 5","8 14 16 10 2 12 18 4 6 1 13 5 3 7 15 17 11 9"
"Elbel Golf Course","IN","South Bend","Black","73.3","130","","","6890","4 5 4 3 4 5 4 3 4 4 5 4 3 4 5 4 3 4","1 13 7 17 3 11 15 9 5 2 10 18 6 16 8 12 14 4"
"Elbel Golf Course","IN","South Bend","Blue","71","127","","","6441","4 5 4 3 4 5 4 3 4 4 5 4 3 4 5 4 3 4","1 13 7 17 3 11 15 9 5 2 10 18 6 16 8 12 14 4"
"Elbel Golf Course","IN","South Bend","White","69.7","123","75.9","133","6109","4 5 4 3 4 5 4 3 4 4 5 4 3 4 5 4 3 4","1 13 7 17 3 11 15 9 5 2 10 18 6 16 8 12 14 4"
"Elbel Golf Course","IN","South Bend","Gold","65.3","107","70.2","120","5159","4 5 4 3 4 5 4 3 4 4 5 4 3 4 5 4 3 4","1 13 7 17 3 11 15 9 5 2 10 18 6 16 8 12 14 4"
"Elcona Country Club","IN","Bristol","Black","74","135","","","6880","4 4 3 5 4 4 5 3 4 4 3 4 3 5 4 5 4 4","17 5 13 7 3 1 9 15 11 16 14 2 18 10 6 4 8 12"
"Elcona Country Club","IN","Bristol","Blue","72.3","133","","","6530","4 4 3 5 4 4 5 3 4 4 3 4 3 5 4 5 4 4","17 5 13 7 3 1 9 15 11 16 14 2 18 10 6 4 8 12"
"Elcona Country Club","IN","Bristol","Blue/White","70.4","131","76.5","134","6179","4 4 3 5 4 4 5 3 4 4 3 4 3 5 4 5 4 4","17 5 13 7 3 1 9 15 11 16 14 2 18 10 6 4 8 12"
"Elcona Country Club","IN","Bristol","White","69.3","128","75.3","132","5957","4 4 3 5 4 4 5 3 4 4 3 4 3 5 4 5 4 4","17 5 13 7 3 1 9 15 11 16 14 2 18 10 6 4 8 12"
"Elcona Country Club","IN","Bristol","Green","66.3","120","71.6","127","5330","4 4 3 5 4 4 5 3 4 4 3 4 3 5 4 5 4 4","17 5 13 7 3 1 9 15 11 16 14 2 18 10 6 4 8 12"
"Elk Run Golf Club","IN","Jeffersonville","Gold","74.1","134","","","6923","4 5 4 3 4 4 5 3 4 5 4 4 3 5 4 4 3 4","14 16 2 8 4 6 10 18 12 15 11 1 7 17 3 9 5 13"
"Elk Run Golf Club","IN","Jeffersonville","Gold/Black","72.7","133","","","6687","4 5 4 3 4 4 5 3 4 5 4 4 3 5 4 4 3 4","14 16 2 8 4 6 10 18 12 15 11 1 7 17 3 9 5 13"
"Elk Run Golf Club","IN","Jeffersonville","Black","71.8","131","","","6498","4 5 4 3 4 4 5 3 4 5 4 4 3 5 4 4 3 4","14 16 2 8 4 6 10 18 12 15 11 1 7 17 3 9 5 13"
"Elk Run Golf Club","IN","Jeffersonville","Black/White","69.7","127","","","6114","4 5 4 3 4 4 5 3 4 5 4 4 3 5 4 4 3 4","14 16 2 8 4 6 10 18 12 15 11 1 7 17 3 9 5 13"
"Elk Run Golf Club","IN","Jeffersonville","White","68.2","123","73.8","126","5831","4 5 4 3 4 4 5 3 4 5 4 4 3 5 4 4 3 4","14 16 2 8 4 6 10 18 12 15 11 1 7 17 3 9 5 13"
"Elk Run Golf Club","IN","Jeffersonville","Green","65.8","116","70.6","121","5352","4 5 4 3 4 4 5 3 4 5 4 4 3 5 4 4 3 4","14 16 2 8 4 6 10 18 12 15 11 1 7 17 3 9 5 13"
"Elwood Golf Course","IN","Elwood","Black","71.9","128","","","6646","4 4 4 4 5 3 4 3 4 4 5 5 3 4 4 3 4 4","15 13 3 11 7 17 1 9 5 16 12 2 10 4 18 6 14 8"
"Elwood Golf Course","IN","Elwood","Blue","69.9","128","","","6214","4 4 4 4 5 3 4 3 4 4 5 5 3 4 4 3 4 4","15 13 3 11 7 17 1 9 5 16 12 2 10 4 18 6 14 8"
"Elwood Golf Course","IN","Elwood","White","68.3","123","73.8","126","5890","4 4 4 4 5 3 4 3 4 4 5 5 3 4 4 3 4 4","15 13 3 11 7 17 1 9 5 16 12 2 10 4 18 6 14 8"
"Elwood Golf Course","IN","Elwood","Red","64","109","68.7","112","5012","4 4 4 4 5 3 4 3 4 4 5 5 3 4 4 3 4 4","15 13 3 11 7 17 1 9 5 16 12 2 10 4 18 6 14 8"
"Erskine Golf Course","IN","South Bend","Black","68.4","117","","","5940","4 4 4 3 5 3 4 4 4 5 3 4 4 3 4 5 3 4","13 5 15 1 9 11 7 3 17 4 14 18 2 12 16 10 8 6"
"Erskine Golf Course","IN","South Bend","Blue","67","115","","","5667","4 4 4 3 5 3 4 4 4 5 3 4 4 3 4 5 3 4","13 5 15 1 9 11 7 3 17 4 14 18 2 12 16 10 8 6"
"Erskine Golf Course","IN","South Bend","White","64.3","111","69.6","117","5112","4 4 4 3 5 3 4 4 4 5 3 4 4 3 4 5 3 4","13 5 15 1 9 11 7 3 17 4 14 18 2 12 16 10 8 6"
"Erskine Golf Course","IN","South Bend","Gold","62.3","105","66.6","115","4653","4 4 4 3 5 3 4 4 4 5 3 4 4 3 4 5 3 4","13 5 15 1 9 11 7 3 17 4 14 18 2 12 16 10 8 6"
"Evansville Country Club","IN","Evansville","Gold","71.1","136","","","6203","4 4 3 4 4 3 4 3 5 4 3 4 5 3 4 4 5 4","5 7 15 1 11 13 3 17 9 12 16 4 6 18 14 2 8 10"
"Evansville Country Club","IN","Evansville","Gold/Blue","70.2","135","","","6043","4 4 3 4 4 3 4 3 5 4 3 4 5 3 4 4 5 4","5 7 15 1 11 13 3 17 9 12 16 4 6 18 14 2 8 10"
"Evansville Country Club","IN","Evansville","Blue","69.1","132","75.6","135","5804","4 4 3 4 4 3 4 3 5 4 3 4 5 3 4 4 5 4","5 7 15 1 11 13 3 17 9 12 16 4 6 18 14 2 8 10"
"Evansville Country Club","IN","Evansville","Blue/White","67.5","126","73.2","131","5442","4 4 3 4 4 3 4 3 5 4 3 4 5 3 4 4 5 4","5 7 15 1 11 13 3 17 9 12 16 4 6 18 14 2 8 10"
"Evansville Country Club","IN","Evansville","White","65.9","120","71.1","127","5124","4 4 3 4 4 3 4 3 5 4 3 4 5 3 4 4 5 4","5 7 15 1 11 13 3 17 9 12 16 4 6 18 14 2 8 10"
"Evansville Country Club","IN","Evansville","Red","","","68.8","122","4771","4 4 3 4 4 3 4 3 5 4 3 4 5 3 4 4 5 4","5 7 15 1 11 13 3 17 9 12 16 4 6 18 14 2 8 10"
"Fall Creek Golf Club","IN","Pendleton","Back","70.2","119","","","6358","4 3 5 4 4 4 5 4 3 3 4 4 4 5 4 4 4 4","8 16 10 14 18 4 6 2 12 9 1 17 5 7 11 15 13 3"
"Fall Creek Golf Club","IN","Pendleton","Middle","66","113","71.1","118","5488","4 3 5 4 4 4 5 4 3 3 4 4 4 5 4 4 4 4","8 16 10 14 18 4 6 2 12 9 1 17 5 7 11 15 13 3"
"Fall Creek Golf Club","IN","Pendleton","Front","63.1","104","67.3","112","4789","4 3 5 4 4 4 5 4 3 3 4 4 4 5 4 4 4 4","8 16 10 14 18 4 6 2 12 9 1 17 5 7 11 15 13 3"
"Fendrich Golf Course","IN","Evansville","Blue","67.5","115","","","5888","4 4 4 3 4 4 5 3 4 4 3 4 4 5 3 4 4 4","15 13 17 1 11 5 3 9 7 4 14 10 6 2 16 8 18 12"
"Fendrich Golf Course","IN","Evansville","White","66.3","112","","","5630","4 4 4 3 4 4 5 3 4 4 3 4 4 5 3 4 4 4","15 13 17 1 11 5 3 9 7 4 14 10 6 2 16 8 18 12"
"Fendrich Golf Course","IN","Evansville","Yellow","65","111","","","5353","4 4 4 3 4 4 5 3 4 4 3 4 4 5 3 4 4 4","15 13 17 1 11 5 3 9 7 4 14 10 6 2 16 8 18 12"
"Fendrich Golf Course","IN","Evansville","Red","","","68.7","115","5140","4 4 4 3 4 4 5 3 4 4 3 4 4 5 3 4 4 4","15 13 17 1 11 5 3 9 7 4 14 10 6 2 16 8 18 12"
"Forest Hills Country Club","IN","Richmond","Black","71.9","134","","","6427","4 4 4 5 3 4 5 4 3 3 4 4 4 4 3 4 4 5","13 1 15 7 17 3 9 5 11 6 12 14 16 8 18 10 2 4"
"Forest Hills Country Club","IN","Richmond","Bronze","70.8","131","","","6177","4 4 4 5 3 4 5 4 3 3 4 4 4 4 3 4 4 5","13 1 15 7 17 3 9 5 11 6 12 14 16 8 18 10 2 4"
"Forest Hills Country Club","IN","Richmond","Yellow","67.8","121","","","5614","4 4 4 5 3 4 5 4 3 3 4 4 4 4 3 4 4 5","13 1 15 7 17 3 9 5 11 6 12 14 16 8 18 10 2 4"
"Forest Hills Country Club","IN","Richmond","Red","","","72.8","133","5587","4 4 4 5 3 4 5 4 3 3 4 4 4 4 3 4 4 5","13 1 15 7 17 3 9 5 11 6 12 14 16 8 18 10 2 4"
"Forest Park Golf Course","IN","Valparaiso","Blue","69.2","120","","","5843","4 5 4 3 4 5 4 3 4 3 3 4 4 4 5 4 3 4","1 3 7 17 9 13 11 15 5 12 10 6 4 8 2 16 18 14"
"Forest Park Golf Course","IN","Valparaiso","White","68.1","118","","","5642","4 5 4 3 4 5 4 3 4 3 3 4 4 4 5 4 3 4","1 3 7 17 9 13 11 15 5 12 10 6 4 8 2 16 18 14"
"Forest Park Golf Course","IN","Valparaiso","Red","65.6","115","70.8","117","5178","4 5 4 3 4 5 4 3 4 3 3 4 4 4 5 4 3 4","1 3 7 17 9 13 11 15 5 12 10 6 4 8 2 16 18 14"
"Forest Park Golf Course","IN","Valparaiso","Yellow","62.1","99","64.8","107","4196","4 5 4 3 4 5 4 3 4 3 3 4 4 4 5 4 3 4","1 3 7 17 9 13 11 15 5 12 10 6 4 8 2 16 18 14"
"Foster Park Golf Course","IN","Fort Wayne","Black","72.2","118","","","6812","4 3 4 5 4 4 4 5 3 4 4 3 3 4 5 4 5 3","1 9 11 3 5 15 13 7 17 4 14 18 12 6 10 2 8 16"
"Foster Park Golf Course","IN","Fort Wayne","White","70.1","115","","","6404","4 3 4 5 4 4 4 5 3 4 4 3 3 4 5 4 5 3","1 9 11 3 5 15 13 7 17 4 14 18 12 6 10 2 8 16"
"Foster Park Golf Course","IN","Fort Wayne","Green","64.6","106","","","5298","4 3 4 5 4 4 4 5 3 4 4 3 3 4 5 4 5 3","1 9 11 3 5 15 13 7 17 4 14 18 12 6 10 2 8 16"
"Foster Park Golf Course","IN","Fort Wayne","Red","61.6","100","66","104","4650","4 3 4 5 4 4 4 5 3 4 4 3 3 4 5 4 5 3","1 9 11 3 5 15 13 7 17 4 14 18 12 6 10 2 8 16"
"Foster Park Golf Course","IN","Fort Wayne","Yellow","60.3","92","62.7","99","4099","4 3 4 5 4 4 4 5 3 4 4 3 3 4 5 4 5 3","1 9 11 3 5 15 13 7 17 4 14 18 12 6 10 2 8 16"
"Fox Prairie Golf Course","IN","Noblesville","Blue","72.7","127","","","6802","5 4 4 4 3 5 4 3 4 4 4 5 3 4 4 3 4 4","17 9 1 5 13 11 7 15 3 6 2 8 14 12 18 16 4 10"
"Fox Prairie Golf Course","IN","Noblesville","White","70.9","125","","","6423","5 4 4 4 3 5 4 3 4 4 4 5 3 4 4 3 4 4","17 9 1 5 13 11 7 15 3 6 2 8 14 12 18 16 4 10"
"Fox Prairie Golf Course","IN","Noblesville","Green","69.1","123","","","6039","5 4 4 4 3 5 4 3 4 4 4 5 3 4 4 3 4 4","17 9 1 5 13 11 7 15 3 6 2 8 14 12 18 16 4 10"
"Fox Prairie Golf Course","IN","Noblesville","Yellow","66.9","115","","","5584","5 4 4 4 3 5 4 3 4 4 4 5 3 4 4 3 4 4","17 9 1 5 13 11 7 15 3 6 2 8 14 12 18 16 4 10"
"Fox Prairie Golf Course","IN","Noblesville","Red","","","69.6","120","5188","5 4 4 4 3 5 4 3 4 4 4 5 3 4 4 3 4 4","17 9 1 5 13 11 7 15 3 6 2 8 14 12 18 16 4 10"
"Foxcliff Golf Club","IN","Martinsville","Black","73.7","140","","","6813","4 3 4 4 3 4 5 4 5 5 3 4 4 3 4 5 4 4","13 11 7 3 17 5 15 1 9 6 8 12 4 18 16 10 14 2"
"Foxcliff Golf Club","IN","Martinsville","Blue","71.2","134","","","6123","4 3 4 4 3 4 5 4 5 5 3 4 4 3 4 5 4 4","13 11 7 3 17 5 15 1 9 6 8 12 4 18 16 10 14 2"
"Foxcliff Golf Club","IN","Martinsville","White","68.2","131","","","5700","4 3 4 4 3 4 5 4 5 5 3 4 4 3 4 5 4 4","13 11 7 3 17 5 15 1 9 6 8 12 4 18 16 10 14 2"
"Foxcliff Golf Club","IN","Martinsville","Gold","65.8","126","71.1","125","5200","4 3 4 4 3 4 5 4 5 5 3 4 4 3 4 5 4 4","13 11 7 3 17 5 15 1 9 6 8 12 4 18 16 10 14 2"
"Foxcliff Golf Club","IN","Martinsville","Red","64.9","115","70","123","4874","4 3 4 4 3 4 5 4 5 5 3 4 4 3 4 5 4 4","13 11 7 3 17 5 15 1 9 6 8 12 4 18 16 10 14 2"
"Glendarin Hills Golf Club","IN","Angola","Gold","74.3","134","","","7055","4 4 5 3 5 4 3 4 4 5 4 4 3 4 4 4 3 5","13 7 1 15 5 3 17 11 9 6 12 4 16 14 2 8 18 10"
"Glendarin Hills Golf Club","IN","Angola","Blue","72","133","","","6664","4 4 5 3 5 4 3 4 4 5 4 4 3 4 4 4 3 5","13 7 1 15 5 3 17 11 9 6 12 4 16 14 2 8 18 10"
"Glendarin Hills Golf Club","IN","Angola","Blue/Green","69.9","133","76.7","136","6283","4 4 5 3 5 4 3 4 4 5 4 4 3 4 4 4 3 5","13 7 1 15 5 3 17 11 9 6 12 4 16 14 2 8 18 10"
"Glendarin Hills Golf Club","IN","Angola","Green","68.4","125","74.5","132","5878","4 4 5 3 5 4 3 4 4 5 4 4 3 4 4 4 3 5","13 7 1 15 5 3 17 11 9 6 12 4 16 14 2 8 18 10"
"Glendarin Hills Golf Club","IN","Angola","Green/Red","66.9","118","72.3","128","5552","4 4 5 3 5 4 3 4 4 5 4 4 3 4 4 4 3 5","13 7 1 15 5 3 17 11 9 6 12 4 16 14 2 8 18 10"
"Glendarin Hills Golf Club","IN","Angola","Red","65.2","113","70","125","5184","4 4 5 3 5 4 3 4 4 5 4 4 3 4 4 4 3 5","13 7 1 15 5 3 17 11 9 6 12 4 16 14 2 8 18 10"
"Golf Club of Indiana","IN","Lebanon","Red","74.4","138","","","7151","4 5 3 4 4 5 4 3 4 4 4 5 3 5 4 4 3 4","13 11 3 5 1 7 15 17 9 16 14 10 12 6 4 2 18 8"
"Golf Club of Indiana","IN","Lebanon","Cardinal Tee","73.3","136","","","6938","4 5 3 4 4 5 4 3 4 4 4 5 3 5 4 4 3 4","13 11 3 5 1 7 15 17 9 16 14 10 12 6 4 2 18 8"
"Golf Club of Indiana","IN","Lebanon","Green","72.5","135","","","6691","4 5 3 4 4 5 4 3 4 4 4 5 3 5 4 4 3 4","13 11 3 5 1 7 15 17 9 16 14 10 12 6 4 2 18 8"
"Golf Club of Indiana","IN","Lebanon","Green/Silver","71.8","133","","","6587","4 5 3 4 4 5 4 3 4 4 4 5 3 5 4 4 3 4","13 11 3 5 1 7 15 17 9 16 14 10 12 6 4 2 18 8"
"Golf Club of Indiana","IN","Lebanon","Silver","71","132","","","6372","4 5 3 4 4 5 4 3 4 4 4 5 3 5 4 4 3 4","13 11 3 5 1 7 15 17 9 16 14 10 12 6 4 2 18 8"
"Golf Club of Indiana","IN","Lebanon","Silver/White","70.1","131","","","6202","4 5 3 4 4 5 4 3 4 4 4 5 3 5 4 4 3 4","13 11 3 5 1 7 15 17 9 16 14 10 12 6 4 2 18 8"
"Golf Club of Indiana","IN","Lebanon","White","69.2","128","75.5","131","6027","4 5 3 4 4 5 4 3 4 4 4 5 3 5 4 4 3 4","13 11 3 5 1 7 15 17 9 16 14 10 12 6 4 2 18 8"
"Golf Club of Indiana","IN","Lebanon","White/Blue","66.2","119","71.8","125","5456","4 5 3 4 4 5 4 3 4 4 4 5 3 5 4 4 3 4","13 11 3 5 1 7 15 17 9 16 14 10 12 6 4 2 18 8"
"Golf Club of Indiana","IN","Lebanon","Blue","64.7","113","70","120","5091","4 5 3 4 4 5 4 3 4 4 4 5 3 5 4 4 3 4","13 11 3 5 1 7 15 17 9 16 14 10 12 6 4 2 18 8"
"Grandview Golf Course","IN","Anderson","White","66.3","106","","","5558","4 3 3 4 4 4 3 4 4 4 4 4 4 5 5 4 3 4","1 5 3 17 13 7 11 9 15 10 8 18 16 12 14 6 2 4"
"Grandview Golf Course","IN","Anderson","Red","","","71.2","114","5558","4 3 3 4 4 4 3 4 4 4 4 4 4 5 5 4 3 4","1 5 3 17 13 7 11 9 15 10 8 18 16 12 14 6 2 4"
"Grandview Golf Course","IN","Anderson","Senior","62.9","99","","","4813","4 3 3 4 4 4 3 4 4 4 4 4 4 5 5 4 3 4","1 5 3 17 13 7 11 9 15 10 8 18 16 12 14 6 2 4"
"Gray Eagle Golf Club and Academy","IN","Fishers","Gold","72.5","133","","","6739","5 3 4 3 4 4 4 4 5 5 4 3 5 3 4 4 3 5","8 12 16 18 4 2 6 14 10 11 7 15 1 13 5 3 17 9"
"Gray Eagle Golf Club and Academy","IN","Fishers","Blue","71","130","","","6417","5 3 4 3 4 4 4 4 5 5 4 3 5 3 4 4 3 5","8 12 16 18 4 2 6 14 10 11 7 15 1 13 5 3 17 9"
"Gray Eagle Golf Club and Academy","IN","Fishers","White","69.2","127","","","6042","5 3 4 3 4 4 4 4 5 5 4 3 5 3 4 4 3 5","8 12 16 18 4 2 6 14 10 11 7 15 1 13 5 3 17 9"
"Gray Eagle Golf Club and Academy","IN","Fishers","Green","66.6","120","","","5421","5 3 4 3 4 4 4 4 5 5 4 3 5 3 4 4 3 5","8 12 16 18 4 2 6 14 10 11 7 15 1 13 5 3 17 9"
"Gray Eagle Golf Club and Academy","IN","Fishers","Red","","","70.6","124","5289","5 3 4 3 4 4 4 4 5 5 4 3 5 3 4 4 3 5","8 12 16 18 4 2 6 14 10 11 7 15 1 13 5 3 17 9"
"Greensburg Country Club","IN","Greensburg","Black","70.1","135","","","6214","4 3 4 4 3 4 4 4 5 3 4 4 3 5 5 4 3 4","9 3 5 1 15 11 17 13 7 14 4 2 8 18 12 6 16 10"
"Greensburg Country Club","IN","Greensburg","Blue","68.8","132","","","5932","4 3 4 4 3 4 4 4 5 3 4 4 3 5 5 4 3 4","9 3 5 1 15 11 17 13 7 14 4 2 8 18 12 6 16 10"
"Greensburg Country Club","IN","Greensburg","White","65","121","","","5083","4 3 4 4 3 4 4 4 5 3 4 4 3 5 5 4 3 4","9 3 5 1 15 11 17 13 7 14 4 2 8 18 12 6 16 10"
"Greensburg Country Club","IN","Greensburg","Green","62.7","116","66.4","125","4540","4 3 4 4 3 4 4 4 5 3 4 4 3 5 5 4 3 4","9 3 5 1 15 11 17 13 7 14 4 2 8 18 12 6 16 10"
"Hamlet Golf Course","IN","Hamlet","White","66.9","105","","","5893","4 5 4 5 4 3 4 3 4 4 3 5 3 4 4 3 5 4","17 11 1 3 15 5 7 13 9 2 18 8 10 14 16 12 4 6"
"Hamlet Golf Course","IN","Hamlet","Front","","","65.2","99","5893","4 5 4 5 4 3 4 3 4 4 3 5 3 4 4 3 5 4","17 11 1 3 15 5 7 13 9 2 18 8 10 14 16 12 4 6"
"Harrison Hills Golf Course","IN","Attica","Black","73.5","136","","","6820","4 3 4 4 5 4 5 3 4 4 4 3 5 4 4 4 3 5","9 7 15 1 17 13 3 11 5 2 14 8 12 18 10 4 16 6"
"Harrison Hills Golf Course","IN","Attica","Brown","71.6","133","","","6398","4 3 4 4 5 4 5 3 4 4 4 3 5 4 4 4 3 5","9 7 15 1 17 13 3 11 5 2 14 8 12 18 10 4 16 6"
"Harrison Hills Golf Course","IN","Attica","Green","70.2","131","","","6106","4 3 4 4 5 4 5 3 4 4 4 3 5 4 4 4 3 5","9 7 15 1 17 13 3 11 5 2 14 8 12 18 10 4 16 6"
"Harrison Hills Golf Course","IN","Attica","Green/White","67.9","123","","","5633","4 3 4 4 5 4 5 3 4 4 4 3 5 4 4 4 3 5","9 7 15 1 17 13 3 11 5 2 14 8 12 18 10 4 16 6"
"Harrison Hills Golf Course","IN","Attica","White","66.1","119","70.9","123","5223","4 3 4 4 5 4 5 3 4 4 4 3 5 4 4 4 3 5","9 7 15 1 17 13 3 11 5 2 14 8 12 18 10 4 16 6"
"Harrison Lake Country Club","IN","Columbus","Harrison","72","135","","","6503","5 3 4 4 4 3 5 3 4 4 5 4 3 4 4 4 3 5","9 3 1 5 7 15 13 11 17 2 6 4 16 10 18 14 12 8"
"Harrison Lake Country Club","IN","Columbus","Boilermakers","71.6","133","","","6358","5 3 4 4 4 3 5 3 4 4 5 4 3 4 4 4 3 5","9 3 1 5 7 15 13 11 17 2 6 4 16 10 18 14 12 8"
"Harrison Lake Country Club","IN","Columbus","Grandview","70.5","131","75.9","138","6117","5 3 4 4 4 3 5 3 4 4 5 4 3 4 4 4 3 5","9 3 1 5 7 15 13 11 17 2 6 4 16 10 18 14 12 8"
"Harrison Lake Country Club","IN","Columbus","Rival","68.8","128","74.6","137","5806","5 3 4 4 4 3 5 3 4 4 5 4 3 4 4 4 3 5","9 3 1 5 7 15 13 11 17 2 6 4 16 10 18 14 12 8"
"Harrison Lake Country Club","IN","Columbus","Sweetwater","68","124","73.8","133","5627","5 3 4 4 4 3 5 3 4 4 5 4 3 4 4 4 3 5","9 3 1 5 7 15 13 11 17 2 6 4 16 10 18 14 12 8"
"Harrison Lake Country Club","IN","Columbus","Hoosier","66","119","71.3","126","5230","5 3 4 4 4 3 5 3 4 4 5 4 3 4 4 4 3 5","9 3 1 5 7 15 13 11 17 2 6 4 16 10 18 14 12 8"
"Harrison Lake Country Club","IN","Columbus","Tipton","63.8","111","67.6","123","4753","5 3 4 4 4 3 5 3 4 4 5 4 3 4 4 4 3 5","9 3 1 5 7 15 13 11 17 2 6 4 16 10 18 14 12 8"
"Hazelden Country Club","IN","Brook","Blue","67.2","113","","","5935","4 4 3 4 4 4 5 3 4 4 3 4 5 4 4 3 4 4","5 1 17 13 9 11 7 15 3 14 18 16 4 8 6 12 10 2"
"Hazelden Country Club","IN","Brook","Gold","64.1","107","","","5137","4 4 3 4 4 4 5 3 4 4 3 4 5 4 4 3 4 4","5 1 17 13 9 11 7 15 3 14 18 16 4 8 6 12 10 2"
"Hazelden Country Club","IN","Brook","Red","","","64.9","105","4845","4 4 3 4 4 4 5 3 4 4 3 4 5 4 4 3 4 4","5 1 17 13 9 11 7 15 3 14 18 16 4 8 6 12 10 2"
"Heartland Crossing Golf Links","IN","Camby","Black","75.2","132","","","7267","4 3 5 4 3 5 4 4 4 5 3 4 5 3 4 4 4 4","5 9 13 17 15 11 1 3 7 14 12 2 16 18 10 8 4 6"
"Heartland Crossing Golf Links","IN","Camby","Silver","72.9","130","","","6871","4 3 5 4 3 5 4 4 4 5 3 4 5 3 4 4 4 4","5 9 13 17 15 11 1 3 7 14 12 2 16 18 10 8 4 6"
"Heartland Crossing Golf Links","IN","Camby","Blue","71","126","","","6478","4 3 5 4 3 5 4 4 4 5 3 4 5 3 4 4 4 4","5 9 13 17 15 11 1 3 7 14 12 2 16 18 10 8 4 6"
"Heartland Crossing Golf Links","IN","Camby","White","69.1","120","74.3","128","6014","4 3 5 4 3 5 4 4 4 5 3 4 5 3 4 4 4 4","5 9 13 17 15 11 1 3 7 14 12 2 16 18 10 8 4 6"
"Heartland Crossing Golf Links","IN","Camby","Yellow","67.2","118","","","5583","4 3 5 4 3 5 4 4 4 5 3 4 5 3 4 4 4 4","5 9 13 17 15 11 1 3 7 14 12 2 16 18 10 8 4 6"
"Heartland Crossing Golf Links","IN","Camby","Yellow/Red","63.8","110","","","4811","4 3 5 4 3 5 4 4 4 5 3 4 5 3 4 4 4 4","5 9 13 17 15 11 1 3 7 14 12 2 16 18 10 8 4 6"
"Heartland Crossing Golf Links","IN","Camby","Red","61.2","105","63.8","104","4106","4 3 5 4 3 5 4 4 4 5 3 4 5 3 4 4 4 4","5 9 13 17 15 11 1 3 7 14 12 2 16 18 10 8 4 6"
"Helfrich Golf Course","IN","Evansville","Black","70.7","127","","","6324","4 4 4 4 3 4 5 3 4 3 5 4 5 3 4 4 4 4","13 9 11 15 5 1 3 17 7 18 4 8 2 16 14 10 6 12"
"Helfrich Golf Course","IN","Evansville","Blue","68.9","124","74.5","126","5964","4 4 4 4 3 4 5 3 4 3 5 4 5 3 4 4 4 4","13 9 11 15 5 1 3 17 7 18 4 8 2 16 14 10 6 12"
"Helfrich Golf Course","IN","Evansville","White","65.9","117","71","120","5354","4 4 4 4 3 4 5 3 4 3 5 4 5 3 4 4 4 4","13 9 11 15 5 1 3 17 7 18 4 8 2 16 14 10 6 12"
"Helfrich Golf Course","IN","Evansville","Green","63.3","106","68.3","114","4872","4 4 4 4 3 4 5 3 4 3 5 4 5 3 4 4 4 4","13 9 11 15 5 1 3 17 7 18 4 8 2 16 14 10 6 12"
"Heron Creek Golf Club","IN","LaGrange","Pintail","69.7","119","","","6368","4 4 4 4 5 3 4 3 5 4 4 3 4 3 4 4 4 5","13 5 1 9 11 7 3 17 15 8 18 6 16 10 2 14 12 4"
"Heron Creek Golf Club","IN","LaGrange","Heron","69","117","","","6008","4 4 4 4 5 3 4 3 5 4 4 3 4 3 4 4 4 5","13 5 1 9 11 7 3 17 15 8 18 6 16 10 2 14 12 4"
"Heron Creek Golf Club","IN","LaGrange","Mallard","65.1","109","66.1","111","5455","4 4 4 4 5 3 4 3 5 4 4 3 4 3 4 4 4 5","13 5 1 9 11 7 3 17 15 8 18 6 16 10 2 14 12 4"
"Heron Creek Golf Club","IN","LaGrange","Redhead","64.6","107","66","110","5260","4 4 4 4 5 3 4 3 5 4 4 3 4 3 4 4 4 5","13 5 1 9 11 7 3 17 15 8 18 6 16 10 2 14 12 4"
"Hidden Hills","IN","Springville","Blue","67.2","113","","","5958","5 4 4 4 3 5 4 3 4 5 3 4 3 4 3 4 4 4","7 1 9 3 15 5 17 13 11 6 16 4 18 8 14 10 2 12"
"Hidden Hills","IN","Springville","White","66","111","","","5561","5 4 4 4 3 5 4 3 4 5 3 4 3 4 3 4 4 4","7 1 9 3 15 5 17 13 11 6 16 4 18 8 14 10 2 12"
"Hidden Hills","IN","Springville","Gold","64.1","107","65.1","109","5071","5 4 4 4 3 5 4 3 4 5 3 4 3 4 3 4 4 4","7 1 9 3 15 5 17 13 11 6 16 4 18 8 14 10 2 12"
"Hidden Hills","IN","Springville","Red","63.1","99","64.1","101","4489","5 4 4 4 3 5 4 3 4 5 3 4 3 4 3 4 4 4","7 1 9 3 15 5 17 13 11 6 16 4 18 8 14 10 2 12"
"Hidden Valley Golf Club","IN","Lawrenceburg","Black","71.4","128","","","6525","4 5 3 4 4 4 4 3 5 4 5 4 4 3 5 4 3 4","9 13 17 1 7 5 3 15 11 4 8 14 2 18 6 12 16 10"
"Hidden Valley Golf Club","IN","Lawrenceburg","Blue","69.9","126","","","6239","4 5 3 4 4 4 4 3 5 4 5 4 4 3 5 4 3 4","9 13 17 1 7 5 3 15 11 4 8 14 2 18 6 12 16 10"
"Hidden Valley Golf Club","IN","Lawrenceburg","Blue/White","67.6","117","","","5676","4 5 3 4 4 4 4 3 5 4 5 4 4 3 5 4 3 4","9 13 17 1 7 5 3 15 11 4 8 14 2 18 6 12 16 10"
"Hidden Valley Golf Club","IN","Lawrenceburg","White","65.6","112","70.8","120","5243","4 5 3 4 4 4 4 3 5 4 5 4 4 3 5 4 3 4","9 13 17 1 7 5 3 15 11 4 8 14 2 18 6 12 16 10"
"Hidden Valley Golf Club","IN","Lawrenceburg","Gold","65.3","110","69.7","118","5060","4 5 3 4 4 4 4 3 5 4 5 4 4 3 5 4 3 4","9 13 17 1 7 5 3 15 11 4 8 14 2 18 6 12 16 10"
"Hidden Valley Golf Club","IN","Lawrenceburg","Gold/Red","","","67.4","113","4640","4 5 3 4 4 4 4 3 5 4 5 4 4 3 5 4 3 4","9 13 17 1 7 5 3 15 11 4 8 14 2 18 6 12 16 10"
"Hidden Valley Golf Club","IN","Lawrenceburg","Red","","","64.8","109","4142","4 5 3 4 4 4 4 3 5 4 5 4 4 3 5 4 3 4","9 13 17 1 7 5 3 15 11 4 8 14 2 18 6 12 16 10"
"Hidden Valley Golf Course","IN","Angola","Mens","65","113","","","5422","5 3 4 4 5 4 4 4 3 3 4 4 5 4 3 4 4 4","4 10 16 6 2 8 12 14 18 11 15 7 3 9 17 1 5 13"
"Hidden Valley Golf Course","IN","Angola","Ladies","","","65","113","4708","5 3 4 4 5 4 4 4 3 3 4 4 5 4 3 4 4 4","4 10 16 6 2 8 12 14 18 11 15 7 3 9 17 1 5 13"
"High Pointe Golf Course","IN","Bicknell","Black","68.9","126","","","5809","4 4 3 4 4 3 5 4 4 5 4 3 4 4 3 4 3 5","17 5 15 9 3 13 11 1 7 6 16 12 4 10 8 14 18 2"
"High Pointe Golf Course","IN","Bicknell","White","64.1","107","","","5062","4 4 3 4 4 3 5 4 4 5 4 3 4 4 3 4 3 5","17 5 15 9 3 13 11 1 7 6 16 12 4 10 8 14 18 2"
"High Pointe Golf Course","IN","Bicknell","Red","","","64.8","108","4486","4 4 3 4 4 3 5 4 4 5 4 3 4 4 3 4 3 5","17 5 15 9 3 13 11 1 7 6 16 12 4 10 8 14 18 2"
"Highland Country Club","IN","Indianapolis","Black","71.6","121","77.9","134","6566","4 4 5 3 4 4 4 3 4 4 3 5 4 4 3 4 4 4","9 1 7 13 3 15 5 17 11 4 16 8 2 10 14 12 18 6"
"Highland Country Club","IN","Indianapolis","Black/Gray","70.8","120","","","6420","4 4 5 3 4 4 4 3 4 4 3 5 4 4 3 4 4 4","9 1 7 13 3 15 5 17 11 4 16 8 2 10 14 12 18 6"
"Highland Country Club","IN","Indianapolis","Gray","69.9","119","75.9","131","6216","4 4 5 3 4 4 4 3 4 4 3 5 4 4 3 4 4 4","9 1 7 13 3 15 5 17 11 4 16 8 2 10 14 12 18 6"
"Highland Country Club","IN","Indianapolis","Gray/White","68.3","118","74","127","5868","4 4 5 3 4 4 4 3 4 4 3 5 4 4 3 4 4 4","9 1 7 13 3 15 5 17 11 4 16 8 2 10 14 12 18 6"
"Highland Country Club","IN","Indianapolis","White","67.4","115","72.6","124","5623","4 4 5 3 4 4 4 3 4 4 3 5 4 4 3 4 4 4","9 1 7 13 3 15 5 17 11 4 16 8 2 10 14 12 18 6"
"Highland Country Club","IN","Indianapolis","White/Burgundy","66.1","114","71.4","121","5412","4 4 5 3 4 4 4 3 4 4 3 5 4 4 3 4 4 4","9 1 7 13 3 15 5 17 11 4 16 8 2 10 14 12 18 6"
"Highland Country Club","IN","Indianapolis","Burgundy","64.8","113","70.5","116","5226","4 4 5 3 4 4 4 3 4 4 3 5 4 4 3 4 4 4","9 1 7 13 3 15 5 17 11 4 16 8 2 10 14 12 18 6"
"Highland Lake Golf Course","IN","Richmond","Blue","70.2","121","","","6928","4 3 5 4 4 4 4 3 5 4 3 4 5 3 4 4 5 4","10 18 6 2 14 16 4 8 12 7 15 17 9 11 1 13 5 3"
"Highland Lake Golf Course","IN","Richmond","Gold","71.3","123","","","6610","4 3 5 4 4 4 4 3 5 4 3 4 5 3 4 4 5 4","10 18 6 2 14 16 4 8 12 7 15 17 9 11 1 13 5 3"
"Highland Lake Golf Course","IN","Richmond","Red","64.6","111","69.8","110","5333","4 3 5 4 4 4 4 3 5 4 3 4 5 3 4 4 5 4","10 18 6 2 14 16 4 8 12 7 15 17 9 11 1 13 5 3"
"Hillcrest Country Club","IN","Batesville","Blue","70.4","132","","","6198","4 3 4 3 4 4 5 4 4 3 4 3 5 4 3 4 4 5","6 16 12 18 14 10 4 8 2 15 11 17 3 5 13 9 7 1"
"Hillcrest Country Club","IN","Batesville","Blue/White","69.6","129","","","6025","4 3 4 3 4 4 5 4 4 3 4 3 5 4 3 4 4 5","6 16 12 18 14 10 4 8 2 15 11 17 3 5 13 9 7 1"
"Hillcrest Country Club","IN","Batesville","White","69.2","128","74.4","131","5872","4 3 4 3 4 4 5 4 4 3 4 3 5 4 3 4 4 5","6 16 12 18 14 10 4 8 2 15 11 17 3 5 13 9 7 1"
"Hillcrest Country Club","IN","Batesville","White/Gold","68","126","","","5621","4 3 4 3 4 4 5 4 4 3 4 3 5 4 3 4 4 5","6 16 12 18 14 10 4 8 2 15 11 17 3 5 13 9 7 1"
"Hillcrest Country Club","IN","Batesville","Gold","66.8","122","71.4","126","5342","4 3 4 3 4 4 5 4 4 3 4 3 5 4 3 4 4 5","6 16 12 18 14 10 4 8 2 15 11 17 3 5 13 9 7 1"
"Hillcrest Country Club","IN","Batesville","Red","","","67.1","118","4562","4 3 4 3 4 4 5 4 4 3 4 3 5 4 3 4 4 5","6 16 12 18 14 10 4 8 2 15 11 17 3 5 13 9 7 1"
"Hillcrest Golf & Country Club","IN","Batesville","Blue","70.4","132","","","6198","4 3 4 3 4 4 5 4 4 3 4 3 5 4 3 4 4 5","6 16 12 18 14 10 4 8 2 15 11 17 3 5 13 9 7 1"
"Hillcrest Golf & Country Club","IN","Batesville","Blue/White","69.6","129","","","6025","4 3 4 3 4 4 5 4 4 3 4 3 5 4 3 4 4 5","6 16 12 18 14 10 4 8 2 15 11 17 3 5 13 9 7 1"
"Hillcrest Golf & Country Club","IN","Batesville","White","69.2","128","74.4","131","5872","4 3 4 3 4 4 5 4 4 3 4 3 5 4 3 4 4 5","6 16 12 18 14 10 4 8 2 15 11 17 3 5 13 9 7 1"
"Hillcrest Golf & Country Club","IN","Batesville","White/Gold","68","126","","","5621","4 3 4 3 4 4 5 4 4 3 4 3 5 4 3 4 4 5","6 16 12 18 14 10 4 8 2 15 11 17 3 5 13 9 7 1"
"Hillcrest Golf & Country Club","IN","Batesville","Gold","66.8","122","71.4","126","5342","4 3 4 3 4 4 5 4 4 3 4 3 5 4 3 4 4 5","6 16 12 18 14 10 4 8 2 15 11 17 3 5 13 9 7 1"
"Hillcrest Golf & Country Club","IN","Batesville","Red","","","67.1","118","4562","4 3 4 3 4 4 5 4 4 3 4 3 5 4 3 4 4 5","6 16 12 18 14 10 4 8 2 15 11 17 3 5 13 9 7 1"
"Hillview Country Club","IN","Franklin","Blue","71.2","129","","","6580","4 5 4 4 4 3 5 3 4 3 4 4 4 3 4 4 5 5","6 12 16 2 8 18 14 10 4 15 3 5 1 17 11 13 7 9"
"Hillview Country Club","IN","Franklin","Blue/White","70.3","127","","","6411","4 5 4 4 4 3 5 3 4 3 4 4 4 3 4 4 5 5","6 12 16 2 8 18 14 10 4 15 3 5 1 17 11 13 7 9"
"Hillview Country Club","IN","Franklin","White","69.5","124","","","6247","4 5 4 4 4 3 5 3 4 3 4 4 4 3 4 4 5 5","6 12 16 2 8 18 14 10 4 15 3 5 1 17 11 13 7 9"
"Hillview Country Club","IN","Franklin","Gold","67.2","115","","","5685","4 5 4 4 4 3 5 3 4 3 4 4 4 3 4 4 5 5","6 12 16 2 8 18 14 10 4 15 3 5 1 17 11 13 7 9"
"Hillview Country Club","IN","Franklin","Red","66.4","113","71.5","120","5494","4 5 4 4 4 3 5 3 4 3 4 4 4 3 4 4 5 5","6 12 16 2 8 18 14 10 4 15 3 5 1 17 11 13 7 9"
"Hillview Country Club","IN","Franklin","Green","","","70.1","116","5192","4 5 4 4 4 3 5 3 4 3 4 4 4 3 4 4 5 5","6 12 16 2 8 18 14 10 4 15 3 5 1 17 11 13 7 9"
"Hillview Country Club","IN","Franklin","Purple","","","67.1","107","4614","4 5 4 4 4 3 5 3 4 3 4 4 4 3 4 4 5 5","6 12 16 2 8 18 14 10 4 15 3 5 1 17 11 13 7 9"
"Holliday Farms","IN","Zionsville","Black","76.8","141","","","7321","4 4 5 3 4 4 5 4 3 4 3 5 4 4 4 5 3 4","13 7 1 15 11 5 3 9 17 10 16 2 4 12 14 8 18 6"
"Holliday Farms","IN","Zionsville","Black/Gold","75","141","","","7031","4 4 5 3 4 4 5 4 3 4 3 5 4 4 4 5 3 4","13 7 1 15 11 5 3 9 17 10 16 2 4 12 14 8 18 6"
"Holliday Farms","IN","Zionsville","Gold","73.4","141","","","6737","4 4 5 3 4 4 5 4 3 4 3 5 4 4 4 5 3 4","13 7 1 15 11 5 3 9 17 10 16 2 4 12 14 8 18 6"
"Holliday Farms","IN","Zionsville","Gold/Blue","71.9","139","","","6445","4 4 5 3 4 4 5 4 3 4 3 5 4 4 4 5 3 4","13 7 1 15 11 5 3 9 17 10 16 2 4 12 14 8 18 6"
"Holliday Farms","IN","Zionsville","Blue","70.6","138","","","6228","4 4 5 3 4 4 5 4 3 4 3 5 4 4 4 5 3 4","13 7 1 15 11 5 3 9 17 10 16 2 4 12 14 8 18 6"
"Holliday Farms","IN","Zionsville","Blue/White","68.9","135","","","5963","4 4 5 3 4 4 5 4 3 4 3 5 4 4 4 5 3 4","13 7 1 15 11 5 3 9 17 10 16 2 4 12 14 8 18 6"
"Holliday Farms","IN","Zionsville","White","67.7","131","74.1","131","5728","4 4 5 3 4 4 5 4 3 4 3 5 4 4 4 5 3 4","13 7 1 15 11 5 3 9 17 10 16 2 4 12 14 8 18 6"
"Holliday Farms","IN","Zionsville","White/Green","66.4","122","71.6","126","5375","4 4 5 3 4 4 5 4 3 4 3 5 4 4 4 5 3 4","13 7 1 15 11 5 3 9 17 10 16 2 4 12 14 8 18 6"
"Holliday Farms","IN","Zionsville","Green","65.1","114","69.6","124","5077","4 4 5 3 4 4 5 4 3 4 3 5 4 4 4 5 3 4","13 7 1 15 11 5 3 9 17 10 16 2 4 12 14 8 18 6"
"Holliday Farms","IN","Zionsville","Green 16","64.7","114","68.8","121","5011","4 4 5 3 4 4 5 4 3 4 3 5 4 4 4 5 3 4","13 7 1 15 11 5 3 9 17 10 16 2 4 12 14 8 18 6"
"Honeywell Golf Course","IN","Wabash","Blue","71.3","128","","","6444","4 5 3 4 4 4 3 5 4 4 4 5 4 4 3 3 4 4","11 13 9 1 17 3 5 15 7 10 12 6 2 8 16 18 4 14"
"Honeywell Golf Course","IN","Wabash","White","69.3","125","","","6037","4 5 3 4 4 4 3 5 4 4 4 5 4 4 3 3 4 4","11 13 9 1 17 3 5 15 7 10 12 6 2 8 16 18 4 14"
"Honeywell Golf Course","IN","Wabash","Black","65.1","113","","","5549","4 5 3 4 4 4 3 5 4 4 4 5 4 4 3 3 4 4","11 13 9 1 17 3 5 15 7 10 12 6 2 8 16 18 4 14"
"Honeywell Golf Course","IN","Wabash","Gold","64.1","110","68.5","120","5021","4 5 3 4 4 4 3 5 4 4 4 5 4 4 3 3 4 4","11 13 9 1 17 3 5 15 7 10 12 6 2 8 16 18 4 14"
"Honeywell Golf Course","IN","Wabash","Red","","","61.4","99","3575","4 5 3 4 4 4 3 5 4 4 4 5 4 4 3 3 4 4","11 13 9 1 17 3 5 15 7 10 12 6 2 8 16 18 4 14"
"Hoosier Links Golf Club","IN","Milan","Black","73.2","127","","","6926","4 3 4 4 4 5 3 5 4 4 4 3 5 4 3 4 5 4","5 15 7 11 13 1 17 3 9 4 12 16 2 8 18 14 6 10"
"Hoosier Links Golf Club","IN","Milan","Blue","70.7","123","","","6460","4 3 4 4 4 5 3 5 4 4 4 3 5 4 3 4 5 4","5 15 7 11 13 1 17 3 9 4 12 16 2 8 18 14 6 10"
"Hoosier Links Golf Club","IN","Milan","White","67.9","116","73.3","124","5971","4 3 4 4 4 5 3 5 4 4 4 3 5 4 3 4 5 4","5 15 7 11 13 1 17 3 9 4 12 16 2 8 18 14 6 10"
"Hoosier Links Golf Club","IN","Milan","Gold","64.1","105","68.3","116","5338","4 3 4 4 4 5 3 5 4 4 4 3 5 4 3 4 5 4","5 15 7 11 13 1 17 3 9 4 12 16 2 8 18 14 6 10"
"Hoosier Links Golf Club","IN","Milan","Silver","","","67","114","4350","4 3 4 4 4 5 3 5 4 4 4 3 5 4 3 4 5 4","5 15 7 11 13 1 17 3 9 4 12 16 2 8 18 14 6 10"
"Horseshoe Bend Golf Course","IN","Lewisville","White/Blue","70.3","121","","","6398","4 3 4 4 4 5 3 4 5 4 4 4 3 4 3 5 4 5",""
"Horseshoe Bend Golf Course","IN","Lewisville","Red","","","70","125","5265","4 3 4 4 4 5 3 4 5 4 4 4 3 4 3 5 4 5",""
"Hulman Links Golf Course","IN","Terre Haute","Gold","75.6","139","","","7225","4 5 4 3 4 5 4 3 4 4 5 4 3 4 5 3 4 4","18 11 7 17 3 13 1 16 9 6 5 10 14 8 12 15 4 2"
"Hulman Links Golf Course","IN","Terre Haute","Blue","73.5","133","","","6775","4 5 4 3 4 5 4 3 4 4 5 4 3 4 5 3 4 4","18 11 7 17 3 13 1 16 9 6 5 10 14 8 12 15 4 2"
"Hulman Links Golf Course","IN","Terre Haute","White","71.9","129","","","6415","4 5 4 3 4 5 4 3 4 4 5 4 3 4 5 3 4 4","18 11 7 17 3 13 1 16 9 6 5 10 14 8 12 15 4 2"
"Hulman Links Golf Course","IN","Terre Haute","Green","69.2","121","74.7","131","5775","4 5 4 3 4 5 4 3 4 4 5 4 3 4 5 3 4 4","18 11 7 17 3 13 1 16 9 6 5 10 14 8 12 15 4 2"
"Hulman Links Golf Course","IN","Terre Haute","Black","","","69","121","4810","4 5 4 3 4 5 4 3 4 4 5 4 3 4 5 3 4 4","18 11 7 17 3 13 1 16 9 6 5 10 14 8 12 15 4 2"
"Idle Creek Golf Course","IN","Terre Haute","Blue","69.6","125","","","6235","4 4 3 5 4 4 4 4 3 4 4 3 5 4 4 3 5 4","9 5 18 3 15 11 8 6 16 10 14 17 1 7 12 13 2 4"
"Idle Creek Golf Course","IN","Terre Haute","White","67.8","122","","","5791","4 4 3 5 4 4 4 4 3 4 4 3 5 4 4 3 5 4","9 5 18 3 15 11 8 6 16 10 14 17 1 7 12 13 2 4"
"Idle Creek Golf Course","IN","Terre Haute","Yellow","65.6","116","","","5380","4 4 3 5 4 4 4 4 3 4 4 3 5 4 4 3 5 4","9 5 18 3 15 11 8 6 16 10 14 17 1 7 12 13 2 4"
"Idle Creek Golf Course","IN","Terre Haute","Red","65.1","107","65.9","108","4595","4 4 3 5 4 4 4 4 3 4 4 3 5 4 4 3 5 4","9 5 18 3 15 11 8 6 16 10 14 17 1 7 12 13 2 4"
"Innsbrook Country Club","IN","Merrillville","Blue","71.1","135","77","138","6407","4 4 4 3 5 5 3 5 3 5 3 5 4 3 5 3 4 4","13 3 7 17 1 9 5 15 11 6 14 18 2 12 8 16 4 10"
"Innsbrook Country Club","IN","Merrillville","White","69.1","130","74.6","133","5961","4 4 4 3 5 5 3 5 3 5 3 5 4 3 5 3 4 4","13 3 7 17 1 9 5 15 11 6 14 18 2 12 8 16 4 10"
"Innsbrook Country Club","IN","Merrillville","Gold","67.6","126","72.8","129","5636","4 4 4 3 5 5 3 5 3 5 3 5 4 3 5 3 4 4","13 3 7 17 1 9 5 15 11 6 14 18 2 12 8 16 4 10"
"Innsbrook Country Club","IN","Merrillville","Red","65","120","69.6","122","5054","4 4 4 3 5 5 3 5 3 5 3 5 4 3 5 3 4 4","13 3 7 17 1 9 5 15 11 6 14 18 2 12 8 16 4 10"
"Ironwood Golf Club","IN","Fishers","Blue","72.8","141","","","6705","4 5 3 4 5 4 4 3 4 4 4 4 4 5 4 3 5 3","15 17 11 5 13 7 1 9 3 6 4 18 8 16 2 12 14 10"
"Ironwood Golf Club","IN","Fishers","Ironwood","71.2","138","","","6417","4 5 3 4 5 4 4 3 4 4 4 4 4 5 4 3 5 3","15 17 11 5 13 7 1 9 3 6 4 18 8 16 2 12 14 10"
"Ironwood Golf Club","IN","Fishers","White","70.3","133","","","6179","4 5 3 4 5 4 4 3 4 4 4 4 4 5 4 3 5 3","15 17 11 5 13 7 1 9 3 6 4 18 8 16 2 12 14 10"
"Ironwood Golf Club","IN","Fishers","Green","65.8","117","","","5305","4 5 3 4 5 4 4 3 4 4 4 4 4 5 4 3 5 3","15 17 11 5 13 7 1 9 3 6 4 18 8 16 2 12 14 10"
"Ironwood Golf Club","IN","Fishers","Red","64.8","115","69.6","124","5084","4 5 3 4 5 4 4 3 4 4 4 4 4 5 4 3 5 3","15 17 11 5 13 7 1 9 3 6 4 18 8 16 2 12 14 10"
"Ironwood Golf Club","IN","Fishers","Family","59.7","105","61.7","97","3717","4 5 3 4 5 4 4 3 4 4 4 4 4 5 4 3 5 3","15 17 11 5 13 7 1 9 3 6 4 18 8 16 2 12 14 10"
"Juday Creek Golf Course","IN","Granger","Blue","73.7","134","","","6940","4 5 4 3 4 4 4 3 5 5 3 4 4 4 3 4 5 4","9 1 11 17 15 3 7 5 13 14 18 16 2 8 12 10 6 4"
"Juday Creek Golf Course","IN","Granger","White","71.3","130","","","6427","4 5 4 3 4 4 4 3 5 5 3 4 4 4 3 4 5 4","9 1 11 17 15 3 7 5 13 14 18 16 2 8 12 10 6 4"
"Juday Creek Golf Course","IN","Granger","Gold","67.9","123","","","5689","4 5 4 3 4 4 4 3 5 5 3 4 4 4 3 4 5 4","9 1 11 17 15 3 7 5 13 14 18 16 2 8 12 10 6 4"
"Juday Creek Golf Course","IN","Granger","Red","","","69.1","118","5000","4 5 4 3 4 4 4 3 5 5 3 4 4 4 3 4 5 4","9 1 11 17 15 3 7 5 13 14 18 16 2 8 12 10 6 4"
"Juday Creek Golf Course","IN","Granger","Orange","","","66.1","105","4109","4 5 4 3 4 4 4 3 5 5 3 4 4 4 3 4 5 4","9 1 11 17 15 3 7 5 13 14 18 16 2 8 12 10 6 4"
"Kampen Golf Course","IN","West Lafayette","Black","76.5","146","","","7465","4 3 4 5 3 5 4 4 4 5 4 4 3 4 4 5 3 4","10 12 2 16 14 6 18 8 4 13 5 3 15 9 17 11 7 1"
"Kampen Golf Course","IN","West Lafayette","Blue","73.8","141","","","6874","4 3 4 5 3 5 4 4 4 5 4 4 3 4 4 5 3 4","10 12 2 16 14 6 18 8 4 13 5 3 15 9 17 11 7 1"
"Kampen Golf Course","IN","West Lafayette","Hammer Down","72.1","137","","","6537","4 3 4 5 3 5 4 4 4 5 4 4 3 4 4 5 3 4","10 12 2 16 14 6 18 8 4 13 5 3 15 9 17 11 7 1"
"Kampen Golf Course","IN","West Lafayette","White","71.6","135","","","6411","4 3 4 5 3 5 4 4 4 5 4 4 3 4 4 5 3 4","10 12 2 16 14 6 18 8 4 13 5 3 15 9 17 11 7 1"
"Kampen Golf Course","IN","West Lafayette","Purdue Pete","70.5","131","","","6154","4 3 4 5 3 5 4 4 4 5 4 4 3 4 4 5 3 4","10 12 2 16 14 6 18 8 4 13 5 3 15 9 17 11 7 1"
"Kampen Golf Course","IN","West Lafayette","Gold","70.5","130","74.9","130","6067","4 3 4 5 3 5 4 4 4 5 4 4 3 4 4 5 3 4","10 12 2 16 14 6 18 8 4 13 5 3 15 9 17 11 7 1"
"Kampen Golf Course","IN","West Lafayette","Boiler Up","68.2","126","72.5","127","5578","4 3 4 5 3 5 4 4 4 5 4 4 3 4 4 5 3 4","10 12 2 16 14 6 18 8 4 13 5 3 15 9 17 11 7 1"
"Kampen Golf Course","IN","West Lafayette","Silver","66.7","121","70.5","121","5260","4 3 4 5 3 5 4 4 4 5 4 4 3 4 4 5 3 4","10 12 2 16 14 6 18 8 4 13 5 3 15 9 17 11 7 1"
"Knollwood Country Club - East Course","IN","Granger","Black","73.9","131","","","6945","5 3 4 4 5 4 4 4 3 4 3 4 5 3 4 5 4 4","11 17 5 1 13 3 7 9 15 8 4 6 14 10 12 18 16 2"
"Knollwood Country Club - East Course","IN","Granger","Blue","72.2","130","","","6614","5 3 4 4 5 4 4 4 3 4 3 4 5 3 4 5 4 4","11 17 5 1 13 3 7 9 15 8 4 6 14 10 12 18 16 2"
"Knollwood Country Club - East Course","IN","Granger","Hybrid","70","127","","","6180","5 3 4 4 5 4 4 4 3 4 3 4 5 3 4 5 4 4","11 17 5 1 13 3 7 9 15 8 4 6 14 10 12 18 16 2"
"Knollwood Country Club - East Course","IN","Granger","White","68.1","120","73.8","128","5802","5 3 4 4 5 4 4 4 3 4 3 4 5 3 4 5 4 4","11 17 5 1 13 3 7 9 15 8 4 6 14 10 12 18 16 2"
"Knollwood Country Club - East Course","IN","Granger","Gold","66.1","110","70.8","123","5764","5 3 4 4 5 4 4 4 3 4 3 4 5 3 4 5 4 4","11 17 5 1 13 3 7 9 15 8 4 6 14 10 12 18 16 2"
"Knollwood Country Club - East Course","IN","Granger","Yellow","","","62.7","102","3851","5 3 4 4 5 4 4 4 3 4 3 4 5 3 4 5 4 4","11 17 5 1 13 3 7 9 15 8 4 6 14 10 12 18 16 2"
"Knollwood Country Club - West Course","IN","Granger","Black","72.6","134","","","6625","4 3 4 4 5 4 3 5 4 4 3 4 5 3 4 5 4 4","9 13 5 3 15 7 17 11 1 12 10 8 18 16 2 14 6 4"
"Knollwood Country Club - West Course","IN","Granger","Blue","71.4","131","","","6362","4 3 4 4 5 4 3 5 4 4 3 4 5 3 4 5 4 4","9 13 5 3 15 7 17 11 1 12 10 8 18 16 2 14 6 4"
"Knollwood Country Club - West Course","IN","Granger","Hybrid","69.7","128","","","6000","4 3 4 4 5 4 3 5 4 4 3 4 5 3 4 5 4 4","9 13 5 3 15 7 17 11 1 12 10 8 18 16 2 14 6 4"
"Knollwood Country Club - West Course","IN","Granger","White","67.2","120","72.5","125","5521","4 3 4 4 5 4 3 5 4 4 3 4 5 3 4 5 4 4","9 13 5 3 15 7 17 11 1 12 10 8 18 16 2 14 6 4"
"Knollwood Country Club - West Course","IN","Granger","Gold","65.6","113","70.7","122","5166","4 3 4 4 5 4 3 5 4 4 3 4 5 3 4 5 4 4","9 13 5 3 15 7 17 11 1 12 10 8 18 16 2 14 6 4"
"Knollwood Country Club - West Course","IN","Granger","Yellow","","","63.7","109","4042","4 3 4 4 5 4 3 5 4 4 3 4 5 3 4 5 4 4","9 13 5 3 15 7 17 11 1 12 10 8 18 16 2 14 6 4"
"Kokomo Country Club","IN","Kokomo","Blue","68","125","","","6109","4 3 4 4 5 4 4 3 4 3 5 4 4 4 4 3 4 4","13 15 7 9 11 1 5 17 3 14 16 6 8 10 18 4 12 2"
"Kokomo Country Club","IN","Kokomo","Gold","69.4","127","","","5813","4 3 4 4 5 4 4 3 4 3 5 4 4 4 4 3 4 4","13 15 7 9 11 1 5 17 3 14 16 6 8 10 18 4 12 2"
"Kokomo Country Club","IN","Kokomo","White","64.4","115","69.5","120","5092","4 3 4 4 5 4 4 3 4 3 5 4 4 4 4 3 4 4","13 15 7 9 11 1 5 17 3 14 16 6 8 10 18 4 12 2"
"Lake James Golf Course","IN","Angola","Black","72.7","134","","","6602","5 4 4 3 5 3 5 4 3 4 3 5 3 4 4 4 4 5","10 8 12 18 6 16 14 2 4 9 17 1 11 3 7 5 13 15"
"Lake James Golf Course","IN","Angola","Blue","71","130","","","6240","5 4 4 3 5 3 5 4 3 4 3 5 3 4 4 4 4 5","10 8 12 18 6 16 14 2 4 9 17 1 11 3 7 5 13 15"
"Lake James Golf Course","IN","Angola","White","66.6","119","","","5511","5 4 4 3 5 3 5 4 3 4 3 5 3 4 4 4 4 5","10 8 12 18 6 16 14 2 4 9 17 1 11 3 7 5 13 15"
"Lake James Golf Course","IN","Angola","Red","65.4","115","70.4","122","4747","5 4 4 3 5 3 5 4 3 4 3 5 3 4 4 4 4 5","10 8 12 18 6 16 14 2 4 9 17 1 11 3 7 5 13 15"
"Lake James Golf Course","IN","Angola","Gold","","","69.3","120","3623","5 4 4 3 5 3 5 4 3 4 3 5 3 4 4 4 4 5","10 8 12 18 6 16 14 2 4 9 17 1 11 3 7 5 13 15"
"Lakes of the Four Seasons Golf Course","IN","Crown Point","Blue","70.9","122","","","6376","4 3 5 4 4 3 4 5 4 5 3 4 4 5 4 4 3 4","15 7 11 17 3 5 13 1 9 10 8 2 16 12 14 6 18 4"
"Lakes of the Four Seasons Golf Course","IN","Crown Point","White","68.5","120","74.4","128","5886","4 3 5 4 4 3 4 5 4 5 3 4 4 5 4 4 3 4","15 7 11 17 3 5 13 1 9 10 8 2 16 12 14 6 18 4"
"Lakes of the Four Seasons Golf Course","IN","Crown Point","White/Red","67.4","116","","","5680","4 3 5 4 4 3 4 5 4 5 3 4 4 5 4 4 3 4","15 7 11 17 3 5 13 1 9 10 8 2 16 12 14 6 18 4"
"Lakes of the Four Seasons Golf Course","IN","Crown Point","Red","64.3","111","69.7","119","5099","4 3 5 4 4 3 4 5 4 5 3 4 4 5 4 4 3 4","15 7 11 17 3 5 13 1 9 10 8 2 16 12 14 6 18 4"
"Legacy Hills Golf Club","IN","La Porte","Blue","71.7","128","","","6537","4 4 5 4 5 3 4 5 3 4 4 3 4 4 3 4 4 5","13 11 15 17 9 7 3 1 5 6 16 4 12 8 2 18 14 10"
"Legacy Hills Golf Club","IN","La Porte","White","69.2","123","","","6002","4 4 5 4 5 3 4 5 3 4 4 3 4 4 3 4 4 5","13 11 15 17 9 7 3 1 5 6 16 4 12 8 2 18 14 10"
"Legacy Hills Golf Club","IN","La Porte","Green","67.4","120","","","5623","4 4 5 4 5 3 4 5 3 4 4 3 4 4 3 4 4 5","13 11 15 17 9 7 3 1 5 6 16 4 12 8 2 18 14 10"
"Legacy Hills Golf Club","IN","La Porte","Red","","","69.6","119","5046","4 4 5 4 5 3 4 5 3 4 4 3 4 4 3 4 4 5","13 11 15 17 9 7 3 1 5 6 16 4 12 8 2 18 14 10"
"Links Golf Club","IN","New Palestine","Championship","73.4","132","","","7046","4 4 3 4 5 4 4 3 5 5 4 3 5 4 4 4 3 4","7 11 15 13 1 5 9 17 3 2 14 18 6 10 4 12 16 8"
"Links Golf Club","IN","New Palestine","Back","70.6","126","","","6419","4 4 3 4 5 4 4 3 5 5 4 3 5 4 4 4 3 4","7 11 15 13 1 5 9 17 3 2 14 18 6 10 4 12 16 8"
"Links Golf Club","IN","New Palestine","Middle","67.1","117","","","5760","4 4 3 4 5 4 4 3 5 5 4 3 5 4 4 4 3 4","7 11 15 13 1 5 9 17 3 2 14 18 6 10 4 12 16 8"
"Links Golf Club","IN","New Palestine","Forward","","","69.1","121","5117","4 4 3 4 5 4 4 3 5 5 4 3 5 4 4 4 3 4","7 11 15 13 1 5 9 17 3 2 14 18 6 10 4 12 16 8"
"Logansport Country Club","IN","Logansport","Blue","68","114","","","6048","5 3 4 5 3 4 4 4 3 3 4 4 4 5 4 5 4 3","7 3 1 11 15 5 13 17 9 18 16 6 14 2 12 4 10 8"
"Logansport Country Club","IN","Logansport","White","65.8","108","","","5689","5 3 4 5 3 4 4 4 3 3 4 4 4 5 4 5 4 3","7 3 1 11 15 5 13 17 9 18 16 6 14 2 12 4 10 8"
"Logansport Country Club","IN","Logansport","Gold","63.5","104","","","5459","5 3 4 5 3 4 4 4 3 3 4 4 4 5 4 5 4 3","7 3 1 11 15 5 13 17 9 18 16 6 14 2 12 4 10 8"
"Logansport Country Club","IN","Logansport","Red","","","66.5","105","4831","5 3 4 5 3 4 4 4 3 3 4 4 4 5 4 5 4 3","7 3 1 11 15 5 13 17 9 18 16 6 14 2 12 4 10 8"
"Long Beach Country Club","IN","Michigan City","Black","71.8","129","","","6604","5 3 3 4 3 5 4 4 4 3 4 4 4 5 5 3 4 5","5 13 15 7 17 3 1 9 11 12 6 16 10 8 4 18 2 14"
"Long Beach Country Club","IN","Michigan City","Black/Blue","70.7","127","","","6362","5 3 3 4 3 5 4 4 4 3 4 4 4 5 5 3 4 5","5 13 15 7 17 3 1 9 11 12 6 16 10 8 4 18 2 14"
"Long Beach Country Club","IN","Michigan City","Blue","70","125","76","137","6206","5 3 3 4 3 5 4 4 4 3 4 4 4 5 5 3 4 5","5 13 15 7 17 3 1 9 11 12 6 16 10 8 4 18 2 14"
"Long Beach Country Club","IN","Michigan City","Blue/White","68.1","121","","","5786","5 3 3 4 3 5 4 4 4 3 4 4 4 5 5 3 4 5","5 13 15 7 17 3 1 9 11 12 6 16 10 8 4 18 2 14"
"Long Beach Country Club","IN","Michigan City","White","66.9","118","72.2","129","5526","5 3 3 4 3 5 4 4 4 3 4 4 4 5 5 3 4 5","5 13 15 7 17 3 1 9 11 12 6 16 10 8 4 18 2 14"
"Long Beach Country Club","IN","Michigan City","Red/White","","","70.5","125","5262","5 3 3 4 3 5 4 4 4 3 4 4 4 5 5 3 4 5","5 13 15 7 17 3 1 9 11 12 6 16 10 8 4 18 2 14"
"Long Beach Country Club","IN","Michigan City","Red","64.4","112","69.2","122","4983","5 3 3 4 3 5 4 4 4 3 4 4 4 5 5 3 4 5","5 13 15 7 17 3 1 9 11 12 6 16 10 8 4 18 2 14"
"Lost Marsh Golf Course","IN","Hammond","Black","73.4","132","","","6758","4 3 4 5 4 4 5 3 4 5 3 4 4 5 4 4 3 4","13 15 1 3 11 7 9 17 5 2 18 12 10 8 6 16 14 4"
"Lost Marsh Golf Course","IN","Hammond","Silver","70.6","125","76.2","133","6287","4 3 4 5 4 4 5 3 4 5 3 4 4 5 4 4 3 4","13 15 1 3 11 7 9 17 5 2 18 12 10 8 6 16 14 4"
"Lost Marsh Golf Course","IN","Hammond","Green","69.2","122","74.7","130","5841","4 3 4 5 4 4 5 3 4 5 3 4 4 5 4 4 3 4","13 15 1 3 11 7 9 17 5 2 18 12 10 8 6 16 14 4"
"Lost Marsh Golf Course","IN","Hammond","Yellow","64.4","111","68.8","117","4959","4 3 4 5 4 4 5 3 4 5 3 4 4 5 4 4 3 4","13 15 1 3 11 7 9 17 5 2 18 12 10 8 6 16 14 4"
"Lucas Oil Golf Course","IN","English","Black","73.4","132","","","6618","5 3 4 4 3 5 4 4 4 4 3 5 4 3 4 4 4 5","14 10 16 8 4 6 2 12 18 3 17 15 11 7 13 9 1 5"
"Lucas Oil Golf Course","IN","English","Blue","70.2","131","","","6031","5 3 4 4 3 5 4 4 4 4 3 5 4 3 4 4 4 5","14 10 16 8 4 6 2 12 18 3 17 15 11 7 13 9 1 5"
"Lucas Oil Golf Course","IN","English","White","68.6","124","","","5606","5 3 4 4 3 5 4 4 4 4 3 5 4 3 4 4 4 5","14 10 16 8 4 6 2 12 18 3 17 15 11 7 13 9 1 5"
"Lucas Oil Golf Course","IN","English","Silver","66.5","114","","","5240","5 3 4 4 3 5 4 4 4 4 3 5 4 3 4 4 4 5","14 10 16 8 4 6 2 12 18 3 17 15 11 7 13 9 1 5"
"Lucas Oil Golf Course","IN","English","Red","63.8","102","67.7","114","4652","5 3 4 4 3 5 4 4 4 4 3 5 4 3 4 4 4 5","14 10 16 8 4 6 2 12 18 3 17 15 11 7 13 9 1 5"
"Maple Creek Golf and Country Club","IN","Indianapolis","Blue","72.5","134","","","6593","4 4 4 4 3 5 4 3 5 4 4 4 5 4 3 5 4 3","15 1 5 13 17 3 7 9 11 4 2 12 14 8 18 10 6 16"
"Maple Creek Golf and Country Club","IN","Indianapolis","White","70.8","131","","","6254","4 4 4 4 3 5 4 3 5 4 4 4 5 4 3 5 4 3","15 1 5 13 17 3 7 9 11 4 2 12 14 8 18 10 6 16"
"Maple Creek Golf and Country Club","IN","Indianapolis","White/Green","68.5","126","","","5787","4 4 4 4 3 5 4 3 5 4 4 4 5 4 3 5 4 3","15 1 5 13 17 3 7 9 11 4 2 12 14 8 18 10 6 16"
"Maple Creek Golf and Country Club","IN","Indianapolis","Green","66.9","120","72","126","5506","4 4 4 4 3 5 4 3 5 4 4 4 5 4 3 5 4 3","15 1 5 13 17 3 7 9 11 4 2 12 14 8 18 10 6 16"
"Maple Creek Golf and Country Club","IN","Indianapolis","Green/Silver","65.6","111","70.1","121","5043","4 4 4 4 3 5 4 3 5 4 4 4 5 4 3 5 4 3","15 1 5 13 17 3 7 9 11 4 2 12 14 8 18 10 6 16"
"Maple Creek Golf and Country Club","IN","Indianapolis","Silver","63.7","105","67.3","113","4600","4 4 4 4 3 5 4 3 5 4 4 4 5 4 3 5 4 3","15 1 5 13 17 3 7 9 11 4 2 12 14 8 18 10 6 16"
"Maplecrest Country Club","IN","Goshen","Black","70.8","127","","","6374","4 5 4 4 4 3 4 3 5 4 4 3 4 5 4 4 3 4","11 9 17 1 5 13 3 15 7 8 2 12 18 4 16 10 14 6"
"Maplecrest Country Club","IN","Goshen","Yellow","67.6","118","73.3","124","5703","4 5 4 4 4 3 4 3 5 4 4 3 4 5 4 4 3 4","11 9 17 1 5 13 3 15 7 8 2 12 18 4 16 10 14 6"
"Maplecrest Country Club","IN","Goshen","Red","65.6","115","70.6","119","5313","4 5 4 4 4 3 4 3 5 4 4 3 4 5 4 4 3 4","11 9 17 1 5 13 3 15 7 8 2 12 18 4 16 10 14 6"
"Maplecrest Country Club","IN","Goshen","Blue","60.9","97","63.3","107","4040","4 5 4 4 4 3 4 3 5 4 4 3 4 5 4 4 3 4","11 9 17 1 5 13 3 15 7 8 2 12 18 4 16 10 14 6"
"Martinsville Golf Club","IN","Martinsville","White","69.6","124","75.6","128","6245","4 3 4 4 3 4 4 4 5 4 5 4 3 4 4 5 3 4","11 17 9 7 5 1 13 15 3 12 8 6 18 10 2 16 14 4"
"Martinsville Golf Club","IN","Martinsville","Gold","65.7","117","70.8","119","6147","4 3 4 4 3 4 4 4 5 4 5 4 3 4 4 5 3 4","11 17 9 7 5 1 13 15 3 12 8 6 18 10 2 16 14 4"
"Martinsville Golf Club","IN","Martinsville","Red","63.9","111","68.7","118","4992","4 3 4 4 3 4 4 4 5 4 5 4 3 4 4 5 3 4","11 17 9 7 5 1 13 15 3 12 8 6 18 10 2 16 14 4"
"Maxwelton Golf Club","IN","Syracuse","Blue","71.4","130","77","140","6494","4 4 3 4 4 5 5 3 4 5 4 4 3 4 4 4 4 4","15 9 13 7 1 11 17 5 3 4 12 2 18 10 14 8 16 6"
"Maxwelton Golf Club","IN","Syracuse","White","70.1","128","75.8","137","6255","4 4 3 4 4 5 5 3 4 5 4 4 3 4 4 4 4 4","15 9 13 7 1 11 17 5 3 4 12 2 18 10 14 8 16 6"
"Maxwelton Golf Club","IN","Syracuse","Gold","66.3","117","71.3","128","5428","4 4 3 4 4 5 5 3 4 5 4 4 3 4 4 4 4 4","15 9 13 7 1 11 17 5 3 4 12 2 18 10 14 8 16 6"
"Maxwelton Golf Club","IN","Syracuse","Red","63.4","111","67.9","121","4839","4 4 3 4 4 5 5 3 4 5 4 4 3 4 4 4 4 4","15 9 13 7 1 11 17 5 3 4 12 2 18 10 14 8 16 6"
"McCormick Creek Golf Course","IN","Nappanee","White","70.7","131","","","6397","4 4 5 4 4 3 3 5 4 4 5 3 4 3 4 4 5 4","14 9 13 17 3 5 15 7 1 11 18 16 10 12 6 4 8 2"
"McCormick Creek Golf Course","IN","Nappanee","Gold","68.9","123","","","5937","4 4 5 4 4 3 3 5 4 4 5 3 4 3 4 4 5 4","14 9 13 17 3 5 15 7 1 11 18 16 10 12 6 4 8 2"
"McCormick Creek Golf Course","IN","Nappanee","Blue","65.4","113","","","5204","4 4 5 4 4 3 3 5 4 4 5 3 4 3 4 4 5 4","14 9 13 17 3 5 15 7 1 11 18 16 10 12 6 4 8 2"
"McCormick Creek Golf Course","IN","Nappanee","Red","","","68.4","118","4892","4 4 5 4 4 3 3 5 4 4 5 3 4 3 4 4 5 4","14 9 13 17 3 5 15 7 1 11 18 16 10 12 6 4 8 2"
"Meadow Valley Golf Club","IN","Middlebury","Black","73","131","","","6893","5 4 5 3 4 4 4 3 4 4 3 4 5 4 3 5 4 4","11 13 9 15 1 3 5 17 7 10 18 6 14 4 16 12 2 8"
"Meadow Valley Golf Club","IN","Middlebury","Green","69.8","127","76.5","133","6274","5 4 5 3 4 4 4 3 4 4 3 4 5 4 3 5 4 4","11 13 9 15 1 3 5 17 7 10 18 6 14 4 16 12 2 8"
"Meadow Valley Golf Club","IN","Middlebury","Green/White","67.8","123","74.5","129","5919","5 4 5 3 4 4 4 3 4 4 3 4 5 4 3 5 4 4","11 13 9 15 1 3 5 17 7 10 18 6 14 4 16 12 2 8"
"Meadow Valley Golf Club","IN","Middlebury","White","66.5","116","72.4","125","5592","5 4 5 3 4 4 4 3 4 4 3 4 5 4 3 5 4 4","11 13 9 15 1 3 5 17 7 10 18 6 14 4 16 12 2 8"
"Meadow Valley Golf Club","IN","Middlebury","White/Blue","64.9","108","69.7","121","5119","5 4 5 3 4 4 4 3 4 4 3 4 5 4 3 5 4 4","11 13 9 15 1 3 5 17 7 10 18 6 14 4 16 12 2 8"
"Meadow Valley Golf Club","IN","Middlebury","Blue","63.2","102","67.2","113","4752","5 4 5 3 4 4 4 3 4 4 3 4 5 4 3 5 4 4","11 13 9 15 1 3 5 17 7 10 18 6 14 4 16 12 2 8"
"Meadowbrook Golf Course","IN","Anderson","Black","68.1","129","","","5768","4 4 4 5 3 4 4 3 4 5 4 4 5 3 4 3 4 4","3 9 15 1 13 11 17 7 5 16 12 2 14 6 8 10 18 4"
"Meadowbrook Golf Course","IN","Anderson","Blue","66.2","123","","","5433","4 4 4 5 3 4 4 3 4 5 4 4 5 3 4 3 4 4","3 9 15 1 13 11 17 7 5 16 12 2 14 6 8 10 18 4"
"Meadowbrook Golf Course","IN","Anderson","White","64","116","","","4921","4 4 4 5 3 4 4 3 4 5 4 4 5 3 4 3 4 4","3 9 15 1 13 11 17 7 5 16 12 2 14 6 8 10 18 4"
"Meadowbrook Golf Course","IN","Anderson","Red","","","64.8","114","4272","4 4 4 5 3 4 4 3 4 5 4 4 5 3 4 3 4 4","3 9 15 1 13 11 17 7 5 16 12 2 14 6 8 10 18 4"
"Memorial Park Golf Course","IN","New Castle","Mens","67.2","112","","","5634","4 3 5 4 5 3 3 4 4 4 3 4 5 4 4 4 3 4","8 12 4 6 2 10 18 16 14 3 17 13 7 5 9 15 11 1"
"Memorial Park Golf Course","IN","New Castle","Ladies","","","67.1","110","5634","4 3 5 4 5 3 3 4 4 4 3 4 5 4 4 4 3 4","8 12 4 6 2 10 18 16 14 3 17 13 7 5 9 15 11 1"
"Meridian Hills County Club","IN","Indianapolis","Black","73.2","125","","","6853","4 4 3 4 4 4 3 4 5 5 4 3 4 4 3 5 4 4","11 13 15 1 7 5 17 3 9 4 12 18 6 14 16 2 10 8"
"Meridian Hills County Club","IN","Indianapolis","Green","71.6","123","","","6527","4 4 3 4 4 4 3 4 5 5 4 3 4 4 3 5 4 4","11 13 15 1 7 5 17 3 9 4 12 18 6 14 16 2 10 8"
"Meridian Hills County Club","IN","Indianapolis","Green/Blue","70.4","123","","","6310","4 4 3 4 4 4 3 4 5 5 4 3 4 4 3 5 4 4","11 13 15 1 7 5 17 3 9 4 12 18 6 14 16 2 10 8"
"Meridian Hills County Club","IN","Indianapolis","Blue","69.6","122","","","6132","4 4 3 4 4 4 3 4 5 5 4 3 4 4 3 5 4 4","11 13 15 1 7 5 17 3 9 4 12 18 6 14 16 2 10 8"
"Meridian Hills County Club","IN","Indianapolis","Blue/Tan","68.2","118","","","5834","4 4 3 4 4 4 3 4 5 5 4 3 4 4 3 5 4 4","11 13 15 1 7 5 17 3 9 4 12 18 6 14 16 2 10 8"
"Meridian Hills County Club","IN","Indianapolis","Tan","66.7","115","72.3","121","5587","4 4 3 4 4 4 3 4 5 5 4 3 4 4 3 5 4 4","11 13 15 1 7 5 17 3 9 4 12 18 6 14 16 2 10 8"
"Meridian Hills County Club","IN","Indianapolis","Rust","64.2","109","68.8","119","5019","4 4 3 4 4 4 3 4 5 5 4 3 4 4 3 5 4 4","11 13 15 1 7 5 17 3 9 4 12 18 6 14 16 2 10 8"
"Michigan City Municipal Golf Course","IN","Michigan City","Blue","69.5","121","","","6192","4 4 3 4 5 3 4 5 4 3 4 4 3 4 5 5 4 4","5 9 17 3 1 13 7 11 15 2 6 16 14 18 8 4 10 12"
"Michigan City Municipal Golf Course","IN","Michigan City","White","68.4","118","","","5977","4 4 3 4 5 3 4 5 4 3 4 4 3 4 5 5 4 4","5 9 17 3 1 13 7 11 15 2 6 16 14 18 8 4 10 12"
"Michigan City Municipal Golf Course","IN","Michigan City","Gold","65.7","109","70.5","122","5355","4 4 3 4 5 3 4 5 4 3 4 4 3 4 5 5 4 4","5 9 17 3 1 13 7 11 15 2 6 16 14 18 8 4 10 12"
"Michigan City Municipal Golf Course","IN","Michigan City","Red","64.1","105","69","115","5044","4 4 3 4 5 3 4 5 4 3 4 4 3 4 5 5 4 4","5 9 17 3 1 13 7 11 15 2 6 16 14 18 8 4 10 12"
"Morning Star Golf Course","IN","Indianapolis","Blue","70.8","123","","","6499","4 4 4 4 3 4 4 4 5 5 3 3 5 4 4 4 3 5","15 5 7 17 3 11 13 9 1 14 8 16 18 12 2 10 6 4"
"Morning Star Golf Course","IN","Indianapolis","White","67","121","","","5852","4 4 4 4 3 4 4 4 5 5 3 3 5 4 4 4 3 5","15 5 7 17 3 11 13 9 1 14 8 16 18 12 2 10 6 4"
"Morning Star Golf Course","IN","Indianapolis","Yellow","65.1","109","","","5333","4 4 4 4 3 4 4 4 5 5 3 3 5 4 4 4 3 5","15 5 7 17 3 11 13 9 1 14 8 16 18 12 2 10 6 4"
"Morning Star Golf Course","IN","Indianapolis","Red","","","67.4","123","5031","4 4 4 4 3 4 4 4 5 5 3 3 5 4 4 4 3 5","15 5 7 17 3 11 13 9 1 14 8 16 18 12 2 10 6 4"
"Morris Park Country Club","IN","South Bend","Black","72","127","","","6623","4 4 5 3 4 4 4 4 3 4 3 4 4 4 3 4 4 5","3 17 15 13 1 9 7 5 11 16 18 6 4 10 12 2 8 14"
"Morris Park Country Club","IN","South Bend","Silver","70.3","122","","","6313","4 4 5 3 4 4 4 4 3 4 3 4 4 4 3 4 4 5","3 17 15 13 1 9 7 5 11 16 18 6 4 10 12 2 8 14"
"Morris Park Country Club","IN","South Bend","Green","68.2","121","74.2","129","5871","4 4 5 3 4 4 4 4 3 4 3 4 4 4 3 4 4 5","3 17 15 13 1 9 7 5 11 16 18 6 4 10 12 2 8 14"
"Morris Park Country Club","IN","South Bend","Blue","65.3","113","70.6","119","5296","4 4 5 3 4 4 4 4 3 4 3 4 4 4 3 4 4 5","3 17 15 13 1 9 7 5 11 16 18 6 4 10 12 2 8 14"
"Muncie Elks Country Club","IN","Muncie","Black","70.1","128","","","6406","4 3 4 5 4 4 4 5 3 4 4 3 4 4 5 4 5 3","15 17 13 7 1 3 5 9 11 2 10 6 8 16 12 18 14 4"
"Muncie Elks Country Club","IN","Muncie","White","68.3","124","","","5955","4 3 4 5 4 4 4 5 3 4 4 3 4 4 5 4 5 3","15 17 13 7 1 3 5 9 11 2 10 6 8 16 12 18 14 4"
"Muncie Elks Country Club","IN","Muncie","Gold","63.1","111","","","5205","4 3 4 5 4 4 4 5 3 4 4 3 4 4 5 4 5 3","15 17 13 7 1 3 5 9 11 2 10 6 8 16 12 18 14 4"
"Muncie Elks Country Club","IN","Muncie","Red","","","65.6","113","5205","4 3 4 5 4 4 4 5 3 4 4 3 4 4 5 4 5 3","15 17 13 7 1 3 5 9 11 2 10 6 8 16 12 18 14 4"
"North Branch Golf Course","IN","Greensburg","Blue","67.2","115","","","5646","4 3 5 3 4 4 4 3 5 4 4 4 4 3 4 5 4 3","9 17 7 15 3 5 11 13 1 10 4 6 14 16 12 2 8 18"
"North Branch Golf Course","IN","Greensburg","White","66","112","","","5387","4 3 5 3 4 4 4 3 5 4 4 4 4 3 4 5 4 3","9 17 7 15 3 5 11 13 1 10 4 6 14 16 12 2 8 18"
"North Branch Golf Course","IN","Greensburg","Gold","62.8","103","","","4720","4 3 5 3 4 4 4 3 5 4 4 4 4 3 4 5 4 3","9 17 7 15 3 5 11 13 1 10 4 6 14 16 12 2 8 18"
"North Branch Golf Course","IN","Greensburg","Red","","","64.8","104","4300","4 3 5 3 4 4 4 3 5 4 4 4 4 3 4 5 4 3","9 17 7 15 3 5 11 13 1 10 4 6 14 16 12 2 8 18"
"Oak Knoll Golf Course","IN","Crown Point","Blue","66","107","","","5709","4 4 4 4 3 4 3 4 4 5 5 3 4 4 4 4 4 3","9 5 16 7 12 18 15 3 8 10 2 17 13 6 1 14 11 4"
"Oak Knoll Golf Course","IN","Crown Point","Red","60.9","92","64.5","101","4490","4 4 4 4 3 4 3 4 4 5 5 3 4 4 4 4 4 3","9 5 16 7 12 18 15 3 8 10 2 17 13 6 1 14 11 4"
"Oak Meadow Country Club","IN","Evansville","Gold","74.2","139","","","6827","4 5 3 4 4 5 4 3 4 4 5 4 3 4 5 4 3 4","9 7 15 1 11 5 17 13 3 6 10 12 16 14 8 2 18 4"
"Oak Meadow Country Club","IN","Evansville","Blue","72.2","138","","","6498","4 5 3 4 4 5 4 3 4 4 5 4 3 4 5 4 3 4","9 7 15 1 11 5 17 13 3 6 10 12 16 14 8 2 18 4"
"Oak Meadow Country Club","IN","Evansville","White","69.8","129","75.4","134","5938","4 5 3 4 4 5 4 3 4 4 5 4 3 4 5 4 3 4","9 7 15 1 11 5 17 13 3 6 10 12 16 14 8 2 18 4"
"Oak Meadow Country Club","IN","Evansville","Red","67.2","122","71.8","129","5435","4 5 3 4 4 5 4 3 4 4 5 4 3 4 5 4 3 4","9 7 15 1 11 5 17 13 3 6 10 12 16 14 8 2 18 4"
"Oak Meadow Country Club","IN","Evansville","Green","63.5","113","67.6","125","4647","4 5 3 4 4 5 4 3 4 4 5 4 3 4 5 4 3 4","9 7 15 1 11 5 17 13 3 6 10 12 16 14 8 2 18 4"
"Oak Ridge Golf Course","IN","Brazil","White","68.5","113","","","6034","4 3 4 4 5 5 4 3 5 4 4 5 3 4 4 3 4 4","18 4 2 10 14 6 12 8 16 13 17 5 9 1 15 11 3 7"
"Oak Ridge Golf Course","IN","Brazil","Gold","66.2","107","","","5395","4 3 4 4 5 5 4 3 5 4 4 5 3 4 4 3 4 4","18 4 2 10 14 6 12 8 16 13 17 5 9 1 15 11 3 7"
"Oak Ridge Golf Course","IN","Brazil","Red","","","69.4","110","4982","4 3 4 4 5 5 4 3 5 4 4 5 3 4 4 3 4 4","18 4 2 10 14 6 12 8 16 13 17 5 9 1 15 11 3 7"
"Oaktree Golf Course","IN","Plainfield","Blue","71.8","124","","","6520","4 3 4 4 3 5 4 5 4 3 5 5 4 3 4 4 4 4","15 7 17 5 13 11 1 9 3 14 12 6 2 16 18 4 8 10"
"Oaktree Golf Course","IN","Plainfield","White","70.1","119","75.6","129","6165","4 3 4 4 3 5 4 5 4 3 5 5 4 3 4 4 4 4","15 7 17 5 13 11 1 9 3 14 12 6 2 16 18 4 8 10"
"Oaktree Golf Course","IN","Plainfield","Gold","66.5","110","","","5205","4 3 4 4 3 5 4 5 4 3 5 5 4 3 4 4 4 4","15 7 17 5 13 11 1 9 3 14 12 6 2 16 18 4 8 10"
"Oaktree Golf Course","IN","Plainfield","Red","","","70.9","119","4985","4 3 4 4 3 5 4 5 4 3 5 5 4 3 4 4 4 4","15 7 17 5 13 11 1 9 3 14 12 6 2 16 18 4 8 10"
"Old Capital Golf Club","IN","Corydon","Black","72.8","131","","","6803","4 3 4 4 4 5 3 5 4 4 5 5 4 3 4 3 4 4","3 13 9 1 17 11 5 15 7 4 6 16 2 12 8 18 14 10"
"Old Capital Golf Club","IN","Corydon","Blue","70.8","129","","","6388","4 3 4 4 4 5 3 5 4 4 5 5 4 3 4 3 4 4","3 13 9 1 17 11 5 15 7 4 6 16 2 12 8 18 14 10"
"Old Capital Golf Club","IN","Corydon","White","68.8","123","","","5894","4 3 4 4 4 5 3 5 4 4 5 5 4 3 4 3 4 4","3 13 9 1 17 11 5 15 7 4 6 16 2 12 8 18 14 10"
"Old Capital Golf Club","IN","Corydon","Gold","65.6","112","71.2","123","5365","4 3 4 4 4 5 3 5 4 4 5 5 4 3 4 3 4 4","3 13 9 1 17 11 5 15 7 4 6 16 2 12 8 18 14 10"
"Old Capital Golf Club","IN","Corydon","Green","","","68","117","4760","4 3 4 4 4 5 3 5 4 4 5 5 4 3 4 3 4 4","3 13 9 1 17 11 5 15 7 4 6 16 2 12 8 18 14 10"
"Old Oakland Golf Club","IN","Indianapolis","Black","74.7","135","","","7004","4 4 4 4 3 4 5 3 5 4 4 4 3 4 4 5 3 5","3 15 11 9 13 5 1 17 7 6 14 12 16 4 8 10 18 2"
"Old Oakland Golf Club","IN","Indianapolis","Black/Silver","73.6","135","","","6778","4 4 4 4 3 4 5 3 5 4 4 4 3 4 4 5 3 5","3 15 11 9 13 5 1 17 7 6 14 12 16 4 8 10 18 2"
"Old Oakland Golf Club","IN","Indianapolis","Silver","73.1","132","","","6686","4 4 4 4 3 4 5 3 5 4 4 4 3 4 4 5 3 5","3 15 11 9 13 5 1 17 7 6 14 12 16 4 8 10 18 2"
"Old Oakland Golf Club","IN","Indianapolis","Silver/White","72","132","","","6457","4 4 4 4 3 4 5 3 5 4 4 4 3 4 4 5 3 5","3 15 11 9 13 5 1 17 7 6 14 12 16 4 8 10 18 2"
"Old Oakland Golf Club","IN","Indianapolis","White","71.2","130","77.3","137","6310","4 4 4 4 3 4 5 3 5 4 4 4 3 4 4 5 3 5","3 15 11 9 13 5 1 17 7 6 14 12 16 4 8 10 18 2"
"Old Oakland Golf Club","IN","Indianapolis","White/Green","69.9","127","75.4","134","6022","4 4 4 4 3 4 5 3 5 4 4 4 3 4 4 5 3 5","3 15 11 9 13 5 1 17 7 6 14 12 16 4 8 10 18 2"
"Old Oakland Golf Club","IN","Indianapolis","Green","68.5","124","73.7","129","5703","4 4 4 4 3 4 5 3 5 4 4 4 3 4 4 5 3 5","3 15 11 9 13 5 1 17 7 6 14 12 16 4 8 10 18 2"
"Old Oakland Golf Club","IN","Indianapolis","Green/Gold","65.8","120","70.4","123","5330","4 4 4 4 3 4 5 3 5 4 4 4 3 4 4 5 3 5","3 15 11 9 13 5 1 17 7 6 14 12 16 4 8 10 18 2"
"Old Oakland Golf Club","IN","Indianapolis","Gold","64.9","117","69.5","122","5222","4 4 4 4 3 4 5 3 5 4 4 4 3 4 4 5 3 5","3 15 11 9 13 5 1 17 7 6 14 12 16 4 8 10 18 2"
"Orchard Ridge Country Club","IN","Fort Wayne","Black","72.5","135","","","6602","4 4 5 4 4 3 5 4 3 5 3 5 4 4 3 4 3 4","15 1 7 9 3 11 5 17 13 2 14 4 6 8 16 12 18 10"
"Orchard Ridge Country Club","IN","Fort Wayne","Black/Blue","71.6","133","","","6442","4 4 5 4 4 3 5 4 3 5 3 5 4 4 3 4 3 4","15 1 7 9 3 11 5 17 13 2 14 4 6 8 16 12 18 10"
"Orchard Ridge Country Club","IN","Fort Wayne","Blue","70.6","132","75.9","138","6254","4 4 5 4 4 3 5 4 3 5 3 5 4 4 3 4 3 4","15 1 7 9 3 11 5 17 13 2 14 4 6 8 16 12 18 10"
"Orchard Ridge Country Club","IN","Fort Wayne","Blue/Green","68.4","129","73.3","133","5804","4 4 5 4 4 3 5 4 3 5 3 5 4 4 3 4 3 4","15 1 7 9 3 11 5 17 13 2 14 4 6 8 16 12 18 10"
"Orchard Ridge Country Club","IN","Fort Wayne","Green","67.3","127","72.1","129","5582","4 4 5 4 4 3 5 4 3 5 3 5 4 4 3 4 3 4","15 1 7 9 3 11 5 17 13 2 14 4 6 8 16 12 18 10"
"Orchard Ridge Country Club","IN","Fort Wayne","Red","65.1","122","69.4","124","4948","4 4 5 4 4 3 5 4 3 5 3 5 4 4 3 4 3 4","15 1 7 9 3 11 5 17 13 2 14 4 6 8 16 12 18 10"
"Otter Creek Golf Course","IN","Columbus","Black","76.6","142","","","7349","5 4 3 4 5 4 4 3 4 4 4 4 3 5 3 4 4 5","8 12 16 6 2 14 10 18 4 1 17 13 15 11 9 3 7 5"
"Otter Creek Golf Course","IN","Columbus","Gold","74.6","138","","","6897","5 4 3 4 5 4 4 3 4 4 4 4 3 5 3 4 4 5","8 12 16 6 2 14 10 18 4 1 17 13 15 11 9 3 7 5"
"Otter Creek Golf Course","IN","Columbus","Blue","73.2","131","79.4","136","6577","5 4 3 4 5 4 4 3 4 4 4 4 3 5 3 4 4 5","8 12 16 6 2 14 10 18 4 1 17 13 15 11 9 3 7 5"
"Otter Creek Golf Course","IN","Columbus","White","70.6","132","77","135","6122","5 4 3 4 5 4 4 3 4 4 4 4 3 5 3 4 4 5","8 12 16 6 2 14 10 18 4 1 17 13 15 11 9 3 7 5"
"Otter Creek Golf Course","IN","Columbus","Green","65.8","122","70.6","123","5398","5 4 3 4 5 4 4 3 4 4 4 4 3 5 3 4 4 5","8 12 16 6 2 14 10 18 4 1 17 13 15 11 9 3 7 5"
"Otter Creek Golf Course","IN","Columbus","Red","62.6","114","66","114","4446","5 4 3 4 5 4 4 3 4 4 4 4 3 5 3 4 4 5","8 12 16 6 2 14 10 18 4 1 17 13 15 11 9 3 7 5"
"Palmira Golf Club","IN","Saint John","Blue","74","137","","","6960","4 4 4 3 4 4 3 5 4 4 4 5 4 5 3 4 5 3","10 4 14 18 6 8 16 2 12 15 11 3 9 5 13 7 1 17"
"Palmira Golf Club","IN","Saint John","White","71.3","133","","","6449","4 4 4 3 4 4 3 5 4 4 4 5 4 5 3 4 5 3","10 4 14 18 6 8 16 2 12 15 11 3 9 5 13 7 1 17"
"Palmira Golf Club","IN","Saint John","Green","68.8","125","74.7","136","5974","4 4 4 3 4 4 3 5 4 4 4 5 4 5 3 4 5 3","10 4 14 18 6 8 16 2 12 15 11 3 9 5 13 7 1 17"
"Palmira Golf Club","IN","Saint John","Red","65.9","114","71","122","5329","4 4 4 3 4 4 3 5 4 4 4 5 4 5 3 4 5 3","10 4 14 18 6 8 16 2 12 15 11 3 9 5 13 7 1 17"
"Pebble Brook Golf Club","IN","Noblesville","Blue","71.5","127","","","6583","4 5 3 4 4 3 4 4 5 4 3 5 4 4 4 3 4 5","11 9 5 1 15 17 7 3 13 10 8 14 4 2 12 18 16 6"
"Pebble Brook Golf Club","IN","Noblesville","White","69.8","125","","","6183","4 5 3 4 4 3 4 4 5 4 3 5 4 4 4 3 4 5","11 9 5 1 15 17 7 3 13 10 8 14 4 2 12 18 16 6"
"Pebble Brook Golf Club","IN","Noblesville","Gold","66.1","113","71.3","123","5459","4 5 3 4 4 3 4 4 5 4 3 5 4 4 4 3 4 5","11 9 5 1 15 17 7 3 13 10 8 14 4 2 12 18 16 6"
"Pebble Brook Golf Club","IN","Noblesville","Red","","","69","118","5052","4 5 3 4 4 3 4 4 5 4 3 5 4 4 4 3 4 5","11 9 5 1 15 17 7 3 13 10 8 14 4 2 12 18 16 6"
"Pete Dye Course","IN","French Lick","Gold","80.5","151","","","8102","4 4 5 3 4 4 5 3 4 4 4 4 3 5 4 3 4 5","7 13 1 11 15 5 9 17 3 14 10 4 18 8 16 6 12 2"
"Pete Dye Course","IN","French Lick","Black","76.6","142","","","7254","4 4 5 3 4 4 5 3 4 4 4 4 3 5 4 3 4 5","7 13 1 11 15 5 9 17 3 14 10 4 18 8 16 6 12 2"
"Pete Dye Course","IN","French Lick","Blue","74.1","138","","","6701","4 4 5 3 4 4 5 3 4 4 4 4 3 5 4 3 4 5","7 13 1 11 15 5 9 17 3 14 10 4 18 8 16 6 12 2"
"Pete Dye Course","IN","French Lick","White","70.8","134","76.2","135","6115","4 4 5 3 4 4 5 3 4 4 4 4 3 5 4 3 4 5","7 13 1 11 15 5 9 17 3 14 10 4 18 8 16 6 12 2"
"Pete Dye Course","IN","French Lick","Yellow","66.4","120","71.8","127","5337","4 4 5 3 4 4 5 3 4 4 4 4 3 5 4 3 4 5","7 13 1 11 15 5 9 17 3 14 10 4 18 8 16 6 12 2"
"Pete Dye Course","IN","French Lick","Silver","66.1","120","71.4","125","5262","4 4 5 3 4 4 5 3 4 4 4 4 3 5 4 3 4 5","7 13 1 11 15 5 9 17 3 14 10 4 18 8 16 6 12 2"
"Pete Dye Course","IN","French Lick","Red","65.4","118","70.6","124","5121","4 4 5 3 4 4 5 3 4 4 4 4 3 5 4 3 4 5","7 13 1 11 15 5 9 17 3 14 10 4 18 8 16 6 12 2"
"Pfau Golf Course at Indiana University","IN","Bloomington","Crimson","80.2","155","","","7908","5 4 3 4 4 4 3 4 5 4 4 4 5 4 3 4 3 4","5 1 17 11 15 9 13 7 3 16 12 2 6 10 14 8 18 4"
"Pfau Golf Course at Indiana University","IN","Bloomington","Black","77.2","150","","","7310","5 4 3 4 4 4 3 4 5 4 4 4 5 4 3 4 3 4","5 1 17 11 15 9 13 7 3 16 12 2 6 10 14 8 18 4"
"Pfau Golf Course at Indiana University","IN","Bloomington","Black/Blue","76.1","148","","","7010","5 4 3 4 4 4 3 4 5 4 4 4 5 4 3 4 3 4","5 1 17 11 15 9 13 7 3 16 12 2 6 10 14 8 18 4"
"Pfau Golf Course at Indiana University","IN","Bloomington","Blue","74.3","147","","","6736","5 4 3 4 4 4 3 4 5 4 4 4 5 4 3 4 3 4","5 1 17 11 15 9 13 7 3 16 12 2 6 10 14 8 18 4"
"Pfau Golf Course at Indiana University","IN","Bloomington","Blue/White","73","146","","","6496","5 4 3 4 4 4 3 4 5 4 4 4 5 4 3 4 3 4","5 1 17 11 15 9 13 7 3 16 12 2 6 10 14 8 18 4"
"Pfau Golf Course at Indiana University","IN","Bloomington","White","71.2","140","76.8","138","6153","5 4 3 4 4 4 3 4 5 4 4 4 5 4 3 4 3 4","5 1 17 11 15 9 13 7 3 16 12 2 6 10 14 8 18 4"
"Pfau Golf Course at Indiana University","IN","Bloomington","White/Gold","69.9","136","","","5814","5 4 3 4 4 4 3 4 5 4 4 4 5 4 3 4 3 4","5 1 17 11 15 9 13 7 3 16 12 2 6 10 14 8 18 4"
"Pfau Golf Course at Indiana University","IN","Bloomington","Gold","68.6","125","73.5","131","5405","5 4 3 4 4 4 3 4 5 4 4 4 5 4 3 4 3 4","5 1 17 11 15 9 13 7 3 16 12 2 6 10 14 8 18 4"
"Pfau Golf Course at Indiana University","IN","Bloomington","Green","64.8","117","67.8","119","4648","5 4 3 4 4 4 3 4 5 4 4 4 5 4 3 4 3 4","5 1 17 11 15 9 13 7 3 16 12 2 6 10 14 8 18 4"
"Phil Harris Golf Course","IN","Linton","Mens","68.3","112","","","5954","3 4 4 4 5 5 3 4 3 3 4 5 4 3 5 4 4 4","17 3 11 5 1 9 15 13 7 18 6 10 4 16 2 12 8 14"
"Phil Harris Golf Course","IN","Linton","Seniors","64.2","99","","","4985","3 4 4 4 5 5 3 4 3 3 4 5 4 3 5 4 4 4","17 3 11 5 1 9 15 13 7 18 6 10 4 16 2 12 8 14"
"Phil Harris Golf Course","IN","Linton","Ladies","","","65.4","102","4486","3 4 4 4 5 5 3 4 3 3 4 5 4 3 5 4 4 4","17 3 11 5 1 9 15 13 7 18 6 10 4 16 2 12 8 14"
"Pine Valley Country Club","IN","Fort Wayne","Black/White","71.7","126","","","6439","4 4 5 3 4 5 3 4 4 4 4 3 5 4 3 4 4 4","12 10 2 18 8 4 16 14 6 1 11 13 3 9 15 5 17 7"
"Pine Valley Country Club","IN","Fort Wayne","White","70.8","125","","","6267","4 4 5 3 4 5 3 4 4 4 4 3 5 4 3 4 4 4","12 10 2 18 8 4 16 14 6 1 11 13 3 9 15 5 17 7"
"Pine Valley Country Club","IN","Fort Wayne","White/Green","69.2","124","","","5934","4 4 5 3 4 5 3 4 4 4 4 3 5 4 3 4 4 4","12 10 2 18 8 4 16 14 6 1 11 13 3 9 15 5 17 7"
"Pine Valley Country Club","IN","Fort Wayne","Green","67.9","118","73.8","128","5669","4 4 5 3 4 5 3 4 4 4 4 3 5 4 3 4 4 4","12 10 2 18 8 4 16 14 6 1 11 13 3 9 15 5 17 7"
"Pine Valley Country Club","IN","Fort Wayne","Red","64.9","113","70.1","119","5094","4 4 5 3 4 5 3 4 4 4 4 3 5 4 3 4 4 4","12 10 2 18 8 4 16 14 6 1 11 13 3 9 15 5 17 7"
"Pleasant Run Golf Club","IN","Indianapolis","Blue","68.7","128","","","5910","4 4 5 4 3 5 3 4 4 4 3 4 3 4 4 4 4 5","2 4 10 12 14 6 8 16 18 5 17 1 13 3 7 11 9 15"
"Pleasant Run Golf Club","IN","Indianapolis","White","66.4","119","","","5397","4 4 5 4 3 5 3 4 4 4 3 4 3 4 4 4 4 5","2 4 10 12 14 6 8 16 18 5 17 1 13 3 7 11 9 15"
"Pleasant Run Golf Club","IN","Indianapolis","Red","63.7","106","67.4","113","4649","4 4 5 4 3 5 3 4 4 4 3 4 3 4 4 4 4 5","2 4 10 12 14 6 8 16 18 5 17 1 13 3 7 11 9 15"
"Pleasant Run Golf Club","IN","Indianapolis","Gold","61.6","102","63.8","106","4069","4 4 5 4 3 5 3 4 4 4 3 4 3 4 4 4 4 5","2 4 10 12 14 6 8 16 18 5 17 1 13 3 7 11 9 15"
"Plum Creek Golf Course","IN","Carmel","Championship","73.6","127","","","6970","4 5 3 4 4 4 4 5 3 4 3 5 4 4 4 3 5 4","11 9 15 1 17 5 3 7 13 18 16 10 2 4 12 8 14 6"
"Plum Creek Golf Course","IN","Carmel","Tournament","71.3","123","","","6550","4 5 3 4 4 4 4 5 3 4 3 5 4 4 4 3 5 4","11 9 15 1 17 5 3 7 13 18 16 10 2 4 12 8 14 6"
"Plum Creek Golf Course","IN","Carmel","Member","70.4","120","","","6354","4 5 3 4 4 4 4 5 3 4 3 5 4 4 4 3 5 4","11 9 15 1 17 5 3 7 13 18 16 10 2 4 12 8 14 6"
"Plum Creek Golf Course","IN","Carmel","Masters","68.2","115","73.3","123","5830","4 5 3 4 4 4 4 5 3 4 3 5 4 4 4 3 5 4","11 9 15 1 17 5 3 7 13 18 16 10 2 4 12 8 14 6"
"Plum Creek Golf Course","IN","Carmel","Green","66","106","70.9","116","5403","4 5 3 4 4 4 4 5 3 4 3 5 4 4 4 3 5 4","11 9 15 1 17 5 3 7 13 18 16 10 2 4 12 8 14 6"
"Plum Creek Golf Course","IN","Carmel","Forward","64.8","106","69.6","112","5195","4 5 3 4 4 4 4 5 3 4 3 5 4 4 4 3 5 4","11 9 15 1 17 5 3 7 13 18 16 10 2 4 12 8 14 6"
"Pottawattamie Country Club","IN","Michigan City","Blue","73.1","131","","","6692","4 4 3 5 3 4 4 5 4 4 5 4 3 5 3 4 4 4","3 11 7 9 17 1 13 5 15 2 6 4 18 14 12 16 10 8"
"Pottawattamie Country Club","IN","Michigan City","Blue II","73.1","131","","","6675","4 4 3 5 3 4 4 5 4 4 5 4 3 5 3 4 4 4","3 11 7 9 17 1 13 5 15 2 6 4 18 14 12 16 10 8"
"Pottawattamie Country Club","IN","Michigan City","White","71.6","127","","","6370","4 4 3 5 3 4 4 5 4 4 5 4 3 5 3 4 4 4","3 11 7 9 17 1 13 5 15 2 6 4 18 14 12 16 10 8"
"Pottawattamie Country Club","IN","Michigan City","Gold","70.2","124","","","6079","4 4 3 5 3 4 4 5 4 4 5 4 3 5 3 4 4 4","3 11 7 9 17 1 13 5 15 2 6 4 18 14 12 16 10 8"
"Pottawattamie Country Club","IN","Michigan City","Black","68.8","121","74.1","132","5752","4 4 3 5 3 4 4 5 4 4 5 4 3 5 3 4 4 4","3 11 7 9 17 1 13 5 15 2 6 4 18 14 12 16 10 8"
"Pottawattamie Country Club","IN","Michigan City","Red","67.1","117","72.1","128","5384","4 4 3 5 3 4 4 5 4 4 5 4 3 5 3 4 4 4","3 11 7 9 17 1 13 5 15 2 6 4 18 14 12 16 10 8"
"Pottawattamie Country Club","IN","Michigan City","Green","64.4","111","68.8","121","4645","4 4 3 5 3 4 4 5 4 4 5 4 3 5 3 4 4 4","3 11 7 9 17 1 13 5 15 2 6 4 18 14 12 16 10 8"
"Prairie View Golf Club","IN","Carmel","Black","75","148","","","7073","4 4 5 3 4 3 5 4 4 4 4 3 5 4 3 4 4 5","12 14 8 16 10 18 4 6 2 5 11 15 7 1 17 13 3 9"
"Prairie View Golf Club","IN","Carmel","Gold","73.1","143","","","6727","4 4 5 3 4 3 5 4 4 4 4 3 5 4 3 4 4 5","12 14 8 16 10 18 4 6 2 5 11 15 7 1 17 13 3 9"
"Prairie View Golf Club","IN","Carmel","White","70.7","133","76.4","140","6215","4 4 5 3 4 3 5 4 4 4 4 3 5 4 3 4 4 5","12 14 8 16 10 18 4 6 2 5 11 15 7 1 17 13 3 9"
"Prairie View Golf Club","IN","Carmel","White/Green","68","123","73.8","127","5611","4 4 5 3 4 3 5 4 4 4 4 3 5 4 3 4 4 5","12 14 8 16 10 18 4 6 2 5 11 15 7 1 17 13 3 9"
"Prairie View Golf Club","IN","Carmel","Green","65.6","113","71","119","5203","4 4 5 3 4 3 5 4 4 4 4 3 5 4 3 4 4 5","12 14 8 16 10 18 4 6 2 5 11 15 7 1 17 13 3 9"
"Prestwick Country Club","IN","Avon","Blue","73.9","131","","","6960","4 5 4 4 3 4 4 3 5 4 5 3 4 4 3 4 4 5","15 3 1 11 17 9 7 13 5 8 14 18 10 4 16 6 12 2"
"Prestwick Country Club","IN","Avon","Mixed","72.5","128","","","6655","4 5 4 4 3 4 4 3 5 4 5 3 4 4 3 4 4 5","15 3 1 11 17 9 7 13 5 8 14 18 10 4 16 6 12 2"
"Prestwick Country Club","IN","Avon","White","71.3","126","","","6350","4 5 4 4 3 4 4 3 5 4 5 3 4 4 3 4 4 5","15 3 1 11 17 9 7 13 5 8 14 18 10 4 16 6 12 2"
"Prestwick Country Club","IN","Avon","Yellow","67.1","116","72.8","123","5485","4 5 4 4 3 4 4 3 5 4 5 3 4 4 3 4 4 5","15 3 1 11 17 9 7 13 5 8 14 18 10 4 16 6 12 2"
"Prestwick Country Club","IN","Avon","Red","","","68.7","115","4795","4 5 4 4 3 4 4 3 5 4 5 3 4 4 3 4 4 5","15 3 1 11 17 9 7 13 5 8 14 18 10 4 16 6 12 2"
"Purgatory Golf Club","IN","Noblesville","Purgatory","78.3","148","","","7754","4 4 3 4 5 4 3 4 5 4 4 3 5 4 4 4 3 5","18 8 16 2 6 10 12 4 14 7 15 11 5 3 9 1 17 13"
"Purgatory Golf Club","IN","Noblesville","Black","76.4","144","","","7268","4 4 3 4 5 4 3 4 5 4 4 3 5 4 4 4 3 5","18 8 16 2 6 10 12 4 14 7 15 11 5 3 9 1 17 13"
"Purgatory Golf Club","IN","Noblesville","Blue","74.3","138","","","6796","4 4 3 4 5 4 3 4 5 4 4 3 5 4 4 4 3 5","18 8 16 2 6 10 12 4 14 7 15 11 5 3 9 1 17 13"
"Purgatory Golf Club","IN","Noblesville","White","72","135","","","6422","4 4 3 4 5 4 3 4 5 4 4 3 5 4 4 4 3 5","18 8 16 2 6 10 12 4 14 7 15 11 5 3 9 1 17 13"
"Purgatory Golf Club","IN","Noblesville","Hybrid","70.6","134","","","5965","4 4 3 4 5 4 3 4 5 4 4 3 5 4 4 4 3 5","18 8 16 2 6 10 12 4 14 7 15 11 5 3 9 1 17 13"
"Purgatory Golf Club","IN","Noblesville","Green","68.5","130","73.8","131","5587","4 4 3 4 5 4 3 4 5 4 4 3 5 4 4 4 3 5","18 8 16 2 6 10 12 4 14 7 15 11 5 3 9 1 17 13"
"Purgatory Golf Club","IN","Noblesville","Yellow","","","67.3","114","4562","4 4 3 4 5 4 3 4 5 4 4 3 5 4 4 4 3 5","18 8 16 2 6 10 12 4 14 7 15 11 5 3 9 1 17 13"
"Quail Creek Golf Club","IN","Pittsboro","Green","69.2","120","","","6329","5 3 4 5 3 4 4 4 4 5 3 4 4 4 5 4 3 4","10 18 4 14 8 2 6 16 12 7 5 11 3 9 13 17 15 1"
"Quail Creek Golf Club","IN","Pittsboro","White","68","116","","","6081","5 3 4 5 3 4 4 4 4 5 3 4 4 4 5 4 3 4","10 18 4 14 8 2 6 16 12 7 5 11 3 9 13 17 15 1"
"Quail Creek Golf Club","IN","Pittsboro","Gold","65.1","105","69.9","121","5435","5 3 4 5 3 4 4 4 4 5 3 4 4 4 5 4 3 4","10 18 4 14 8 2 6 16 12 7 5 11 3 9 13 17 15 1"
"Quail Creek Golf Club","IN","Pittsboro","Maroon","","","65.7","106","4654","5 3 4 5 3 4 4 4 4 5 3 4 4 4 5 4 3 4","10 18 4 14 8 2 6 16 12 7 5 11 3 9 13 17 15 1"
"Raber Golf Course","IN","Bristol","Mens","70.6","114","","","6616","4 4 4 5 4 3 5 3 4 5 3 4 5 4 4 4 4 3","7 11 9 5 3 15 1 17 13 10 2 8 6 4 12 14 18 16"
"Raber Golf Course","IN","Bristol","Senior","65.7","99","","","5561","4 4 4 5 4 3 5 3 4 5 3 4 5 4 4 4 4 3","7 11 9 5 3 15 1 17 13 10 2 8 6 4 12 14 18 16"
"Raber Golf Course","IN","Bristol","Ladies","","","67.9","105","5081","4 4 4 5 4 3 5 3 4 5 3 4 5 4 4 4 4 3","7 11 9 5 3 15 1 17 13 10 2 8 6 4 12 14 18 16"
"Rea Park Golf Course","IN","Terre Haute","White","72","130","","","6482","4 4 3 4 4 4 4 5 4 4 5 4 3 4 4 5 3 4","15 3 17 11 5 13 9 1 7 4 2 10 18 16 12 6 14 8"
"Rea Park Golf Course","IN","Terre Haute","Gold","70.1","125","70","118","5462","4 4 3 4 4 4 4 5 4 4 5 4 3 4 4 5 3 4","15 3 17 11 5 13 9 1 7 4 2 10 18 16 12 6 14 8"
"Rea Park Golf Course","IN","Terre Haute","Red","66.4","120","68","113","5219","4 4 3 4 4 4 4 5 4 4 5 4 3 4 4 5 3 4","15 3 17 11 5 13 9 1 7 4 2 10 18 16 12 6 14 8"
"River Glen Country Club","IN","Fishers","Blue","73.9","136","","","6954","4 4 3 4 3 5 4 4 4 5 4 3 4 4 5 3 4 4","11 3 17 5 9 1 13 15 7 4 18 16 10 12 2 14 6 8"
"River Glen Country Club","IN","Fishers","White","70.7","131","77.1","136","6290","4 4 3 4 3 5 4 4 4 5 4 3 4 4 5 3 4 4","11 3 17 5 9 1 13 15 7 4 18 16 10 12 2 14 6 8"
"River Glen Country Club","IN","Fishers","Silver","67","124","72.6","128","5528","4 4 3 4 3 5 4 4 4 5 4 3 4 4 5 3 4 4","11 3 17 5 9 1 13 15 7 4 18 16 10 12 2 14 6 8"
"River Glen Country Club","IN","Fishers","Red","65","113","69.7","118","4908","4 4 3 4 3 5 4 4 4 5 4 3 4 4 5 3 4 4","11 3 17 5 9 1 13 15 7 4 18 16 10 12 2 14 6 8"
"Riverbend Golf Course","IN","Fort Wayne","Blue","73.7","139","","","6838","4 5 4 4 3 3 4 5 4 4 3 4 3 5 4 4 5 4","12 2 14 10 18 16 4 6 8 17 3 13 15 5 1 7 11 9"
"Riverbend Golf Course","IN","Fort Wayne","White","71.8","134","","","6460","4 5 4 4 3 3 4 5 4 4 3 4 3 5 4 4 5 4","12 2 14 10 18 16 4 6 8 17 3 13 15 5 1 7 11 9"
"Riverbend Golf Course","IN","Fort Wayne","Gold","67.5","122","","","5633","4 5 4 4 3 3 4 5 4 4 3 4 3 5 4 4 5 4","12 2 14 10 18 16 4 6 8 17 3 13 15 5 1 7 11 9"
"Riverbend Golf Course","IN","Fort Wayne","Red","","","72.9","128","5633","4 5 4 4 3 3 4 5 4 4 3 4 3 5 4 4 5 4","12 2 14 10 18 16 4 6 8 17 3 13 15 5 1 7 11 9"
"Robbinhurst Golf Club","IN","Valparaiso","Blue","67","113","71.8","120","5667","4 4 3 4 3 5 3 4 4 4 3 4 5 3 4 3 4 4","11 5 3 1 17 13 15 9 7 4 14 2 8 12 18 6 16 10"
"Robbinhurst Golf Club","IN","Valparaiso","White","63.5","103","67.7","110","4831","4 4 3 4 3 5 3 4 4 4 3 4 5 3 4 3 4 4","11 5 3 1 17 13 15 9 7 4 14 2 8 12 18 6 16 10"
"Robbinhurst Golf Club","IN","Valparaiso","Orange","60.1","94","63.7","101","4007","4 4 3 4 3 5 3 4 4 4 3 4 5 3 4 3 4 4","11 5 3 1 17 13 15 9 7 4 14 2 8 12 18 6 16 10"
"Rock Hollow Golf Course","IN","Peru","Black","74","141","","","7005","4 4 5 3 4 5 4 3 4 5 3 4 4 3 5 4 4 4","15 3 7 17 9 1 5 11 13 12 18 2 16 10 6 14 8 4"
"Rock Hollow Golf Course","IN","Peru","Rock","71.8","135","","","6463","4 4 5 3 4 5 4 3 4 5 3 4 4 3 5 4 4 4","15 3 7 17 9 1 5 11 13 12 18 2 16 10 6 14 8 4"
"Rock Hollow Golf Course","IN","Peru","Blended","70.5","133","","","6194","4 4 5 3 4 5 4 3 4 5 3 4 4 3 5 4 4 4","15 3 7 17 9 1 5 11 13 12 18 2 16 10 6 14 8 4"
"Rock Hollow Golf Course","IN","Peru","Blue","69.2","127","","","5912","4 4 5 3 4 5 4 3 4 5 3 4 4 3 5 4 4 4","15 3 7 17 9 1 5 11 13 12 18 2 16 10 6 14 8 4"
"Rock Hollow Golf Course","IN","Peru","Gold","64.4","111","69","118","4967","4 4 5 3 4 5 4 3 4 5 3 4 4 3 5 4 4 4","15 3 7 17 9 1 5 11 13 12 18 2 16 10 6 14 8 4"
"Rolling Hills Country Club","IN","Newburgh","Blue","72.9","129","","","6726","4 4 5 3 4 3 4 5 4 4 3 5 4 4 3 4 4 5","11 3 7 17 13 15 1 9 5 12 18 10 2 4 16 14 6 8"
"Rolling Hills Country Club","IN","Newburgh","Green","70.9","126","76.1","131","6283","4 4 5 3 4 3 4 5 4 4 3 5 4 4 3 4 4 5","11 3 7 17 13 15 1 9 5 12 18 10 2 4 16 14 6 8"
"Rolling Hills Country Club","IN","Newburgh","Silver","69.4","125","","","6012","4 4 5 3 4 3 4 5 4 4 3 5 4 4 3 4 4 5","11 3 7 17 13 15 1 9 5 12 18 10 2 4 16 14 6 8"
"Rolling Hills Country Club","IN","Newburgh","Orange","67.8","123","72.6","123","5641","4 4 5 3 4 3 4 5 4 4 3 5 4 4 3 4 4 5","11 3 7 17 13 15 1 9 5 12 18 10 2 4 16 14 6 8"
"Rolling Hills Country Club","IN","Newburgh","Purple","65.7","118","70.7","121","5235","4 4 5 3 4 3 4 5 4 4 3 5 4 4 3 4 4 5","11 3 7 17 13 15 1 9 5 12 18 10 2 4 16 14 6 8"
"Rolling Meadows Golf Course","IN","Gosport","Black","71.9","128","","","6652","4 3 4 4 4 5 4 3 5 4 3 4 4 4 4 5 3 5","3 11 13 1 17 15 5 9 7 14 10 18 16 2 4 6 8 12"
"Rolling Meadows Golf Course","IN","Gosport","Gold","69.5","122","","","6160","4 3 4 4 4 5 4 3 5 4 3 4 4 4 4 5 3 5","3 11 13 1 17 15 5 9 7 14 10 18 16 2 4 6 8 12"
"Rolling Meadows Golf Course","IN","Gosport","White","67.6","118","","","5654","4 3 4 4 4 5 4 3 5 4 3 4 4 4 4 5 3 5","3 11 13 1 17 15 5 9 7 14 10 18 16 2 4 6 8 12"
"Rolling Meadows Golf Course","IN","Gosport","Silver","","","68.1","119","4958","4 3 4 4 4 5 4 3 5 4 3 4 4 4 4 5 3 5","3 11 13 1 17 15 5 9 7 14 10 18 16 2 4 6 8 12"
"Rolling Meadows Golf Course","IN","Gosport","Red","","","66.3","110","4300","4 3 4 4 4 5 4 3 5 4 3 4 4 4 4 5 3 5","3 11 13 1 17 15 5 9 7 14 10 18 16 2 4 6 8 12"
"Round Barn Golf Club","IN","Rochester","Black","72.7","127","79.8","144","6752","4 4 3 5 3 4 4 4 5 3 5 5 4 4 4 3 4 4","3 13 17 15 11 9 5 1 7 8 2 18 16 12 6 14 4 10"
"Round Barn Golf Club","IN","Rochester","Red","71","122","77.2","140","6268","4 4 3 5 3 4 4 4 5 3 5 5 4 4 4 3 4 4","3 13 17 15 11 9 5 1 7 8 2 18 16 12 6 14 4 10"
"Round Barn Golf Club","IN","Rochester","Blue","66.9","115","71.6","127","5487","4 4 3 5 3 4 4 4 5 3 5 5 4 4 4 3 4 4","3 13 17 15 11 9 5 1 7 8 2 18 16 12 6 14 4 10"
"Round Barn Golf Club","IN","Rochester","Yellow","64.1","108","68.4","116","4935","4 4 3 5 3 4 4 4 5 3 5 5 4 4 4 3 4 4","3 13 17 15 11 9 5 1 7 8 2 18 16 12 6 14 4 10"
"Round Barn Golf Club","IN","Rochester","Tess Short","58.5","101","61.7","102","3969","4 4 3 5 3 4 4 4 5 3 5 5 4 4 4 3 4 4","3 13 17 15 11 9 5 1 7 8 2 18 16 12 6 14 4 10"
"Royal Hylands Golf Club","IN","Knightstown","Blue","72.8","136","","","6519","5 4 4 3 4 4 3 5 3 4 4 3 5 4 4 3 4 5","1 3 9 5 11 7 13 15 17 4 14 18 16 6 8 10 2 12"
"Royal Hylands Golf Club","IN","Knightstown","White","69.8","133","74.7","136","5922","5 4 4 3 4 4 3 5 3 4 4 3 5 4 4 3 4 5","1 3 9 5 11 7 13 15 17 4 14 18 16 6 8 10 2 12"
"Royal Hylands Golf Club","IN","Knightstown","Gold","64.8","116","68.5","123","4813","5 4 4 3 4 4 3 5 3 4 4 3 5 4 4 3 4 5","1 3 9 5 11 7 13 15 17 4 14 18 16 6 8 10 2 12"
"Royal Hylands Golf Club","IN","Knightstown","Red","","","67.6","121","4613","5 4 4 3 4 4 3 5 3 4 4 3 5 4 4 3 4 5","1 3 9 5 11 7 13 15 17 4 14 18 16 6 8 10 2 12"
"SaddleBrook Golf Club","IN","Indianapolis","Blue","70.1","126","","","5759","4 3 5 3 4 3 5 4 4 4 3 4 5 4 4 4 3 5","9 5 15 13 3 11 7 17 1 18 12 6 8 2 16 14 10 4"
"SaddleBrook Golf Club","IN","Indianapolis","White","67.8","119","","","5331","4 3 5 3 4 3 5 4 4 4 3 4 5 4 4 4 3 5","9 5 15 13 3 11 7 17 1 18 12 6 8 2 16 14 10 4"
"SaddleBrook Golf Club","IN","Indianapolis","Yellow","64.1","107","67.8","117","4782","4 3 5 3 4 3 5 4 4 4 3 4 5 4 4 4 3 5","9 5 15 13 3 11 7 17 1 18 12 6 8 2 16 14 10 4"
"SaddleBrook Golf Club","IN","Indianapolis","Red","","","61.5","98","4241","4 3 5 3 4 3 5 4 4 4 3 4 5 4 4 4 3 5","9 5 15 13 3 11 7 17 1 18 12 6 8 2 16 14 10 4"
"Saddlebrook Golf Course","IN","Indianapolis","Blue","70.1","126","","","5759","4 3 5 3 4 3 5 4 4 4 3 4 5 4 4 4 3 5","9 5 15 13 3 11 7 17 1 18 12 6 8 2 16 14 10 4"
"Saddlebrook Golf Course","IN","Indianapolis","White","67.8","119","","","5331","4 3 5 3 4 3 5 4 4 4 3 4 5 4 4 4 3 5","9 5 15 13 3 11 7 17 1 18 12 6 8 2 16 14 10 4"
"Saddlebrook Golf Course","IN","Indianapolis","Yellow","64.1","107","67.8","117","4782","4 3 5 3 4 3 5 4 4 4 3 4 5 4 4 4 3 5","9 5 15 13 3 11 7 17 1 18 12 6 8 2 16 14 10 4"
"Saddlebrook Golf Course","IN","Indianapolis","Red","","","61.5","98","4241","4 3 5 3 4 3 5 4 4 4 3 4 5 4 4 4 3 5","9 5 15 13 3 11 7 17 1 18 12 6 8 2 16 14 10 4"
"Salt Creek Golf Resort","IN","Nashville","Blue","71.2","132","","","6342","5 4 3 4 3 5 5 3 4 4 4 3 4 4 4 4 3 5","11 1 17 15 9 7 5 13 3 12 10 18 4 8 6 14 16 2"
"Salt Creek Golf Resort","IN","Nashville","White","69.5","129","","","6008","5 4 3 4 3 5 5 3 4 4 4 3 4 4 4 4 3 5","11 1 17 15 9 7 5 13 3 12 10 18 4 8 6 14 16 2"
"Salt Creek Golf Resort","IN","Nashville","Gold","68.8","122","","","5400","5 4 3 4 3 5 5 3 4 4 4 3 4 4 4 4 3 5","11 1 17 15 9 7 5 13 3 12 10 18 4 8 6 14 16 2"
"Salt Creek Golf Resort","IN","Nashville","Red","","","68.4","117","4415","5 4 3 4 3 5 5 3 4 4 4 3 4 4 4 4 3 5","11 1 17 15 9 7 5 13 3 12 10 18 4 8 6 14 16 2"
"Sand Creek Country Club","IN","Chesterton","Gold","74.9","144","","","6996","4 4 5 4 4 3 5 3 4 5 4 4 3 4 5 3 4 4","7 13 3 5 9 15 11 17 1 14 8 6 16 4 12 18 2 10"
"Sand Creek Country Club","IN","Chesterton","Blue","72.1","139","78.7","147","6453","4 4 5 4 4 3 5 3 4 5 4 4 3 4 5 3 4 4","7 13 3 5 9 15 11 17 1 14 8 6 16 4 12 18 2 10"
"Sand Creek Country Club","IN","Chesterton","White","70","132","75.9","141","6019","4 4 5 4 4 3 5 3 4 5 4 4 3 4 5 3 4 4","7 13 3 5 9 15 11 17 1 14 8 6 16 4 12 18 2 10"
"Sand Creek Country Club","IN","Chesterton","Black","66.6","124","71.9","131","5470","4 4 5 4 4 3 5 3 4 5 4 4 3 4 5 3 4 4","7 13 3 5 9 15 11 17 1 14 8 6 16 4 12 18 2 10"
"Sand Creek Country Club","IN","Chesterton","Red","65.9","121","71.2","127","5235","4 4 5 4 4 3 5 3 4 5 4 4 3 4 5 3 4 4","7 13 3 5 9 15 11 17 1 14 8 6 16 4 12 18 2 10"
"Sandy Pines Golf Course","IN","DeMotte","Tee I","73.4","136","","","6835","4 5 3 4 4 4 5 3 4 4 5 4 3 4 5 4 3 4","16 2 18 12 14 6 4 10 8 13 1 11 17 9 7 3 15 5"
"Sandy Pines Golf Course","IN","DeMotte","Combo I/II","72","132","","","6539","4 5 3 4 4 4 5 3 4 4 5 4 3 4 5 4 3 4","16 2 18 12 14 6 4 10 8 13 1 11 17 9 7 3 15 5"
"Sandy Pines Golf Course","IN","DeMotte","Tee II","70.7","128","76.2","126","6312","4 5 3 4 4 4 5 3 4 4 5 4 3 4 5 4 3 4","16 2 18 12 14 6 4 10 8 13 1 11 17 9 7 3 15 5"
"Sandy Pines Golf Course","IN","DeMotte","Tee III","67.5","120","74.4","127","5758","4 5 3 4 4 4 5 3 4 4 5 4 3 4 5 4 3 4","16 2 18 12 14 6 4 10 8 13 1 11 17 9 7 3 15 5"
"Sandy Pines Golf Course","IN","DeMotte","Tee IV Long","","","69.7","116","5056","4 5 3 4 4 4 5 3 4 4 5 4 3 4 5 4 3 4","16 2 18 12 14 6 4 10 8 13 1 11 17 9 7 3 15 5"
"Sandy Pines Golf Course","IN","DeMotte","Tee IV Short","","","68.4","114","4914","4 5 3 4 4 4 5 3 4 4 5 4 3 4 5 4 3 4","16 2 18 12 14 6 4 10 8 13 1 11 17 9 7 3 15 5"
"Sarah Shank Golf Course","IN","Indianapolis","Blue","71","122","","","6483","4 4 4 3 4 5 4 3 4 5 4 4 5 4 4 3 4 4","6 12 4 16 2 8 10 18 14 5 13 9 15 1 7 17 3 11"
"Sarah Shank Golf Course","IN","Indianapolis","White","69.9","119","","","6232","4 4 4 3 4 5 4 3 4 5 4 4 5 4 4 3 4 4","6 12 4 16 2 8 10 18 14 5 13 9 15 1 7 17 3 11"
"Sarah Shank Golf Course","IN","Indianapolis","Gold","63.6","105","","","4912","4 4 4 3 4 5 4 3 4 5 4 4 5 4 4 3 4 4","6 12 4 16 2 8 10 18 14 5 13 9 15 1 7 17 3 11"
"Sarah Shank Golf Course","IN","Indianapolis","Red","","","68.2","112","4912","4 4 4 3 4 5 4 3 4 5 4 4 5 4 4 3 4 4","6 12 4 16 2 8 10 18 14 5 13 9 15 1 7 17 3 11"
"Scherwood Golf","IN","Schererville","Gold","73.7","131","","","6844","4 4 4 3 4 3 5 4 4 4 3 5 4 3 5 4 4 4","13 11 3 17 9 15 1 7 5 4 16 2 8 18 6 12 14 10"
"Scherwood Golf","IN","Schererville","Blue","70.5","128","","","6248","4 4 4 3 4 3 5 4 4 4 3 5 4 3 5 4 4 4","13 11 3 17 9 15 1 7 5 4 16 2 8 18 6 12 14 10"
"Scherwood Golf","IN","Schererville","White","66.8","111","","","5609","4 4 4 3 4 3 5 4 4 4 3 5 4 3 5 4 4 4","13 11 3 17 9 15 1 7 5 4 16 2 8 18 6 12 14 10"
"Scherwood Golf","IN","Schererville","Red","","","68.9","115","5025","4 4 4 3 4 3 5 4 4 4 3 5 4 3 5 4 4 4","13 11 3 17 9 15 1 7 5 4 16 2 8 18 6 12 14 10"
"Shadowood Golf Course","IN","Seymour","Black","73.1","131","","","6752","4 3 4 4 5 4 4 3 5 3 5 4 3 4 5 4 3 5","8 18 2 10 14 4 12 16 6 17 7 3 13 9 1 5 15 11"
"Shadowood Golf Course","IN","Seymour","Black/White","71","127","","","6625","4 3 4 4 5 4 4 3 5 3 5 4 3 4 5 4 3 5","8 18 2 10 14 4 12 16 6 17 7 3 13 9 1 5 15 11"
"Shadowood Golf Course","IN","Seymour","White","70.2","125","76.1","131","6149","4 3 4 4 5 4 4 3 5 3 5 4 3 4 5 4 3 5","8 18 2 10 14 4 12 16 6 17 7 3 13 9 1 5 15 11"
"Shadowood Golf Course","IN","Seymour","Grey","65.3","111","70","120","5137","4 3 4 4 5 4 4 3 5 3 5 4 3 4 5 4 3 5","8 18 2 10 14 4 12 16 6 17 7 3 13 9 1 5 15 11"
"Shadowood Golf Course","IN","Seymour","Green","63.4","105","67.1","115","4678","4 3 4 4 5 4 4 3 5 3 5 4 3 4 5 4 3 5","8 18 2 10 14 4 12 16 6 17 7 3 13 9 1 5 15 11"
"Shady Hills Golf Course","IN","Marion","Black","72","126","","","6416","4 4 4 3 4 3 5 4 4 4 5 4 3 4 3 4 4 5","7 5 17 15 11 13 9 1 3 18 2 10 8 12 16 6 4 14"
"Shady Hills Golf Course","IN","Marion","Gold","70.6","120","","","5903","4 4 4 3 4 3 5 4 4 4 5 4 3 4 3 4 4 5","7 5 17 15 11 13 9 1 3 18 2 10 8 12 16 6 4 14"
"Shady Hills Golf Course","IN","Marion","White","69.1","117","","","5457","4 4 4 3 4 3 5 4 4 4 5 4 3 4 3 4 4 5","7 5 17 15 11 13 9 1 3 18 2 10 8 12 16 6 4 14"
"Shady Hills Golf Course","IN","Marion","Red","","","71.9","123","4348","4 4 4 3 4 3 5 4 4 4 5 4 3 4 3 4 4 5","7 5 17 15 11 13 9 1 3 18 2 10 8 12 16 6 4 14"
"Smock Golf Course","IN","Indianapolis","Blue","72.7","126","","","6837","5 4 4 3 5 4 3 4 4 5 4 4 3 4 3 4 4 5","1 13 3 17 5 11 15 9 7 2 12 10 18 14 16 8 4 6"
"Smock Golf Course","IN","Indianapolis","White","71.1","125","","","6438","5 4 4 3 5 4 3 4 4 5 4 4 3 4 3 4 4 5","1 13 3 17 5 11 15 9 7 2 12 10 18 14 16 8 4 6"
"Smock Golf Course","IN","Indianapolis","White/Gold","68.6","121","","","5978","5 4 4 3 5 4 3 4 4 5 4 4 3 4 3 4 4 5","1 13 3 17 5 11 15 9 7 2 12 10 18 14 16 8 4 6"
"Smock Golf Course","IN","Indianapolis","Gold","65.8","113","71.1","119","5363","5 4 4 3 5 4 3 4 4 5 4 4 3 4 3 4 4 5","1 13 3 17 5 11 15 9 7 2 12 10 18 14 16 8 4 6"
"Smock Golf Course","IN","Indianapolis","Gold/Red","64.2","106","68.2","113","4974","5 4 4 3 5 4 3 4 4 5 4 4 3 4 3 4 4 5","1 13 3 17 5 11 15 9 7 2 12 10 18 14 16 8 4 6"
"Smock Golf Course","IN","Indianapolis","Red","62.1","101","64.9","110","4447","5 4 4 3 5 4 3 4 4 5 4 4 3 4 3 4 4 5","1 13 3 17 5 11 15 9 7 2 12 10 18 14 16 8 4 6"
"South Bend Country Club","IN","South Bend","Blue","72.7","134","74","136","6576","4 4 4 3 5 4 5 4 4 3 4 5 4 4 3 4 3 5","15 9 1 17 7 5 3 11 13 6 8 12 2 4 18 16 14 10"
"South Bend Country Club","IN","South Bend","White","70.8","130","72.1","132","6207","4 4 4 3 5 4 5 4 4 3 4 5 4 4 3 4 3 5","15 9 1 17 7 5 3 11 13 6 8 12 2 4 18 16 14 10"
"South Gleason Park Course","IN","Gary","Blue","68.9","113","","","6378","4 4 4 5 4 3 5 3 4 4 3 5 4 4 4 4 3 4","15 13 5 17 3 11 9 7 1 6 8 16 2 14 10 4 18 12"
"South Gleason Park Course","IN","Gary","White","66.6","108","","","6019","4 4 4 5 4 3 5 3 4 4 3 5 4 4 4 4 3 4","15 13 5 17 3 11 9 7 1 6 8 16 2 14 10 4 18 12"
"South Gleason Park Course","IN","Gary","Red","","","73.1","117","5311","4 4 4 5 4 3 5 3 4 4 3 5 4 4 4 4 3 4","15 13 5 17 3 11 9 7 1 6 8 16 2 14 10 4 18 12"
"South Grove Golf Course","IN","Indianapolis","Blue","69.6","117","","","6265","4 5 3 4 3 4 5 4 3 4 4 3 4 4 3 4 5 4","13 1 17 9 15 5 3 11 7 10 12 18 4 6 16 8 2 14"
"South Grove Golf Course","IN","Indianapolis","White","67.3","114","72.8","119","5771","4 5 3 4 3 4 5 4 3 4 4 3 4 4 3 4 5 4","13 1 17 9 15 5 3 11 7 10 12 18 4 6 16 8 2 14"
"South Grove Golf Course","IN","Indianapolis","Red","63","99","66.5","112","4735","4 5 3 4 3 4 5 4 3 4 4 3 4 4 3 4 5 4","13 1 17 9 15 5 3 11 7 10 12 18 4 6 16 8 2 14"
"South Shore Golf Club","IN","Syracuse","White","70.1","119","","","6242","4 4 5 5 3 5 3 3 4 4 4 5 4 3 5 3 4 4","17 7 1 11 15 9 13 3 5 6 2 10 8 18 12 4 14 16"
"South Shore Golf Club","IN","Syracuse","Gold","65.1","113","","","5238","4 4 5 5 3 5 3 3 4 4 4 5 4 3 5 3 4 4","17 7 1 11 15 9 13 3 5 6 2 10 8 18 12 4 14 16"
"South Shore Golf Club","IN","Syracuse","Red","","","69","115","5005","4 4 5 5 3 5 3 3 4 4 4 5 4 3 5 3 4 4","17 7 1 11 15 9 13 3 5 6 2 10 8 18 12 4 14 16"
"Southern Dunes Golf Course","IN","Indianapolis","Gold","72.1","129","","","6571","4 4 4 5 3 4 3 4 3 4 3 4 5 3 4 5 3 5","8 2 4 10 16 12 18 6 14 1 15 11 9 13 3 5 17 7"
"Southern Dunes Golf Course","IN","Indianapolis","Blue","69.6","126","","","6099","4 4 4 5 3 4 3 4 3 4 3 4 5 3 4 5 3 5","8 2 4 10 16 12 18 6 14 1 15 11 9 13 3 5 17 7"
"Southern Dunes Golf Course","IN","Indianapolis","White","67.6","120","72.7","127","5666","4 4 4 5 3 4 3 4 3 4 3 4 5 3 4 5 3 5","8 2 4 10 16 12 18 6 14 1 15 11 9 13 3 5 17 7"
"Southern Dunes Golf Course","IN","Indianapolis","Sliver","62.7","104","66","113","4583","4 4 4 5 3 4 3 4 3 4 3 4 5 3 4 5 3 5","8 2 4 10 16 12 18 6 14 1 15 11 9 13 3 5 17 7"
"St. Anne's Golf Course","IN","North Vernon","Back","71.8","128","","","6332","4 3 4 3 4 4 4 4 5 4 3 5 3 4 4 5 4 4","7 9 11 17 3 1 15 5 13 14 18 10 16 2 12 4 8 6"
"St. Anne's Golf Course","IN","North Vernon","Middle","71.7","124","","","5910","4 3 4 3 4 4 4 4 5 4 3 5 3 4 4 5 4 4","7 9 11 17 3 1 15 5 13 14 18 10 16 2 12 4 8 6"
"St. Anne's Golf Course","IN","North Vernon","Forward","","","70.1","125","5009","4 3 4 3 4 4 4 4 5 4 3 5 3 4 4 5 4 4","7 9 11 17 3 1 15 5 13 14 18 10 16 2 12 4 8 6"
"Stonycreek Golf Club","IN","Noblesville","Gold","71.3","124","77.8","136","6503","5 3 4 4 4 4 5 4 3 4 3 4 4 4 4 3 4 5","11 17 1 7 5 15 9 3 13 8 18 10 2 12 14 16 6 4"
"Stonycreek Golf Club","IN","Noblesville","Blue","70.7","123","76.9","135","6371","5 3 4 4 4 4 5 4 3 4 3 4 4 4 4 3 4 5","11 17 1 7 5 15 9 3 13 8 18 10 2 12 14 16 6 4"
"Stonycreek Golf Club","IN","Noblesville","White","68.2","116","74","128","5812","5 3 4 4 4 4 5 4 3 4 3 4 4 4 4 3 4 5","11 17 1 7 5 15 9 3 13 8 18 10 2 12 14 16 6 4"
"Stonycreek Golf Club","IN","Noblesville","Silver","65.4","110","70.5","117","5209","5 3 4 4 4 4 5 4 3 4 3 4 4 4 4 3 4 5","11 17 1 7 5 15 9 3 13 8 18 10 2 12 14 16 6 4"
"Stonycreek Golf Club","IN","Noblesville","Red","64.9","109","69.9","115","5093","5 3 4 4 4 4 5 4 3 4 3 4 4 4 4 3 4 5","11 17 1 7 5 15 9 3 13 8 18 10 2 12 14 16 6 4"
"Stonycreek Golf Club","IN","Noblesville","Orange","58.7","89","60.6","97","3655","5 3 4 4 4 4 5 4 3 4 3 4 4 4 4 3 4 5","11 17 1 7 5 15 9 3 13 8 18 10 2 12 14 16 6 4"
"Sugar Ridge Golf Club","IN","Lawrenceburg","Black","69.2","130","75.5","142","6073","4 4 4 5 3 4 5 3 5 3 4 4 4 4 3 4 5 3","7 11 9 3 17 13 1 15 5 18 12 6 4 10 14 8 2 16"
"Sugar Ridge Golf Club","IN","Lawrenceburg","Blue","67.1","125","72.8","137","5563","4 4 4 5 3 4 5 3 5 3 4 4 4 4 3 4 5 3","7 11 9 3 17 13 1 15 5 18 12 6 4 10 14 8 2 16"
"Sugar Ridge Golf Club","IN","Lawrenceburg","White","65","111","69.2","122","5113","4 4 4 5 3 4 5 3 5 3 4 4 4 4 3 4 5 3","7 11 9 3 17 13 1 15 5 18 12 6 4 10 14 8 2 16"
"Sugar Ridge Golf Club","IN","Lawrenceburg","Red","61","102","63.2","110","3982","4 4 4 5 3 4 5 3 5 3 4 4 4 4 3 4 5 3","7 11 9 3 17 13 1 15 5 18 12 6 4 10 14 8 2 16"
"Sullivan Elks Country Club","IN","Sullivan","Black","69","120","","","5960","4 4 3 4 3 3 5 5 4 4 3 4 4 3 4 5 4 4","1 5 11 3 15 13 9 7 17 14 16 4 2 18 10 8 12 6"
"Sullivan Elks Country Club","IN","Sullivan","White","65.9","115","","","5327","4 4 3 4 3 3 5 5 4 4 3 4 4 3 4 5 4 4","1 5 11 3 15 13 9 7 17 14 16 4 2 18 10 8 12 6"
"Sullivan Elks Country Club","IN","Sullivan","Red","","","67.3","112","4696","4 4 3 4 3 3 5 5 4 4 3 4 4 3 4 5 4 4","1 5 11 3 15 13 9 7 17 14 16 4 2 18 10 8 12 6"
"Sultan’s Run Golf Club","IN","Jasper","Black","74.1","140","","","6859","4 3 4 5 3 5 4 4 4 5 4 3 5 4 4 3 4 4","3 15 7 5 17 9 13 11 1 10 14 18 8 12 2 16 4 6"
"Sultan’s Run Golf Club","IN","Jasper","Gold","71.9","138","","","6429","4 3 4 5 3 5 4 4 4 5 4 3 5 4 4 3 4 4","3 15 7 5 17 9 13 11 1 10 14 18 8 12 2 16 4 6"
"Sultan’s Run Golf Club","IN","Jasper","Gold/Silver","70.1","131","","","6051","4 3 4 5 3 5 4 4 4 5 4 3 5 4 4 3 4 4","3 15 7 5 17 9 13 11 1 10 14 18 8 12 2 16 4 6"
"Sultan’s Run Golf Club","IN","Jasper","Silver","68.7","128","73.9","135","5762","4 3 4 5 3 5 4 4 4 5 4 3 5 4 4 3 4 4","3 15 7 5 17 9 13 11 1 10 14 18 8 12 2 16 4 6"
"Sultan’s Run Golf Club","IN","Jasper","Silver/Green","66.6","122","71.5","129","5352","4 3 4 5 3 5 4 4 4 5 4 3 5 4 4 3 4 4","3 15 7 5 17 9 13 11 1 10 14 18 8 12 2 16 4 6"
"Sultan’s Run Golf Club","IN","Jasper","Green","64.6","114","68.9","122","4911","4 3 4 5 3 5 4 4 4 5 4 3 5 4 4 3 4 4","3 15 7 5 17 9 13 11 1 10 14 18 8 12 2 16 4 6"
"Sunrise Golf Course","IN","Madison","Blue","69.9","120","","","6516","4 4 4 3 5 3 5 4 4 3 5 4 4 4 5 4 3 4","18 16 14 4 6 10 12 2 8 17 15 13 3 5 9 11 1 7"
"Sunrise Golf Course","IN","Madison","White","69","117","","","6245","4 4 4 3 5 3 5 4 4 3 5 4 4 4 5 4 3 4","18 16 14 4 6 10 12 2 8 17 15 13 3 5 9 11 1 7"
"Sunrise Golf Course","IN","Madison","Senior","65.8","108","","","5513","4 4 4 3 5 3 5 4 4 3 5 4 4 4 5 4 3 4","18 16 14 4 6 10 12 2 8 17 15 13 3 5 9 11 1 7"
"Sunrise Golf Course","IN","Madison","Red","","","69.8","115","5391","4 4 4 3 5 3 5 4 4 3 5 4 4 4 5 4 3 4","18 16 14 4 6 10 12 2 8 17 15 13 3 5 9 11 1 7"
"Swan Lake Golf Courses","IN","Plymouth","Black","75.3","134","","","7128","4 3 4 5 5 4 4 3 4 4 4 4 3 4 5 3 4 5","17 15 5 1 13 3 9 11 7 4 12 2 14 16 18 10 8 6"
"Swan Lake Golf Courses","IN","Plymouth","White","71.3","127","","","6481","4 3 4 5 5 4 4 3 4 4 4 4 3 4 5 3 4 5","17 15 5 1 13 3 9 11 7 4 12 2 14 16 18 10 8 6"
"Swan Lake Golf Courses","IN","Plymouth","Yellow","65.1","106","70.7","117","5254","4 3 4 5 5 4 4 3 4 4 4 4 3 4 5 3 4 5","17 15 5 1 13 3 9 11 7 4 12 2 14 16 18 10 8 6"
"Swan Lake Golf Courses","IN","Plymouth","Red","63.9","104","68.6","116","4978","4 3 4 5 5 4 4 3 4 4 4 4 3 4 5 3 4 5","17 15 5 1 13 3 9 11 7 4 12 2 14 16 18 10 8 6"
"Sycamore Golf Club","IN","North Manchester","Black","70.9","127","","","6311","4 4 4 3 5 4 3 4 5 4 5 4 4 4 3 5 4 3","9 13 17 11 3 7 1 5 15 6 16 10 12 2 14 4 8 18"
"Sycamore Golf Club","IN","North Manchester","White","70","124","","","6119","4 4 4 3 5 4 3 4 5 4 5 4 4 4 3 5 4 3","9 13 17 11 3 7 1 5 15 6 16 10 12 2 14 4 8 18"
"Sycamore Golf Club","IN","North Manchester","Gold","64","106","67.3","113","4717","4 4 4 3 5 4 3 4 5 4 5 4 4 4 3 5 4 3","9 13 17 11 3 7 1 5 15 6 16 10 12 2 14 4 8 18"
"Sycamore Golf Club","IN","North Manchester","Orange","60.5","96","61.4","99","3647","4 4 4 3 5 4 3 4 5 4 5 4 4 4 3 5 4 3","9 13 17 11 3 7 1 5 15 6 16 10 12 2 14 4 8 18"
"Sycamore Hills Golf Club","IN","Fort Wayne","Black","76.5","148","","","7319","4 5 4 3 5 4 3 4 4 4 3 5 4 3 5 4 4 4","7 15 11 17 5 3 13 1 9 4 14 10 12 18 6 2 16 8"
"Sycamore Hills Golf Club","IN","Fort Wayne","Gold","75.7","146","","","7185","4 5 4 3 5 4 3 4 4 4 3 5 4 3 5 4 4 4","7 15 11 17 5 3 13 1 9 4 14 10 12 18 6 2 16 8"
"Sycamore Hills Golf Club","IN","Fort Wayne","Gold/Blue","74.5","144","","","6990","4 5 4 3 5 4 3 4 4 4 3 5 4 3 5 4 4 4","7 15 11 17 5 3 13 1 9 4 14 10 12 18 6 2 16 8"
"Sycamore Hills Golf Club","IN","Fort Wayne","Blue","73.3","143","80.2","151","6730","4 5 4 3 5 4 3 4 4 4 3 5 4 3 5 4 4 4","7 15 11 17 5 3 13 1 9 4 14 10 12 18 6 2 16 8"
"Sycamore Hills Golf Club","IN","Fort Wayne","Blue/White","71.5","141","78.6","150","6472","4 5 4 3 5 4 3 4 4 4 3 5 4 3 5 4 4 4","7 15 11 17 5 3 13 1 9 4 14 10 12 18 6 2 16 8"
"Sycamore Hills Golf Club","IN","Fort Wayne","White","70.9","140","77.5","148","6277","4 5 4 3 5 4 3 4 4 4 3 5 4 3 5 4 4 4","7 15 11 17 5 3 13 1 9 4 14 10 12 18 6 2 16 8"
"Sycamore Hills Golf Club","IN","Fort Wayne","White/Green","70.1","137","76.2","146","6061","4 5 4 3 5 4 3 4 4 4 3 5 4 3 5 4 4 4","7 15 11 17 5 3 13 1 9 4 14 10 12 18 6 2 16 8"
"Sycamore Hills Golf Club","IN","Fort Wayne","Green","69.2","132","75.1","144","5881","4 5 4 3 5 4 3 4 4 4 3 5 4 3 5 4 4 4","7 15 11 17 5 3 13 1 9 4 14 10 12 18 6 2 16 8"
"Sycamore Hills Golf Club","IN","Fort Wayne","Green/Red","68.1","128","73.6","139","5639","4 5 4 3 5 4 3 4 4 4 3 5 4 3 5 4 4 4","7 15 11 17 5 3 13 1 9 4 14 10 12 18 6 2 16 8"
"Sycamore Hills Golf Club","IN","Fort Wayne","Red","66.6","123","71.6","127","5250","4 5 4 3 5 4 3 4 4 4 3 5 4 3 5 4 4 4","7 15 11 17 5 3 13 1 9 4 14 10 12 18 6 2 16 8"
"Tameka Woods Golf Course","IN","Trafalgar","Blue","72.4","132","","","6586","4 4 5 4 3 4 5 3 4 4 5 4 3 4 5 4 3 4","13 1 17 12 14 7 16 4 2 11 6 15 9 5 10 8 18 3"
"Tameka Woods Golf Course","IN","Trafalgar","White","70.7","129","","","6208","4 4 5 4 3 4 5 3 4 4 5 4 3 4 5 4 3 4","13 1 17 12 14 7 16 4 2 11 6 15 9 5 10 8 18 3"
"Tameka Woods Golf Course","IN","Trafalgar","Gold","67.3","118","","","5667","4 4 5 4 3 4 5 3 4 4 5 4 3 4 5 4 3 4","13 1 17 12 14 7 16 4 2 11 6 15 9 5 10 8 18 3"
"Tameka Woods Golf Course","IN","Trafalgar","Red","","","71.3","124","5290","4 4 5 4 3 4 5 3 4 4 5 4 3 4 5 4 3 4","13 1 17 12 14 7 16 4 2 11 6 15 9 5 10 8 18 3"
"The Brassie Golf Club","IN","Chesterton","Black","73.4","130","","","7008","5 4 3 5 4 4 4 3 4 4 5 4 4 4 3 4 3 5","3 11 15 5 9 1 7 17 13 4 2 12 14 8 16 10 18 6"
"The Brassie Golf Club","IN","Chesterton","Blue","70.8","126","","","6545","5 4 3 5 4 4 4 3 4 4 5 4 4 4 3 4 3 5","3 11 15 5 9 1 7 17 13 4 2 12 14 8 16 10 18 6"
"The Brassie Golf Club","IN","Chesterton","White","68.5","121","","","6123","5 4 3 5 4 4 4 3 4 4 5 4 4 4 3 4 3 5","3 11 15 5 9 1 7 17 13 4 2 12 14 8 16 10 18 6"
"The Brassie Golf Club","IN","Chesterton","Green","","","71","120","5493","5 4 3 5 4 4 4 3 4 4 5 4 4 4 3 4 3 5","3 11 15 5 9 1 7 17 13 4 2 12 14 8 16 10 18 6"
"The Country Club of Indianapolis","IN","Indianapolis","I","73.5","140","80.7","145","6693","4 4 4 3 4 3 4 5 4 4 5 4 3 4 4 3 4 4","5 14 18 10 3 16 6 9 1 4 12 8 7 2 17 15 11 13"
"The Country Club of Indianapolis","IN","Indianapolis","I/II","71.9","138","","","6429","4 4 4 3 4 3 4 5 4 4 5 4 3 4 4 3 4 4","5 14 18 10 3 16 6 9 1 4 12 8 7 2 17 15 11 13"
"The Country Club of Indianapolis","IN","Indianapolis","II","71.1","135","78.1","139","6234","4 4 4 3 4 3 4 5 4 4 5 4 3 4 4 3 4 4","5 14 18 10 3 16 6 9 1 4 12 8 7 2 17 15 11 13"
"The Country Club of Indianapolis","IN","Indianapolis","II/III","70.2","128","","","5980","4 4 4 3 4 3 4 5 4 4 5 4 3 4 4 3 4 4","5 14 18 10 3 16 6 9 1 4 12 8 7 2 17 15 11 13"
"The Country Club of Indianapolis","IN","Indianapolis","III","67.7","123","73","128","5474","4 4 4 3 4 3 4 5 4 4 5 4 3 4 4 3 4 4","5 14 18 10 3 16 6 9 1 4 12 8 7 2 17 15 11 13"
"The Country Club of Indianapolis","IN","Indianapolis","IV","64.5","111","69","126","4938","4 4 4 3 4 3 4 5 4 4 5 4 3 4 4 3 4 4","5 14 18 10 3 16 6 9 1 4 12 8 7 2 17 15 11 13"
"The Country Club of Indianapolis","IN","Indianapolis","V","","","65.3","117","4310","4 4 4 3 4 3 4 5 4 4 5 4 3 4 4 3 4 4","5 14 18 10 3 16 6 9 1 4 12 8 7 2 17 15 11 13"
"The Fort Golf Course","IN","Indianapolis","Gold","75","143","","","7148","4 4 3 4 3 5 5 4 4 4 5 4 4 3 4 5 3 4","5 15 13 1 11 7 9 17 3 16 6 8 14 18 2 10 12 4"
"The Fort Golf Course","IN","Indianapolis","Gold/Blue","73.8","140","","","6908","4 4 3 4 3 5 5 4 4 4 5 4 4 3 4 5 3 4","5 15 13 1 11 7 9 17 3 16 6 8 14 18 2 10 12 4"
"The Fort Golf Course","IN","Indianapolis","Blue","73.1","138","","","6758","4 4 3 4 3 5 5 4 4 4 5 4 4 3 4 5 3 4","5 15 13 1 11 7 9 17 3 16 6 8 14 18 2 10 12 4"
"The Fort Golf Course","IN","Indianapolis","Blue/White","71.8","135","77.6","149","6478","4 4 3 4 3 5 5 4 4 4 5 4 4 3 4 5 3 4","5 15 13 1 11 7 9 17 3 16 6 8 14 18 2 10 12 4"
"The Fort Golf Course","IN","Indianapolis","White","70.4","130","75.6","144","6114","4 4 3 4 3 5 5 4 4 4 5 4 4 3 4 5 3 4","5 15 13 1 11 7 9 17 3 16 6 8 14 18 2 10 12 4"
"The Fort Golf Course","IN","Indianapolis","Green","66.9","123","71.5","129","5408","4 4 3 4 3 5 5 4 4 4 5 4 4 3 4 5 3 4","5 15 13 1 11 7 9 17 3 16 6 8 14 18 2 10 12 4"
"The Fort Golf Course","IN","Indianapolis","Red","","","69.1","124","5045","4 4 3 4 3 5 5 4 4 4 5 4 4 3 4 5 3 4","5 15 13 1 11 7 9 17 3 16 6 8 14 18 2 10 12 4"
"The Golf Club at Eagle Pointe","IN","Bloomington","Blue","73.2","139","","","6678","4 4 4 3 4 5 3 4 5 3 5 4 4 4 3 4 3 5","9 1 13 15 7 5 3 11 17 16 2 8 6 14 18 4 10 12"
"The Golf Club at Eagle Pointe","IN","Bloomington","White","70.1","135","","","6134","4 4 4 3 4 5 3 4 5 3 5 4 4 4 3 4 3 5","9 1 13 15 7 5 3 11 17 16 2 8 6 14 18 4 10 12"
"The Golf Club at Eagle Pointe","IN","Bloomington","Gold","67.8","129","","","5618","4 4 4 3 4 5 3 4 5 3 5 4 4 4 3 4 3 5","9 1 13 15 7 5 3 11 17 16 2 8 6 14 18 4 10 12"
"The Golf Club at Eagle Pointe","IN","Bloomington","Red","65.3","124","70.2","124","5052","4 4 4 3 4 5 3 4 5 3 5 4 4 4 3 4 3 5","9 1 13 15 7 5 3 11 17 16 2 8 6 14 18 4 10 12"
"The Hawthorns Golf & Country Club","IN","Fishers","Gold Long","74.8","140","","","7126","4 4 3 5 4 3 4 4 5 4 5 4 4 4 3 5 3 4","13 1 17 15 3 11 5 9 7 10 16 2 8 12 18 4 14 6"
"The Hawthorns Golf & Country Club","IN","Fishers","Gold Short","74","139","","","7114","4 4 3 5 4 3 4 4 5 4 5 4 4 4 3 5 3 4","13 1 17 15 3 11 5 9 7 10 16 2 8 12 18 4 14 6"
"The Hawthorns Golf & Country Club","IN","Fishers","Green Long","72.9","137","","","6719","4 4 3 5 4 3 4 4 5 4 5 4 4 4 3 5 3 4","13 1 17 15 3 11 5 9 7 10 16 2 8 12 18 4 14 6"
"The Hawthorns Golf & Country Club","IN","Fishers","Green Short","72","134","","","6709","4 4 3 5 4 3 4 4 5 4 5 4 4 4 3 5 3 4","13 1 17 15 3 11 5 9 7 10 16 2 8 12 18 4 14 6"
"The Hawthorns Golf & Country Club","IN","Fishers","Green/White","70.9","130","","","6364","4 4 3 5 4 3 4 4 5 4 5 4 4 4 3 5 3 4","13 1 17 15 3 11 5 9 7 10 16 2 8 12 18 4 14 6"
"The Hawthorns Golf & Country Club","IN","Fishers","White","69.1","126","74.7","130","6021","4 4 3 5 4 3 4 4 5 4 5 4 4 4 3 5 3 4","13 1 17 15 3 11 5 9 7 10 16 2 8 12 18 4 14 6"
"The Hawthorns Golf & Country Club","IN","Fishers","White/Maroon","66.9","121","72.3","124","5598","4 4 3 5 4 3 4 4 5 4 5 4 4 4 3 5 3 4","13 1 17 15 3 11 5 9 7 10 16 2 8 12 18 4 14 6"
"The Hawthorns Golf & Country Club","IN","Fishers","Maroon","65.2","116","69.9","118","5166","4 4 3 5 4 3 4 4 5 4 5 4 4 4 3 5 3 4","13 1 17 15 3 11 5 9 7 10 16 2 8 12 18 4 14 6"
"The Landing Golf Course","IN","Terre Haute","Blue","69.8","112","","","6300","5 4 4 5 3 4 4 3 4 4 4 3 4 5 3 5 4 4","3 13 5 1 15 7 11 17 9 4 16 14 18 8 12 10 2 6"
"The Landing Golf Course","IN","Terre Haute","Red","","","71.6","112","5729","5 4 4 5 3 4 4 3 4 4 4 3 4 5 3 5 4 4","3 13 5 1 15 7 11 17 9 4 16 14 18 8 12 10 2 6"
"The Players Club at Woodland Trails","IN","Yorktown","Black","73.9","136","","","6934","4 5 4 5 3 4 3 4 4 4 4 4 3 4 5 4 4 4","13 9 3 1 5 15 17 11 7 16 6 18 12 2 8 4 14 10"
"The Players Club at Woodland Trails","IN","Yorktown","Blue","72.1","130","","","6536","4 5 4 5 3 4 3 4 4 4 4 4 3 4 5 4 4 4","13 9 3 1 5 15 17 11 7 16 6 18 12 2 8 4 14 10"
"The Players Club at Woodland Trails","IN","Yorktown","White","70.1","127","","","6160","4 5 4 5 3 4 3 4 4 4 4 4 3 4 5 4 4 4","13 9 3 1 5 15 17 11 7 16 6 18 12 2 8 4 14 10"
"The Players Club at Woodland Trails","IN","Yorktown","Gold","67.3","117","","","5610","4 5 4 5 3 4 3 4 4 4 4 4 3 4 5 4 4 4","13 9 3 1 5 15 17 11 7 16 6 18 12 2 8 4 14 10"
"The Players Club at Woodland Trails","IN","Yorktown","Red","66.7","115","71.9","122","5395","4 5 4 5 3 4 3 4 4 4 4 4 3 4 5 4 4 4","13 9 3 1 5 15 17 11 7 16 6 18 12 2 8 4 14 10"
"The Players Club at Woodland Trails","IN","Yorktown","Silver","61.3","97","63","102","3859","4 5 4 5 3 4 3 4 4 4 4 4 3 4 5 4 4 4","13 9 3 1 5 15 17 11 7 16 6 18 12 2 8 4 14 10"
"The Ravines Golf Course","IN","West Lafayette","Blue","72.6","121","","","6797","5 4 4 3 4 4 4 3 5 5 3 4 3 4 4 4 4 5","11 15 5 7 17 3 1 13 9 8 12 4 14 18 16 2 6 10"
"The Ravines Golf Course","IN","West Lafayette","White","69","114","","","6092","5 4 4 3 4 4 4 3 5 5 3 4 3 4 4 4 4 5","11 15 5 7 17 3 1 13 9 8 12 4 14 18 16 2 6 10"
"The Ravines Golf Course","IN","West Lafayette","Yellow","66.8","109","","","5639","5 4 4 3 4 4 4 3 5 5 3 4 3 4 4 4 4 5","11 15 5 7 17 3 1 13 9 8 12 4 14 18 16 2 6 10"
"The Ravines Golf Course","IN","West Lafayette","Red","","","63.7","103","4970","5 4 4 3 4 4 4 3 5 5 3 4 3 4 4 4 4 5","11 15 5 7 17 3 1 13 9 8 12 4 14 18 16 2 6 10"
"The Ravines Golf Course","IN","West Lafayette","Silver","","","62.6","101","4430","5 4 4 3 4 4 4 3 5 5 3 4 3 4 4 4 4 5","11 15 5 7 17 3 1 13 9 8 12 4 14 18 16 2 6 10"
"Thunderbolt Pass Golf Course","IN","Evansville","Black","67.6","112","","","5727","5 4 3 4 4 3 4 3 5 4 5 3 4 3 4 5 3 4","10 12 8 18 16 2 14 4 6 13 11 17 9 7 3 1 5 15"
"Thunderbolt Pass Golf Course","IN","Evansville","Blue","65","110","","","5307","5 4 3 4 4 3 4 3 5 4 5 3 4 3 4 5 3 4","10 12 8 18 16 2 14 4 6 13 11 17 9 7 3 1 5 15"
"Thunderbolt Pass Golf Course","IN","Evansville","White","62.9","104","","","4854","5 4 3 4 4 3 4 3 5 4 5 3 4 3 4 5 3 4","10 12 8 18 16 2 14 4 6 13 11 17 9 7 3 1 5 15"
"Thunderbolt Pass Golf Course","IN","Evansville","Red","60.2","95","63","100","4114","5 4 3 4 4 3 4 3 5 4 5 3 4 3 4 5 3 4","10 12 8 18 16 2 14 4 6 13 11 17 9 7 3 1 5 15"
"Timbergate Golf Course","IN","Edinburgh","Black","72.9","128","","","6965","4 4 3 5 4 5 4 3 4 4 3 4 5 3 4 5 4 4","5 9 17 3 15 7 13 11 1 10 18 14 2 16 12 8 6 4"
"Timbergate Golf Course","IN","Edinburgh","Blue","70.9","125","76.4","133","6550","4 4 3 5 4 5 4 3 4 4 3 4 5 3 4 5 4 4","5 9 17 3 15 7 13 11 1 10 18 14 2 16 12 8 6 4"
"Timbergate Golf Course","IN","Edinburgh","White","68.8","123","74","128","6109","4 4 3 5 4 5 4 3 4 4 3 4 5 3 4 5 4 4","5 9 17 3 15 7 13 11 1 10 18 14 2 16 12 8 6 4"
"Timbergate Golf Course","IN","Edinburgh","Gold","66.3","107","70.8","121","5536","4 4 3 5 4 5 4 3 4 4 3 4 5 3 4 5 4 4","5 9 17 3 15 7 13 11 1 10 18 14 2 16 12 8 6 4"
"Timbergate Golf Course","IN","Edinburgh","Burgundy","64.1","101","68.4","115","5034","4 4 3 5 4 5 4 3 4 4 3 4 5 3 4 5 4 4","5 9 17 3 15 7 13 11 1 10 18 14 2 16 12 8 6 4"
"Tippecanoe Country Club","IN","Monticello","Black","72.9","128","","","6835","4 5 3 4 4 4 4 4 3 4 4 3 5 5 3 4 5 4","15 5 9 17 11 1 3 13 7 18 2 6 10 8 14 4 12 16"
"Tippecanoe Country Club","IN","Monticello","Green","71","124","77.5","133","6433","4 5 3 4 4 4 4 4 3 4 4 3 5 5 3 4 5 4","15 5 9 17 11 1 3 13 7 18 2 6 10 8 14 4 12 16"
"Tippecanoe Country Club","IN","Monticello","Maroon","66.2","119","72.4","122","5427","4 5 3 4 4 4 4 4 3 4 4 3 5 5 3 4 5 4","15 5 9 17 11 1 3 13 7 18 2 6 10 8 14 4 12 16"
"Tippecanoe Country Club","IN","Monticello","Gold","63.4","103","68.5","114","4786","4 5 3 4 4 4 4 4 3 4 4 3 5 5 3 4 5 4","15 5 9 17 11 1 3 13 7 18 2 6 10 8 14 4 12 16"
"Tippecanoe Lake Country Club","IN","Leesburg","Black","69.3","126","75","130","5937","5 4 3 4 4 4 4 3 4 4 3 4 3 5 4 4 4 4","8 10 6 16 12 2 4 14 18 11 9 15 13 17 5 1 7 3"
"Tippecanoe Lake Country Club","IN","Leesburg","White","68.3","120","73.6","124","5604","5 4 3 4 4 4 4 3 4 4 3 4 3 5 4 4 4 4","8 10 6 16 12 2 4 14 18 11 9 15 13 17 5 1 7 3"
"Tippecanoe Lake Country Club","IN","Leesburg","Yellow","66.3","117","71.1","120","5186","5 4 3 4 4 4 4 3 4 4 3 4 3 5 4 4 4 4","8 10 6 16 12 2 4 14 18 11 9 15 13 17 5 1 7 3"
"Tippecanoe Lake Country Club","IN","Leesburg","Red","63.7","112","68.2","118","4807","5 4 3 4 4 4 4 3 4 4 3 4 3 5 4 4 4 4","8 10 6 16 12 2 4 14 18 11 9 15 13 17 5 1 7 3"
"Tipton Municipal Golf Course","IN","Tipton","Blue","71.4","123","","","6607","4 4 4 3 4 4 4 3 5 4 4 4 5 3 4 3 4 5","14 4 8 18 16 2 10 12 6 15 7 11 1 13 3 17 9 5"
"Tipton Municipal Golf Course","IN","Tipton","White","69.9","119","76.5","132","6287","4 4 4 3 4 4 4 3 5 4 4 4 5 3 4 3 4 5","14 4 8 18 16 2 10 12 6 15 7 11 1 13 3 17 9 5"
"Tipton Municipal Golf Course","IN","Tipton","Gold","66.7","118","72.6","123","5660","4 4 4 3 4 4 4 3 5 4 4 4 5 3 4 3 4 5","14 4 8 18 16 2 10 12 6 15 7 11 1 13 3 17 9 5"
"Tipton Municipal Golf Course","IN","Tipton","Red","","","70.1","118","5187","4 4 4 3 4 4 4 3 5 4 4 4 5 3 4 3 4 5","14 4 8 18 16 2 10 12 6 15 7 11 1 13 3 17 9 5"
"Tri-County Golf Club","IN","Middletown","Blue","70.7","115","","","6664","4 5 3 4 4 4 3 5 4 4 4 4 5 4 4 4 3 4","13 17 11 9 3 5 15 1 7 16 6 14 18 2 4 12 8 10"
"Tri-County Golf Club","IN","Middletown","White","68.7","111","","","6236","4 5 3 4 4 4 3 5 4 4 4 4 5 4 4 4 3 4","13 17 11 9 3 5 15 1 7 16 6 14 18 2 4 12 8 10"
"Tri-County Golf Club","IN","Middletown","Gold","66.6","107","66.6","115","5842","4 5 3 4 4 4 3 5 4 4 4 4 5 4 4 4 3 4","13 17 11 9 3 5 15 1 7 16 6 14 18 2 4 12 8 10"
"Tri-County Golf Club","IN","Middletown","Red","","","69.7","111","5470","4 5 3 4 4 4 3 5 4 4 4 4 5 4 4 4 3 4","13 17 11 9 3 5 15 1 7 16 6 14 18 2 4 12 8 10"
"Turkey Creek Golf Course","IN","Merrillville","White","68.7","117","","","6202","5 4 3 4 4 3 4 3 5 4 4 3 4 5 4 4 4 3","8 4 10 6 2 12 16 18 14 3 15 7 17 9 13 5 1 11"
"Turkey Creek Golf Course","IN","Merrillville","Yellow","67.2","113","","","5620","5 4 3 4 4 3 4 3 5 4 4 3 4 5 4 4 4 3","8 4 10 6 2 12 16 18 14 3 15 7 17 9 13 5 1 11"
"Turkey Creek Golf Course","IN","Merrillville","Red","","","66.9","109","4751","5 4 3 4 4 3 4 3 5 4 4 3 4 5 4 4 4 3","8 4 10 6 2 12 16 18 14 3 15 7 17 9 13 5 1 11"
"Twin Bridges Golf Club","IN","Danville","Green","74.8","139","","","7071","4 5 4 5 3 4 3 4 4 4 4 3 5 4 3 4 4 5","15 11 1 13 17 3 9 5 7 12 4 16 14 2 10 6 8 18"
"Twin Bridges Golf Club","IN","Danville","Grey","72.1","136","","","6583","4 5 4 5 3 4 3 4 4 4 4 3 5 4 3 4 4 5","15 11 1 13 17 3 9 5 7 12 4 16 14 2 10 6 8 18"
"Twin Bridges Golf Club","IN","Danville","White","70.2","133","","","6145","4 5 4 5 3 4 3 4 4 4 4 3 5 4 3 4 4 5","15 11 1 13 17 3 9 5 7 12 4 16 14 2 10 6 8 18"
"Twin Bridges Golf Club","IN","Danville","Gold","66.7","122","72.7","129","5471","4 5 4 5 3 4 3 4 4 4 4 3 5 4 3 4 4 5","15 11 1 13 17 3 9 5 7 12 4 16 14 2 10 6 8 18"
"Twin Bridges Golf Club","IN","Danville","Burgundy","64.4","114","69","123","4938","4 5 4 5 3 4 3 4 4 4 4 3 5 4 3 4 4 5","15 11 1 13 17 3 9 5 7 12 4 16 14 2 10 6 8 18"
"Twin Lakes Golf Club","IN","Carmel","Blue","73.8","132","","","6807","5 4 4 3 4 5 4 3 4 4 3 5 4 4 4 3 4 5","15 9 3 17 1 13 5 11 7 4 12 8 10 2 14 18 16 6"
"Twin Lakes Golf Club","IN","Carmel","Blue/White","72.6","131","","","6616","5 4 4 3 4 5 4 3 4 4 3 5 4 4 4 3 4 5","15 9 3 17 1 13 5 11 7 4 12 8 10 2 14 18 16 6"
"Twin Lakes Golf Club","IN","Carmel","White","71.5","130","77.4","134","6412","5 4 4 3 4 5 4 3 4 4 3 5 4 4 4 3 4 5","15 9 3 17 1 13 5 11 7 4 12 8 10 2 14 18 16 6"
"Twin Lakes Golf Club","IN","Carmel","White/Gold","69.8","128","75.3","130","6035","5 4 4 3 4 5 4 3 4 4 3 5 4 4 4 3 4 5","15 9 3 17 1 13 5 11 7 4 12 8 10 2 14 18 16 6"
"Twin Lakes Golf Club","IN","Carmel","Gold","69","123","74.3","127","5837","5 4 4 3 4 5 4 3 4 4 3 5 4 4 4 3 4 5","15 9 3 17 1 13 5 11 7 4 12 8 10 2 14 18 16 6"
"Twin Lakes Golf Club","IN","Carmel","Gold/Red","66.1","117","70.7","120","5208","5 4 4 3 4 5 4 3 4 4 3 5 4 4 4 3 4 5","15 9 3 17 1 13 5 11 7 4 12 8 10 2 14 18 16 6"
"Twin Lakes Golf Club","IN","Carmel","Red","64.8","114","69.2","117","4926","5 4 4 3 4 5 4 3 4 4 3 5 4 4 4 3 4 5","15 9 3 17 1 13 5 11 7 4 12 8 10 2 14 18 16 6"
"Twin Lakes Golf Club","IN","Carmel","Orange","","","66.1","110","4380","5 4 4 3 4 5 4 3 4 4 3 5 4 4 4 3 4 5","15 9 3 17 1 13 5 11 7 4 12 8 10 2 14 18 16 6"
"Ulen Country Club","IN","Lebanon","Black","70.9","134","","","6310","4 3 5 4 3 4 4 4 4 4 4 4 3 5 4 4 3 4","1 7 11 15 13 9 17 5 3 8 2 12 16 18 4 14 10 6"
"Ulen Country Club","IN","Lebanon","Blue","69.2","127","","","6019","4 3 5 4 3 4 4 4 4 4 4 4 3 5 4 4 3 4","1 7 11 15 13 9 17 5 3 8 2 12 16 18 4 14 10 6"
"Ulen Country Club","IN","Lebanon","Yellow","67.3","124","","","5689","4 3 5 4 3 4 4 4 4 4 4 4 3 5 4 4 3 4","1 7 11 15 13 9 17 5 3 8 2 12 16 18 4 14 10 6"
"Ulen Country Club","IN","Lebanon","White","65.9","120","71.8","123","5417","4 3 5 4 3 4 4 4 4 4 4 4 3 5 4 4 3 4","1 7 11 15 13 9 17 5 3 8 2 12 16 18 4 14 10 6"
"Ulen Country Club","IN","Lebanon","Red","64.1","115","69.8","119","5081","4 3 5 4 3 4 4 4 4 4 4 4 3 5 4 4 3 4","1 7 11 15 13 9 17 5 3 8 2 12 16 18 4 14 10 6"
"Ulen Country Club","IN","Lebanon","Forward","","","66","106","4418","4 3 5 4 3 4 4 4 4 4 4 4 3 5 4 4 3 4","1 7 11 15 13 9 17 5 3 8 2 12 16 18 4 14 10 6"
"Valle Vista Golf Course","IN","Greenwood","Blue","70.3","121","","","6306","4 5 3 4 4 4 4 3 4 4 3 4 5 4 4 4 3 4","13 9 7 5 15 1 3 17 11 2 18 6 10 14 8 12 16 4"
"Valle Vista Golf Course","IN","Greenwood","White","68.3","118","","","5913","4 5 3 4 4 4 4 3 4 4 3 4 5 4 4 4 3 4","13 9 7 5 15 1 3 17 11 2 18 6 10 14 8 12 16 4"
"Valle Vista Golf Course","IN","Greenwood","Red","67","116","72.9","127","5654","4 5 3 4 4 4 4 3 4 4 3 4 5 4 4 4 3 4","13 9 7 5 15 1 3 17 11 2 18 6 10 14 8 12 16 4"
"Valle Vista Golf Course","IN","Greenwood","Red/Gold","64.9","115","","","5324","4 5 3 4 4 4 4 3 4 4 3 4 5 4 4 4 3 4","13 9 7 5 15 1 3 17 11 2 18 6 10 14 8 12 16 4"
"Valle Vista Golf Course","IN","Greenwood","Gold","63.2","113","68.5","121","4994","4 5 3 4 4 4 4 3 4 4 3 4 5 4 4 4 3 4","13 9 7 5 15 1 3 17 11 2 18 6 10 14 8 12 16 4"
"Valley View Golf Course","IN","Floyds Knobs","Blue","73.1","130","","","6911","4 3 5 4 3 4 5 4 4 4 4 3 4 5 3 5 4 4","7 13 1 5 9 11 15 17 3 12 8 18 2 4 10 16 14 6"
"Valley View Golf Course","IN","Floyds Knobs","Green","71.4","126","77.5","132","6508","4 3 5 4 3 4 5 4 4 4 4 3 4 5 3 5 4 4","7 13 1 5 9 11 15 17 3 12 8 18 2 4 10 16 14 6"
"Valley View Golf Course","IN","Floyds Knobs","White","69","124","74.7","121","5998","4 3 5 4 3 4 5 4 4 4 4 3 4 5 3 5 4 4","7 13 1 5 9 11 15 17 3 12 8 18 2 4 10 16 14 6"
"Valley View Golf Course","IN","Floyds Knobs","Gold","67.4","120","72.9","120","5663","4 3 5 4 3 4 5 4 4 4 4 3 4 5 3 5 4 4","7 13 1 5 9 11 15 17 3 12 8 18 2 4 10 16 14 6"
"Valley View Golf Course","IN","Floyds Knobs","Red","64.7","112","69.5","115","5157","4 3 5 4 3 4 5 4 4 4 4 3 4 5 3 5 4 4","7 13 1 5 9 11 15 17 3 12 8 18 2 4 10 16 14 6"
"Valparaiso Country Club","IN","Valparaiso","Black","71.6","134","","","6406","4 4 4 3 4 5 4 5 4 5 4 4 4 4 3 4 3 4","17 15 13 11 7 5 1 3 9 2 14 12 6 8 16 10 18 4"
"Valparaiso Country Club","IN","Valparaiso","Silver","70.1","130","","","6141","4 4 4 3 4 5 4 5 4 5 4 4 4 4 3 4 3 4","17 15 13 11 7 5 1 3 9 2 14 12 6 8 16 10 18 4"
"Valparaiso Country Club","IN","Valparaiso","Hybrid","67.3","123","","","5610","4 4 4 3 4 5 4 5 4 5 4 4 4 4 3 4 3 4","17 15 13 11 7 5 1 3 9 2 14 12 6 8 16 10 18 4"
"Valparaiso Country Club","IN","Valparaiso","Gold","65.6","118","71.6","126","5239","4 4 4 3 4 5 4 5 4 5 4 4 4 4 3 4 3 4","17 15 13 11 7 5 1 3 9 2 14 12 6 8 16 10 18 4"
"Victoria National Golf Club","IN","Newburgh","Black","77.7","152","","","7242","4 4 5 4 3 4 3 4 5 5 3 4 4 4 5 3 4 4","13 7 3 9 15 1 17 11 5 12 14 16 18 2 8 10 4 6"
"Victoria National Golf Club","IN","Newburgh","Blue","75.4","150","","","6848","4 4 5 4 3 4 3 4 5 5 3 4 4 4 5 3 4 4","13 7 3 9 15 1 17 11 5 12 14 16 18 2 8 10 4 6"
"Victoria National Golf Club","IN","Newburgh","White","72.8","145","","","6404","4 4 5 4 3 4 3 4 5 5 3 4 4 4 5 3 4 4","13 7 3 9 15 1 17 11 5 12 14 16 18 2 8 10 4 6"
"Victoria National Golf Club","IN","Newburgh","White/Green","71.5","141","","","6161","4 4 5 4 3 4 3 4 5 5 3 4 4 4 5 3 4 4","13 7 3 9 15 1 17 11 5 12 14 16 18 2 8 10 4 6"
"Victoria National Golf Club","IN","Newburgh","Green","70.4","137","75.6","141","5890","4 4 5 4 3 4 3 4 5 5 3 4 4 4 5 3 4 4","13 7 3 9 15 1 17 11 5 12 14 16 18 2 8 10 4 6"
"Victoria National Golf Club","IN","Newburgh","Red","66.2","126","71.2","131","5010","4 4 5 4 3 4 3 4 5 5 3 4 4 4 5 3 4 4","13 7 3 9 15 1 17 11 5 12 14 16 18 2 8 10 4 6"
"Warren Golf Course","IN","Notre Dame","Black","73.2","135","","","7020","4 4 4 3 5 4 4 4 3 5 3 4 4 3 4 4 5 4","15 1 9 17 7 3 11 5 13 8 14 2 6 18 16 12 10 4"
"Warren Golf Course","IN","Notre Dame","Blue","71.3","130","","","6744","4 4 4 3 5 4 4 4 3 5 3 4 4 3 4 4 5 4","15 1 9 17 7 3 11 5 13 8 14 2 6 18 16 12 10 4"
"Warren Golf Course","IN","Notre Dame","White","70.2","128","75.9","137","6346","4 4 4 3 5 4 4 4 3 5 3 4 4 3 4 4 5 4","15 1 9 17 7 3 11 5 13 8 14 2 6 18 16 12 10 4"
"Warren Golf Course","IN","Notre Dame","Green","66","120","71.3","125","5302","4 4 4 3 5 4 4 4 3 5 3 4 4 3 4 4 5 4","15 1 9 17 7 3 11 5 13 8 14 2 6 18 16 12 10 4"
"West Chase Golf Club","IN","Brownsburg","Black","72","128","","","6700","4 3 5 4 3 4 4 4 5 5 4 3 4 3 4 5 3 4","17 11 5 7 15 9 13 1 3 10 14 8 16 4 6 12 18 2"
"West Chase Golf Club","IN","Brownsburg","Gold","69.9","124","","","6239","4 3 5 4 3 4 4 4 5 5 4 3 4 3 4 5 3 4","17 11 5 7 15 9 13 1 3 10 14 8 16 4 6 12 18 2"
"West Chase Golf Club","IN","Brownsburg","Combo","68.4","122","","","5934","4 3 5 4 3 4 4 4 5 5 4 3 4 3 4 5 3 4","17 11 5 7 15 9 13 1 3 10 14 8 16 4 6 12 18 2"
"West Chase Golf Club","IN","Brownsburg","Green","67.7","120","72.8","126","5691","4 3 5 4 3 4 4 4 5 5 4 3 4 3 4 5 3 4","17 11 5 7 15 9 13 1 3 10 14 8 16 4 6 12 18 2"
"West Chase Golf Club","IN","Brownsburg","Burgundy","62.9","103","67.5","116","4839","4 3 5 4 3 4 4 4 5 5 4 3 4 3 4 5 3 4","17 11 5 7 15 9 13 1 3 10 14 8 16 4 6 12 18 2"
"West Lafayette Golf Club","IN","West Lafayette","Back","70.4","120","","","6256","4 3 4 4 4 4 4 3 5 4 3 5 4 3 4 5 4 4","6 10 14 8 18 4 2 12 16 1 13 7 5 17 3 9 15 11"
"West Lafayette Golf Club","IN","West Lafayette","Front","64.8","103","69.6","111","5219","4 3 4 4 4 4 4 3 5 4 3 5 4 3 4 5 4 4","6 10 14 8 18 4 2 12 16 1 13 7 5 17 3 9 15 11"
"Westwood Golf Club","IN","New Castle","Blue","70.1","117","","","6175","4 4 3 4 5 3 4 4 4 4 3 4 4 5 4 3 4 4","9 1 17 7 3 15 11 5 13 18 10 4 2 6 8 16 12 14"
"Westwood Golf Club","IN","New Castle","White","67.8","116","","","5792","4 4 3 4 5 3 4 4 4 4 3 4 4 5 4 3 4 4","9 1 17 7 3 15 11 5 13 18 10 4 2 6 8 16 12 14"
"Westwood Golf Club","IN","New Castle","Gold/Red","","","70.1","118","5158","4 4 3 4 5 3 4 4 4 4 3 4 4 5 4 3 4 4","9 1 17 7 3 15 11 5 13 18 10 4 2 6 8 16 12 14"
"Whispering Creek Golf Course","IN","New Haven","Gold","72.4","124","","","6787","4 4 4 4 3 4 4 5 4 4 4 3 4 5 3 5 3 5","3 13 7 5 15 9 17 1 11 12 14 8 2 6 16 10 18 4"
"Whispering Creek Golf Course","IN","New Haven","Purple","70.3","121","","","6344","4 4 4 4 3 4 4 5 4 4 4 3 4 5 3 5 3 5","3 13 7 5 15 9 17 1 11 12 14 8 2 6 16 10 18 4"
"Whispering Creek Golf Course","IN","New Haven","White","68","111","73.1","124","5724","4 4 4 4 3 4 4 5 4 4 4 3 4 5 3 5 3 5","3 13 7 5 15 9 17 1 11 12 14 8 2 6 16 10 18 4"
"Whispering Creek Golf Course","IN","New Haven","Black","65.5","103","70","117","5235","4 4 4 4 3 4 4 5 4 4 4 3 4 5 3 5 3 5","3 13 7 5 15 9 17 1 11 12 14 8 2 6 16 10 18 4"
"Whispering Pines Golf Course","IN","Walkerton","Blue","69.7","119","","","6204","4 4 4 3 5 3 4 5 4 4 4 3 5 3 4 5 4 4","14 12 10 2 6 16 18 4 8 3 17 11 9 13 1 5 15 7"
"Whispering Pines Golf Course","IN","Walkerton","White","68.2","115","","","5723","4 4 4 3 5 3 4 5 4 4 4 3 5 3 4 5 4 4","14 12 10 2 6 16 18 4 8 3 17 11 9 13 1 5 15 7"
"Whispering Pines Golf Course","IN","Walkerton","Red","","","67.1","113","5218","4 4 4 3 5 3 4 5 4 4 4 3 5 3 4 5 4 4","14 12 10 2 6 16 18 4 8 3 17 11 9 13 1 5 15 7"
"Wicker Memorial Park Golf Course","IN","Highland","Blue","72.6","122","","","6887","5 4 4 4 3 4 4 5 3 4 4 3 4 4 4 5 3 5","6 2 16 18 12 10 4 14 8 3 9 5 17 15 1 11 13 7"
"Wicker Memorial Park Golf Course","IN","Highland","White","70.4","117","","","6426","5 4 4 4 3 4 4 5 3 4 4 3 4 4 4 5 3 5","6 2 16 18 12 10 4 14 8 3 9 5 17 15 1 11 13 7"
"Wicker Memorial Park Golf Course","IN","Highland","Gold","68.2","115","","","5506","5 4 4 4 3 4 4 5 3 4 4 3 4 4 4 5 3 5","6 2 16 18 12 10 4 14 8 3 9 5 17 15 1 11 13 7"
"Wicker Memorial Park Golf Course","IN","Highland","Red","","","70.3","115","5374","5 4 4 4 3 4 4 5 3 4 4 3 4 4 4 5 3 5","6 2 16 18 12 10 4 14 8 3 9 5 17 15 1 11 13 7"
"WIldcat Creek Golf Course","IN","Kokomo","Black","73.9","134","","","6973","4 5 3 4 4 4 3 4 5 4 4 4 4 4 3 4 3 5","4 16 10 2 8 12 18 6 14 15 1 3 11 17 7 9 13 5"
"WIldcat Creek Golf Course","IN","Kokomo","Blue","71.2","132","","","6494","4 5 3 4 4 4 3 4 5 4 4 4 4 4 3 4 3 5","4 16 10 2 8 12 18 6 14 15 1 3 11 17 7 9 13 5"
"WIldcat Creek Golf Course","IN","Kokomo","Blue/White","69.3","128","","","6132","4 5 3 4 4 4 3 4 5 4 4 4 4 4 3 4 3 5","4 16 10 2 8 12 18 6 14 15 1 3 11 17 7 9 13 5"
"WIldcat Creek Golf Course","IN","Kokomo","White","68.1","120","74","130","5893","4 5 3 4 4 4 3 4 5 4 4 4 4 4 3 4 3 5","4 16 10 2 8 12 18 6 14 15 1 3 11 17 7 9 13 5"
"WIldcat Creek Golf Course","IN","Kokomo","Green","65.1","112","70.6","121","5276","4 5 3 4 4 4 3 4 5 4 4 4 4 4 3 4 3 5","4 16 10 2 8 12 18 6 14 15 1 3 11 17 7 9 13 5"
"WIldcat Creek Golf Course","IN","Kokomo","Green/Silver","","","67.1","114","4702","4 5 3 4 4 4 3 4 5 4 4 4 4 4 3 4 3 5","4 16 10 2 8 12 18 6 14 15 1 3 11 17 7 9 13 5"
"WIldcat Creek Golf Course","IN","Kokomo","Silver","61.3","100","64.6","107","4244","4 5 3 4 4 4 3 4 5 4 4 4 4 4 3 4 3 5","4 16 10 2 8 12 18 6 14 15 1 3 11 17 7 9 13 5"
"William S. Sahm Park Golf Course","IN","Indianapolis","Black","69.9","116","75.7","125","6392","4 4 4 3 4 5 4 3 4 4 3 4 4 3 5 4 4 4","7 5 15 13 3 17 9 11 1 6 18 4 12 14 10 16 8 2"
"William S. Sahm Park Golf Course","IN","Indianapolis","White","68.1","112","73.5","120","6005","4 4 4 3 4 5 4 3 4 4 3 4 4 3 5 4 4 4","7 5 15 13 3 17 9 11 1 6 18 4 12 14 10 16 8 2"
"William S. Sahm Park Golf Course","IN","Indianapolis","Gold","64.2","100","69.3","112","5254","4 4 4 3 4 5 4 3 4 4 3 4 4 3 5 4 4 4","7 5 15 13 3 17 9 11 1 6 18 4 12 14 10 16 8 2"
"William S. Sahm Park Golf Course","IN","Indianapolis","Red","62.6","95","66.9","107","4751","4 4 4 3 4 5 4 3 4 4 3 4 4 3 5 4 4 4","7 5 15 13 3 17 9 11 1 6 18 4 12 14 10 16 8 2"
"Winding Branch Golf Course","IN","Cambridge City","White","67.3","117","","","5894","4 4 4 4 3 3 5 5 4 3 4 3 4 4 4 5 4 5","1 11 9 17 3 5 13 6 4 7 2 10 18 15 16 8 12 14"
"Winding Branch Golf Course","IN","Cambridge City","Yellow","63.4","103","","","5125","4 4 4 4 3 3 5 5 4 3 4 3 4 4 4 5 4 5","1 11 9 17 3 5 13 6 4 7 2 10 18 15 16 8 12 14"
"Winding Branch Golf Course","IN","Cambridge City","Red","61.9","101","64.7","104","4430","4 4 4 4 3 3 5 5 4 3 4 3 4 4 4 5 4 5","1 11 9 17 3 5 13 6 4 7 2 10 18 15 16 8 12 14"
"Winding Ridge Gold Cub","IN","Indianapolis","Gold","74.4","139","","","7038","4 4 5 4 3 5 4 3 4 5 3 4 4 3 4 4 4 5","11 1 5 7 13 3 9 15 17 12 8 4 6 14 2 16 18 10"
"Winding Ridge Gold Cub","IN","Indianapolis","Blue","71.9","131","","","6533","4 4 5 4 3 5 4 3 4 5 3 4 4 3 4 4 4 5","11 1 5 7 13 3 9 15 17 12 8 4 6 14 2 16 18 10"
"Winding Ridge Gold Cub","IN","Indianapolis","White","69.7","129","","","6075","4 4 5 4 3 5 4 3 4 5 3 4 4 3 4 4 4 5","11 1 5 7 13 3 9 15 17 12 8 4 6 14 2 16 18 10"
"Winding Ridge Gold Cub","IN","Indianapolis","Green","67.5","117","71.7","122","5446","4 4 5 4 3 5 4 3 4 5 3 4 4 3 4 4 4 5","11 1 5 7 13 3 9 15 17 12 8 4 6 14 2 16 18 10"
"Winding Ridge Gold Cub","IN","Indianapolis","Red","","","70.1","118","5259","4 4 5 4 3 5 4 3 4 5 3 4 4 3 4 4 4 5","11 1 5 7 13 3 9 15 17 12 8 4 6 14 2 16 18 10"
"Winding River Golf Course","IN","Indianapolis","Black","71.7","123","","","6680","4 3 4 4 5 4 4 4 3 5 4 4 3 4 4 4 3 5","13 15 1 11 3 9 5 7 17 8 14 10 16 12 2 4 18 6"
"Winding River Golf Course","IN","Indianapolis","White","69.6","118","74.8","126","6238","4 3 4 4 5 4 4 4 3 5 4 4 3 4 4 4 3 5","13 15 1 11 3 9 5 7 17 8 14 10 16 12 2 4 18 6"
"Winding River Golf Course","IN","Indianapolis","Green","64.5","106","","","5051","4 3 4 4 5 4 4 4 3 5 4 4 3 4 4 4 3 5","13 15 1 11 3 9 5 7 17 8 14 10 16 12 2 4 18 6"
"Winding River Golf Course","IN","Indianapolis","Red","","","68.9","114","4643","4 3 4 4 5 4 4 4 3 5 4 4 3 4 4 4 3 5","13 15 1 11 3 9 5 7 17 8 14 10 16 12 2 4 18 6"
"Wood Wind Golf Club","IN","Westfield","Black","70.7","124","","","6255","4 4 5 3 4 3 5 3 4 4 3 4 5 3 4 4 4 5","1 3 9 13 11 15 5 17 7 4 18 2 6 14 12 16 10 8"
"Wood Wind Golf Club","IN","Westfield","Blue","68.8","118","","","5868","4 4 5 3 4 3 5 3 4 4 3 4 5 3 4 4 4 5","1 3 9 13 11 15 5 17 7 4 18 2 6 14 12 16 10 8"
"Wood Wind Golf Club","IN","Westfield","Blue/Gold","67","115","","","5524","4 4 5 3 4 3 5 3 4 4 3 4 5 3 4 4 4 5","1 3 9 13 11 15 5 17 7 4 18 2 6 14 12 16 10 8"
"Wood Wind Golf Club","IN","Westfield","Gold","65.5","108","70.1","118","5163","4 4 5 3 4 3 5 3 4 4 3 4 5 3 4 4 4 5","1 3 9 13 11 15 5 17 7 4 18 2 6 14 12 16 10 8"
"Wood Wind Golf Club","IN","Westfield","White","62.7","107","67.1","111","4619","4 4 5 3 4 3 5 3 4 4 3 4 5 3 4 4 4 5","1 3 9 13 11 15 5 17 7 4 18 2 6 14 12 16 10 8"
"Woodbury Golf Course","IN","Plymouth","Blue","70","115","","","6533","4 4 3 4 4 5 5 3 4 4 5 3 4 3 4 4 5 4","15 1 17 11 3 5 7 9 13 14 4 18 10 16 6 8 2 12"
"Woodbury Golf Course","IN","Plymouth","White","68.3","112","","","6156","4 4 3 4 4 5 5 3 4 4 5 3 4 3 4 4 5 4","15 1 17 11 3 5 7 9 13 14 4 18 10 16 6 8 2 12"
"Woodbury Golf Course","IN","Plymouth","Red","","","68.2","108","5068","4 4 3 4 4 5 5 3 4 4 5 3 4 3 4 4 5 4","15 1 17 11 3 5 7 9 13 14 4 18 10 16 6 8 2 12"
"Wooded View Golf Course","IN","Clarksville","Gold","71.7","134","","","6538","4 4 3 5 4 4 4 3 4 4 3 4 5 4 4 3 4 5","14 12 18 6 4 2 10 16 8 11 17 1 9 5 3 15 13 7"
"Wooded View Golf Course","IN","Clarksville","Blue","70.1","128","","","6148","4 4 3 5 4 4 4 3 4 4 3 4 5 4 4 3 4 5","14 12 18 6 4 2 10 16 8 11 17 1 9 5 3 15 13 7"
"Wooded View Golf Course","IN","Clarksville","White","66.5","114","71.7","122","5318","4 4 3 5 4 4 4 3 4 4 3 4 5 4 4 3 4 5","14 12 18 6 4 2 10 16 8 11 17 1 9 5 3 15 13 7"
"Wooded View Golf Course","IN","Clarksville","Red","","","69.7","117","4990","4 4 3 5 4 4 4 3 4 4 3 4 5 4 4 3 4 5","14 12 18 6 4 2 10 16 8 11 17 1 9 5 3 15 13 7"
"Woodland Country Club","IN","Carmel","Black","75.3","140","","","7214","4 3 5 5 4 4 4 3 4 4 5 3 4 4 4 5 3 4","17 15 1 7 11 9 5 13 3 2 10 8 6 16 14 12 18 4"
"Woodland Country Club","IN","Carmel","Gold","73.4","137","","","6806","4 3 5 5 4 4 4 3 4 4 5 3 4 4 4 5 3 4","17 15 1 7 11 9 5 13 3 2 10 8 6 16 14 12 18 4"
"Woodland Country Club","IN","Carmel","Dye","72","134","","","6566","4 3 5 5 4 4 4 3 4 4 5 3 4 4 4 5 3 4","17 15 1 7 11 9 5 13 3 2 10 8 6 16 14 12 18 4"
"Woodland Country Club","IN","Carmel","Blue","70.8","130","76.9","140","6319","4 3 5 5 4 4 4 3 4 4 5 3 4 4 4 5 3 4","17 15 1 7 11 9 5 13 3 2 10 8 6 16 14 12 18 4"
"Woodland Country Club","IN","Carmel","Liddy","69.9","128","75.4","138","6064","4 3 5 5 4 4 4 3 4 4 5 3 4 4 4 5 3 4","17 15 1 7 11 9 5 13 3 2 10 8 6 16 14 12 18 4"
"Woodland Country Club","IN","Carmel","White","68.8","126","74.2","135","5834","4 3 5 5 4 4 4 3 4 4 5 3 4 4 4 5 3 4","17 15 1 7 11 9 5 13 3 2 10 8 6 16 14 12 18 4"
"Woodland Country Club","IN","Carmel","Diddel","67.4","120","72.4","130","5531","4 3 5 5 4 4 4 3 4 4 5 3 4 4 4 5 3 4","17 15 1 7 11 9 5 13 3 2 10 8 6 16 14 12 18 4"
"Woodland Country Club","IN","Carmel","Green","65.7","114","70.4","126","5189","4 3 5 5 4 4 4 3 4 4 5 3 4 4 4 5 3 4","17 15 1 7 11 9 5 13 3 2 10 8 6 16 14 12 18 4"
"Woodland Country Club","IN","Carmel","Alice","","","68.3","121","4984","4 3 5 5 4 4 4 3 4 4 5 3 4 4 4 5 3 4","17 15 1 7 11 9 5 13 3 2 10 8 6 16 14 12 18 4"
"Wyaloosing Creek","IN","Greensburg","Blue","70.7","121","","","6221","4 3 5 4 4 4 3 5 4 4 4 5 4 3 4 3 5 4","7 1 3 5 17 13 11 9 15 8 2 4 6 18 14 12 10 16"
"Wyaloosing Creek","IN","Greensburg","White","69.2","117","","","5887","4 3 5 4 4 4 3 5 4 4 4 5 4 3 4 3 5 4","7 1 3 5 17 13 11 9 15 8 2 4 6 18 14 12 10 16"
"Wyaloosing Creek","IN","Greensburg","Black","68.2","115","","","5562","4 3 5 4 4 4 3 5 4 4 4 5 4 3 4 3 5 4","7 1 3 5 17 13 11 9 15 8 2 4 6 18 14 12 10 16"
"Wyaloosing Creek","IN","Greensburg","Yellow","65.9","107","","","4967","4 3 5 4 4 4 3 5 4 4 4 5 4 3 4 3 5 4","7 1 3 5 17 13 11 9 15 8 2 4 6 18 14 12 10 16"
"Wyaloosing Creek","IN","Greensburg","Red","","","66.9","109","4750","4 3 5 4 4 4 3 5 4 4 4 5 4 3 4 3 5 4","7 1 3 5 17 13 11 9 15 8 2 4 6 18 14 12 10 16"
"Youche Country Club","IN","Crown Point","Blue","72.9","131","","","6560","5 3 5 3 5 4 4 4 3 4 3 4 4 3 4 4 4 5","4 14 12 18 10 2 6 8 16 15 17 3 5 11 13 1 9 7"
"Youche Country Club","IN","Crown Point","Blue/White","70.9","128","","","6311","5 3 5 3 5 4 4 4 3 4 3 4 4 3 4 4 4 5","4 14 12 18 10 2 6 8 16 15 17 3 5 11 13 1 9 7"
"Youche Country Club","IN","Crown Point","White","70.4","127","","","6148","5 3 5 3 5 4 4 4 3 4 3 4 4 3 4 4 4 5","4 14 12 18 10 2 6 8 16 15 17 3 5 11 13 1 9 7"
"Youche Country Club","IN","Crown Point","White/Green","69.5","126","","","5947","5 3 5 3 5 4 4 4 3 4 3 4 4 3 4 4 4 5","4 14 12 18 10 2 6 8 16 15 17 3 5 11 13 1 9 7"
"Youche Country Club","IN","Crown Point","Green","68.5","123","74.4","135","5774","5 3 5 3 5 4 4 4 3 4 3 4 4 3 4 4 4 5","4 14 12 18 10 2 6 8 16 15 17 3 5 11 13 1 9 7"
"Youche Country Club","IN","Crown Point","Green/Red","66.2","114","71.4","128","5234","5 3 5 3 5 4 4 4 3 4 3 4 4 3 4 4 4 5","4 14 12 18 10 2 6 8 16 15 17 3 5 11 13 1 9 7"
"Youche Country Club","IN","Crown Point","Red","64.2","108","68.8","123","4962","5 3 5 3 5 4 4 4 3 4 3 4 4 3 4 4 4 5","4 14 12 18 10 2 6 8 16 15 17 3 5 11 13 1 9 7"
"Zollner Golf Course","IN","Angola","Blue","69.9","121","","","6384","4 3 4 4 4 3 5 4 4 5 3 4 4 4 4 4 3 5","5 15 7 9 1 17 3 13 11 6 12 8 4 2 16 14 18 10"
"Zollner Golf Course","IN","Angola","White","68.5","119","","","6128","4 3 4 4 4 3 5 4 4 5 3 4 4 4 4 4 3 5","5 15 7 9 1 17 3 13 11 6 12 8 4 2 16 14 18 10"
"Zollner Golf Course","IN","Angola","Composite","","","73.1","124","5847","4 3 4 4 4 3 5 4 4 5 3 4 4 4 4 4 3 5","5 15 7 9 1 17 3 13 11 6 12 8 4 2 16 14 18 10"
"Zollner Golf Course","IN","Angola","Green","67.3","113","72.4","120","5795","4 3 4 4 4 3 5 4 4 5 3 4 4 4 4 4 3 5","5 15 7 9 1 17 3 13 11 6 12 8 4 2 16 14 18 10"
"Zollner Golf Course","IN","Angola","Green/Red","65.1","110","69.8","116","5367","4 3 4 4 4 3 5 4 4 5 3 4 4 4 4 4 3 5","5 15 7 9 1 17 3 13 11 6 12 8 4 2 16 14 18 10"
"Zollner Golf Course","IN","Angola","Red","63.7","106","67.8","114","5006","4 3 4 4 4 3 5 4 4 5 3 4 4 4 4 4 3 5","5 15 7 9 1 17 3 13 11 6 12 8 4 2 16 14 18 10"
