"name","state","city","tee","rating","slope","women_rating","women_slope","yardage","pars","sis"
"Miami Beach Golf Club","FL","Miami Beach, FL","Black","73.1","131","","","6813","5 4 3 4 5 3 4 4 3 5 4 5 4 3 5 4 3 4","3 15 11 1 9 17 13 5 7 6 2 10 4 16 14 12 18 8"
"Miami Beach Golf Club","FL","Miami Beach, FL","Blue","71.1","128","","","6430","5 4 3 4 5 3 4 4 3 5 4 5 4 3 5 4 3 4","3 15 11 1 9 17 13 5 7 6 2 10 4 16 14 12 18 8"
"Miami Beach Golf Club","FL","Miami Beach, FL","White","68.5","120","74.5","142","5908","5 4 3 4 5 3 4 4 3 5 4 5 4 3 5 4 3 4","3 15 11 1 9 17 13 5 7 6 2 10 4 16 14 12 18 8"
"Miami Beach Golf Club","FL","Miami Beach, FL","Red","","","70.1","124","5039","5 4 3 4 5 3 4 4 3 5 4 5 4 3 5 4 3 4","3 15 11 1 9 17 13 5 7 6 2 10 4 16 14 12 18 8"
"Bradenton Country Club","FL","Bradenton, FL","Gold","73.5","133","","","6739","4 3 4 4 4 3 4 5 4 4 4 4 4 4 5 3 5 3","5 15 13 7 1 17 9 3 11 12 14 4 8 10 2 18 6 16"
"Bradenton Country Club","FL","Bradenton, FL","White","70.7","125","","","6260","4 3 4 4 4 3 4 5 4 4 4 4 4 4 5 3 5 3","5 15 13 7 1 17 9 3 11 12 14 4 8 10 2 18 6 16"
"Bradenton Country Club","FL","Bradenton, FL","Green","67","118","72.4","123","5490","4 3 4 4 4 3 4 5 4 4 4 4 4 4 5 3 5 3","5 15 13 7 1 17 9 3 11 12 14 4 8 10 2 18 6 16"
"Bradenton Country Club","FL","Bradenton, FL","Blue","67.9","120","","","4796","4 3 4 4 4 3 4 5 4 4 4 4 4 4 5 3 5 3","5 15 13 7 1 17 9 3 11 12 14 4 8 10 2 18 6 16"
"Miami Springs Golf Course","FL","FL","Blue","71","119","","","6755","4 4 4 3 5 4 4 3 4 4 4 3 5 4 5 3 4 4","10 14 4 12 18 16 2 8 6 7 3 5 13 9 15 17 1 11"
"Miami Springs Golf Course","FL","FL","White","69.6","116","75.1","128","6443","4 4 4 3 5 4 4 3 4 4 4 3 5 4 5 3 4 4","10 14 4 12 18 16 2 8 6 7 3 5 13 9 15 17 1 11"
"Miami Springs Golf Course","FL","FL","Red","","","69.8","116","5373","4 4 4 3 5 4 4 3 4 4 4 3 5 4 5 3 4 4","10 14 4 12 18 16 2 8 6 7 3 5 13 9 15 17 1 11"
"Miami Shores Country Club","FL","Miami Shores, FL","Blue","71.2","131","","","6705","5 3 4 4 4 4 5 3 3 4 4 4 5 4 4 4 3 4","5 15 11 9 3 7 1 13 17 18 16 14 12 6 2 4 10 8"
"Miami Shores Country Club","FL","Miami Shores, FL","White","69.8","130","","","6310","5 3 4 4 4 4 5 3 3 4 4 4 5 4 4 4 3 4","5 15 11 9 3 7 1 13 17 18 16 14 12 6 2 4 10 8"
"Miami Shores Country Club","FL","Miami Shores, FL","Gold","68.4","129","","","5511","5 3 4 4 4 4 5 3 3 4 4 4 5 4 4 4 3 4","5 15 11 9 3 7 1 13 17 18 16 14 12 6 2 4 10 8"
"Miami Shores Country Club","FL","Miami Shores, FL","Red","","","72.8","124","5031","5 3 4 4 4 4 5 3 3 4 4 4 5 4 4 4 3 4","5 15 11 9 3 7 1 13 17 18 16 14 12 6 2 4 10 8"
"Diamond Hill Golf Club","FL","Dover, FL","Black","73.8","135","","","7002","4 5 3 4 4 3 4 4 5 4 4 3 5 4 3 4 5 4","11 7 17 13 9 15 5 3 1 18 8 16 2 14 12 10 4 6"
"Diamond Hill Golf Club","FL","Dover, FL","Blue","72.9","127","","","6645","4 5 3 4 4 3 4 4 5 4 4 3 5 4 3 4 5 4","11 7 17 13 9 15 5 3 1 18 8 16 2 14 12 10 4 6"
"Diamond Hill Golf Club","FL","Dover, FL","White","71.3","127","","","6312","4 5 3 4 4 3 4 4 5 4 4 3 5 4 3 4 5 4","11 7 17 13 9 15 5 3 1 18 8 16 2 14 12 10 4 6"
"Diamond Hill Golf Club","FL","Dover, FL","Yellow","67.8","124","","","5837","4 5 3 4 4 3 4 4 5 4 4 3 5 4 3 4 5 4","11 7 17 13 9 15 5 3 1 18 8 16 2 14 12 10 4 6"
"Diamond Hill Golf Club","FL","Dover, FL","Red","","","63.8","114","4970","4 5 3 4 4 3 4 4 5 4 4 3 5 4 3 4 5 4","11 7 17 13 9 15 5 3 1 18 8 16 2 14 12 10 4 6"
"Amelia River Golf Course","FL","Amelia Island, FL","Gold","74","139","","","6860","5 4 4 3 5 4 3 4 4 4 4 3 5 4 4 4 3 5","17 13 11 9 15 5 7 3 1 8 6 16 10 12 14 2 18 4"
"Amelia River Golf Course","FL","Amelia Island, FL","Blue","71.6","136","","","6349","5 4 4 3 5 4 3 4 4 4 4 3 5 4 4 4 3 5","17 13 11 9 15 5 7 3 1 8 6 16 10 12 14 2 18 4"
"Amelia River Golf Course","FL","Amelia Island, FL","Blue/Black","70.4","131","","","6082","5 4 4 3 5 4 3 4 4 4 4 3 5 4 4 4 3 5","17 13 11 9 15 5 7 3 1 8 6 16 10 12 14 2 18 4"
"Amelia River Golf Course","FL","Amelia Island, FL","Black","69.4","127","","","5872","5 4 4 3 5 4 3 4 4 4 4 3 5 4 4 4 3 5","17 13 11 9 15 5 7 3 1 8 6 16 10 12 14 2 18 4"
"Amelia River Golf Course","FL","Amelia Island, FL","Black/White","67.9","122","","","5546","5 4 4 3 5 4 3 4 4 4 4 3 5 4 4 4 3 5","17 13 11 9 15 5 7 3 1 8 6 16 10 12 14 2 18 4"
"Amelia River Golf Course","FL","Amelia Island, FL","White","66.7","118","71.7","129","5290","5 4 4 3 5 4 3 4 4 4 4 3 5 4 4 4 3 5","17 13 11 9 15 5 7 3 1 8 6 16 10 12 14 2 18 4"
"Amelia River Golf Course","FL","Amelia Island, FL","Green","64.1","113","68.4","117","4706","5 4 4 3 5 4 3 4 4 4 4 3 5 4 4 4 3 5","17 13 11 9 15 5 7 3 1 8 6 16 10 12 14 2 18 4"
"Monarch Country Club","FL","Palm City, FL","Gold","73.8","138","","","6890","4 3 4 4 3 5 4 5 4 4 4 3 4 5 4 3 4 5","13 15 3 5 17 11 1 9 7 4 8 18 2 10 12 16 6 14"
"Monarch Country Club","FL","Palm City, FL","Blue","71.7","132","","","6410","4 3 4 4 3 5 4 5 4 4 4 3 4 5 4 3 4 5","13 15 3 5 17 11 1 9 7 4 8 18 2 10 12 16 6 14"
"Monarch Country Club","FL","Palm City, FL","Silver","70.8","130","","","6174","4 3 4 4 3 5 4 5 4 4 4 3 4 5 4 3 4 5","13 15 3 5 17 11 1 9 7 4 8 18 2 10 12 16 6 14"
"Monarch Country Club","FL","Palm City, FL","White","69.1","125","73.4","127","5850","4 3 4 4 3 5 4 5 4 4 4 3 4 5 4 3 4 5","13 15 3 5 17 11 1 9 7 4 8 18 2 10 12 16 6 14"
"Monarch Country Club","FL","Palm City, FL","Red/White","71.6","124","","","5515","4 3 4 4 3 5 4 5 4 4 4 3 4 5 4 3 4 5","13 15 3 5 17 11 1 9 7 4 8 18 2 10 12 16 6 14"
"Monarch Country Club","FL","Palm City, FL","Red","64.3","112","68.3","115","4951","4 3 4 4 3 5 4 5 4 4 4 3 4 5 4 3 4 5","13 15 3 5 17 11 1 9 7 4 8 18 2 10 12 16 6 14"
"Monarch Country Club","FL","Palm City, FL","Black","61.8","107","64.6","110","4180","4 3 4 4 3 5 4 5 4 4 4 3 4 5 4 3 4 5","13 15 3 5 17 11 1 9 7 4 8 18 2 10 12 16 6 14"
"Normandy Shores Golf Club","FL","Miami Beach, FL","Blue","72.5","129","","","6805","4 4 5 4 3 4 4 3 4 4 4 4 4 3 4 5 3 5","9 5 11 1 15 13 3 17 7 6 2 14 10 18 12 4 16 8"
"Normandy Shores Golf Club","FL","Miami Beach, FL","White","70.1","124","74.4","127","6502","4 4 5 4 3 4 4 3 4 4 4 4 4 3 4 5 3 5","9 5 11 1 15 13 3 17 7 6 2 14 10 18 12 4 16 8"
"Normandy Shores Golf Club","FL","Miami Beach, FL","Red","68.7","119","77.1","137","5889","4 4 5 4 3 4 4 3 4 4 4 4 4 3 4 5 3 5","9 5 11 1 15 13 3 17 7 6 2 14 10 18 12 4 16 8"
"Naples National Golf Club","FL","FL","Championship","75","149","","","7045","4 5 3 5 4 3 4 4 4 4 4 3 4 4 5 4 3 5","11 7 15 1 13 17 5 9 3 10 12 18 6 14 2 8 16 4"
"Naples National Golf Club","FL","FL","Back","73","146","","","6729","4 5 3 5 4 3 4 4 4 4 4 3 4 4 5 4 3 5","11 7 15 1 13 17 5 9 3 10 12 18 6 14 2 8 16 4"
"Naples National Golf Club","FL","FL","Member","71","143","","","6325","4 5 3 5 4 3 4 4 4 4 4 3 4 4 5 4 3 5","11 7 15 1 13 17 5 9 3 10 12 18 6 14 2 8 16 4"
"Naples National Golf Club","FL","FL","Middle","75","146","","","6007","4 5 3 5 4 3 4 4 4 4 4 3 4 4 5 4 3 5","11 7 15 1 13 17 5 9 3 10 12 18 6 14 2 8 16 4"
"Naples National Golf Club","FL","FL","Forward","72","134","","","5575","4 5 3 5 4 3 4 4 4 4 4 3 4 4 5 4 3 5","11 7 15 1 13 17 5 9 3 10 12 18 6 14 2 8 16 4"
"Osceola Municipal Golf Course","FL","FL","Blue","70.2","117","","","6405","4 4 3 4 3 5 4 4 5 4 3 4 3 4 3 5 4 4","1 7 17 15 13 5 11 9 3 2 14 16 18 4 10 6 12 8"
"Osceola Municipal Golf Course","FL","FL","White","68.5","116","74.7","121","6084","4 4 3 4 3 5 4 4 5 4 3 4 3 4 3 5 4 4","1 7 17 15 13 5 11 9 3 2 14 16 18 4 10 6 12 8"
"Osceola Municipal Golf Course","FL","FL","Red","","","71.3","117","5533","4 4 3 4 3 5 4 4 5 4 3 4 3 4 3 5 4 4","1 7 17 15 13 5 11 9 3 2 14 16 18 4 10 6 12 8"
"Marcus Pointe Golf Club","FL","FL","Black","72.1","132","","","6650","4 5 4 3 4 5 4 3 4 4 4 3 4 4 3 5 4 5","13 7 11 15 5 1 9 17 3 2 8 18 14 4 16 10 12 6"
"Marcus Pointe Golf Club","FL","FL","Blue","69.9","123","","","6175","4 5 4 3 4 5 4 3 4 4 4 3 4 4 3 5 4 5","13 7 11 15 5 1 9 17 3 2 8 18 14 4 16 10 12 6"
"Marcus Pointe Golf Club","FL","FL","White","68.4","119","","","5925","4 5 4 3 4 5 4 3 4 4 4 3 4 4 3 5 4 5","13 7 11 15 5 1 9 17 3 2 8 18 14 4 16 10 12 6"
"Marcus Pointe Golf Club","FL","FL","Gold","66.8","116","","","5552","4 5 4 3 4 5 4 3 4 4 4 3 4 4 3 5 4 5","13 7 11 15 5 1 9 17 3 2 8 18 14 4 16 10 12 6"
"Marcus Pointe Golf Club","FL","FL","Red","","","70","120","5165","4 5 4 3 4 5 4 3 4 4 4 3 4 4 3 5 4 5","13 7 11 15 5 1 9 17 3 2 8 18 14 4 16 10 12 6"
"Capital City Country Club","FL","Tallahassee, FL","Blue","71.2","131","","","6502","4 4 3 4 4 3 5 4 5 4 3 4 4 4 5 3 4 5","3 5 15 1 7 17 11 9 13 10 14 2 18 12 16 4 6 8"
"Capital City Country Club","FL","Tallahassee, FL","White","69.9","127","","","6240","4 4 3 4 4 3 5 4 5 4 3 4 4 4 5 3 4 5","3 5 15 1 7 17 11 9 13 10 14 2 18 12 16 4 6 8"
"Capital City Country Club","FL","Tallahassee, FL","Gold","66.8","122","","","5428","4 4 3 4 4 3 5 4 5 4 3 4 4 4 5 3 4 5","3 5 15 1 7 17 11 9 13 10 14 2 18 12 16 4 6 8"
"Capital City Country Club","FL","Tallahassee, FL","Red","","","70.7","123","5260","4 4 3 4 4 3 5 4 5 4 3 4 4 4 5 3 4 5","3 5 15 1 7 17 11 9 13 10 14 2 18 12 16 4 6 8"
"Club Pelican Bay","FL","Naples, FL","Black","73.7","143","","","6818","4 4 3 4 4 5 3 5 4 4 5 4 3 4 3 4 5 4","11 13 17 9 5 1 15 3 7 12 2 14 16 6 18 10 4 8"
"Club Pelican Bay","FL","Naples, FL","Blue","72","140","","","6416","4 4 3 4 4 5 3 5 4 4 5 4 3 4 3 4 5 4","11 13 17 9 5 1 15 3 7 12 2 14 16 6 18 10 4 8"
"Club Pelican Bay","FL","Naples, FL","Blue/White","71.4","138","","","6254","4 4 3 4 4 5 3 5 4 4 5 4 3 4 3 4 5 4","11 13 17 9 5 1 15 3 7 12 2 14 16 6 18 10 4 8"
"Club Pelican Bay","FL","Naples, FL","White","70.7","130","","","6080","4 4 3 4 4 5 3 5 4 4 5 4 3 4 3 4 5 4","11 13 17 9 5 1 15 3 7 12 2 14 16 6 18 10 4 8"
"Club Pelican Bay","FL","Naples, FL","White/Gold","68.5","128","","","5712","4 4 3 4 4 5 3 5 4 4 5 4 3 4 3 4 5 4","11 13 17 9 5 1 15 3 7 12 2 14 16 6 18 10 4 8"
"Club Pelican Bay","FL","Naples, FL","Gold","67.5","125","","","5488","4 4 3 4 4 5 3 5 4 4 5 4 3 4 3 4 5 4","11 13 17 9 5 1 15 3 7 12 2 14 16 6 18 10 4 8"
"Club Pelican Bay","FL","Naples, FL","Red","70.2","124","","","5120","4 4 3 4 4 5 3 5 4 4 5 4 3 4 3 4 5 4","11 13 17 9 5 1 15 3 7 12 2 14 16 6 18 10 4 8"
"Club Pelican Bay","FL","Naples, FL","Green","65.1","113","","","4274","4 4 3 4 4 5 3 5 4 4 5 4 3 4 3 4 5 4","11 13 17 9 5 1 15 3 7 12 2 14 16 6 18 10 4 8"
"Manatee Cove Golf Club","FL","Patrick Space Force Base, FL","Sharks","71.7","126","78.1","137","6655","4 5 4 3 4 5 3 4 4 4 4 3 5 3 4 4 5 4","9 13 3 7 5 17 11 15 1 12 10 8 14 16 2 4 18 6"
"Manatee Cove Golf Club","FL","Patrick Space Force Base, FL","Manatees","70.3","124","76.3","133","6346","4 5 4 3 4 5 3 4 4 4 4 3 5 3 4 4 5 4","9 13 3 7 5 17 11 15 1 12 10 8 14 16 2 4 18 6"
"Manatee Cove Golf Club","FL","Patrick Space Force Base, FL","Marlins","67.6","118","73.1","126","5749","4 5 4 3 4 5 3 4 4 4 4 3 5 3 4 4 5 4","9 13 3 7 5 17 11 15 1 12 10 8 14 16 2 4 18 6"
"Manatee Cove Golf Club","FL","Patrick Space Force Base, FL","Dolphins","64.3","111","69.8","120","5022","4 5 4 3 4 5 3 4 4 4 4 3 5 3 4 4 5 4","9 13 3 7 5 17 11 15 1 12 10 8 14 16 2 4 18 6"
"North Palm Beach Country Club Golf Course","FL","North Palm Beach, FL","Black","73.8","140","","","7071","4 4 5 4 3 4 3 4 4 4 4 4 5 4 3 4 3 5","6 12 10 2 18 14 16 8 4 17 13 11 7 3 15 1 5 9"
"North Palm Beach Country Club Golf Course","FL","North Palm Beach, FL","Blue","70.8","134","77.2","140","6365","4 4 5 4 3 4 3 4 4 4 4 4 5 4 3 4 3 5","6 12 10 2 18 14 16 8 4 17 13 11 7 3 15 1 5 9"
"North Palm Beach Country Club Golf Course","FL","North Palm Beach, FL","White","68.7","131","75.1","138","5932","4 4 5 4 3 4 3 4 4 4 4 4 5 4 3 4 3 5","6 12 10 2 18 14 16 8 4 17 13 11 7 3 15 1 5 9"
"North Palm Beach Country Club Golf Course","FL","North Palm Beach, FL","Green","65.5","119","70.9","131","5348","4 4 5 4 3 4 3 4 4 4 4 4 5 4 3 4 3 5","6 12 10 2 18 14 16 8 4 17 13 11 7 3 15 1 5 9"
"North Palm Beach Country Club Golf Course","FL","North Palm Beach, FL","Red","","","69.5","127","5180","4 4 5 4 3 4 3 4 4 4 4 4 5 4 3 4 3 5","6 12 10 2 18 14 16 8 4 17 13 11 7 3 15 1 5 9"
"Fort Myers Country Club","FL","FL","Black","72.9","131","","","6780","4 4 4 3 4 4 3 5 4 3 5 3 4 3 4 4 4 5","17 1 15 9 13 7 11 3 5 8 12 10 16 18 14 4 2 6"
"Fort Myers Country Club","FL","FL","Blue","70.5","126","","","6265","4 4 4 3 4 4 3 5 4 3 5 3 4 3 4 4 4 5","17 1 15 9 13 7 11 3 5 8 12 10 16 18 14 4 2 6"
"Fort Myers Country Club","FL","FL","White","68.9","124","","","5910","4 4 4 3 4 4 3 5 4 3 5 3 4 3 4 4 4 5","17 1 15 9 13 7 11 3 5 8 12 10 16 18 14 4 2 6"
"Fort Myers Country Club","FL","FL","Gold","67","117","","","5550","4 4 4 3 4 4 3 5 4 3 5 3 4 3 4 4 4 5","17 1 15 9 13 7 11 3 5 8 12 10 16 18 14 4 2 6"
"Fort Myers Country Club","FL","FL","Red","","","67","117","4975","4 4 4 3 4 4 3 5 4 3 5 3 4 3 4 4 4 5","17 1 15 9 13 7 11 3 5 8 12 10 16 18 14 4 2 6"
"Fort Myers Country Club","FL","FL","Green","","","63","101","3930","4 4 4 3 4 4 3 5 4 3 5 3 4 3 4 4 4 5","17 1 15 9 13 7 11 3 5 8 12 10 16 18 14 4 2 6"
"Banyan Golf Club","FL","West Palm Beach, FL","Black","74.4","138","","","7107","5 4 3 4 5 3 4 4 4 5 4 4 3 5 4 3 4 4","13 5 15 7 3 17 11 1 9 10 6 12 18 2 14 16 8 4"
"Banyan Golf Club","FL","West Palm Beach, FL","Bruiser C","73.2","136","","","6750","5 4 3 4 5 3 4 4 4 5 4 4 3 5 4 3 4 4","13 5 15 7 3 17 11 1 9 10 6 12 18 2 14 16 8 4"
"Banyan Golf Club","FL","West Palm Beach, FL","Blue","72.1","133","","","6573","5 4 3 4 5 3 4 4 4 5 4 4 3 5 4 3 4 4","13 5 15 7 3 17 11 1 9 10 6 12 18 2 14 16 8 4"
"Banyan Golf Club","FL","West Palm Beach, FL","White","70.1","130","76","133","6210","5 4 3 4 5 3 4 4 4 5 4 4 3 5 4 3 4 4","13 5 15 7 3 17 11 1 9 10 6 12 18 2 14 16 8 4"
"Banyan Golf Club","FL","West Palm Beach, FL","Banyan C","68.2","126","73.6","129","5806","5 4 3 4 5 3 4 4 4 5 4 4 3 5 4 3 4 4","13 5 15 7 3 17 11 1 9 10 6 12 18 2 14 16 8 4"
"Banyan Golf Club","FL","West Palm Beach, FL","Gold","67.2","118","72.2","125","5525","5 4 3 4 5 3 4 4 4 5 4 4 3 5 4 3 4 4","13 5 15 7 3 17 11 1 9 10 6 12 18 2 14 16 8 4"
"Banyan Golf Club","FL","West Palm Beach, FL","Green","66","115","70.7","121","5277","5 4 3 4 5 3 4 4 4 5 4 4 3 5 4 3 4 4","13 5 15 7 3 17 11 1 9 10 6 12 18 2 14 16 8 4"
"Sunrise Country Club","FL","FL","Gold","71.4","124","","","6668","4 5 4 4 3 5 4 4 3 4 4 3 5 4 3 4 5 4","5 11 13 3 15 7 1 9 17 14 12 16 10 4 18 6 8 2"
"Tarpon Springs Golf Course","FL","Tarpon Springs, FL","Blue","68.5","117","","","6069","4 4 5 3 4 4 4 3 4 4 5 4 5 3 4 5 3 4","7 1 3 17 5 15 9 11 13 16 4 12 6 18 2 8 14 10"
"Tarpon Springs Golf Course","FL","Tarpon Springs, FL","White","67","113","","","5729","4 4 5 3 4 4 4 3 4 4 5 4 5 3 4 5 3 4","7 1 3 17 5 15 9 11 13 16 4 12 6 18 2 8 14 10"
"Tarpon Springs Golf Course","FL","Tarpon Springs, FL","Gold","64.4","107","","","5145","4 4 5 3 4 4 4 3 4 4 5 4 5 3 4 5 3 4","7 1 3 17 5 15 9 11 13 16 4 12 6 18 2 8 14 10"
"Tarpon Springs Golf Course","FL","Tarpon Springs, FL","Red","","","67.6","113","4886","4 4 5 3 4 4 4 3 4 4 5 4 5 3 4 5 3 4","7 1 3 17 5 15 9 11 13 16 4 12 6 18 2 8 14 10"
"Chi Chi Rodriguez Golf Course","FL","Clearwater, FL","Blue","66.4","121","","","5454","5 4 3 4 4 3 4 3 4 4 3 4 5 4 3 4 3 5","5 15 9 13 11 17 7 1 3 8 16 2 6 18 12 14 10 4"
"Chi Chi Rodriguez Golf Course","FL","Clearwater, FL","White","64.1","112","","","4796","5 4 3 4 4 3 4 3 4 4 3 4 5 4 3 4 3 5","5 15 9 13 11 17 7 1 3 8 16 2 6 18 12 14 10 4"
"Chi Chi Rodriguez Golf Course","FL","Clearwater, FL","Gold","","","62","102","3929","5 4 3 4 4 3 4 3 4 4 3 4 5 4 3 4 3 5","5 15 9 13 11 17 7 1 3 8 16 2 6 18 12 14 10 4"
"Fort Walton Beach Golf Club - Oaks Course","FL","Fort Walton Beach, FL","Blue","70.2","116","","","6358","5 3 4 5 4 4 3 4 4 4 4 5 3 4 4 4 3 5","5 17 7 9 15 3 13 1 11 16 12 2 14 10 4 6 18 8"
"Fort Walton Beach Golf Club - Oaks Course","FL","Fort Walton Beach, FL","White","67.8","112","","","5880","5 3 4 5 4 4 3 4 4 4 4 5 3 4 4 4 3 5","5 17 7 9 15 3 13 1 11 16 12 2 14 10 4 6 18 8"
"Fort Walton Beach Golf Club - Oaks Course","FL","Fort Walton Beach, FL","Gold","66.2","109","","","5495","5 3 4 5 4 4 3 4 4 4 4 5 3 4 4 4 3 5","5 17 7 9 15 3 13 1 11 16 12 2 14 10 4 6 18 8"
"Fort Walton Beach Golf Club - Oaks Course","FL","Fort Walton Beach, FL","Red","","","69","118","5015","5 3 4 5 4 4 3 4 4 4 4 5 3 4 4 4 3 5","5 17 7 9 15 3 13 1 11 16 12 2 14 10 4 6 18 8"
"Manatee Golf Course","FL","Bradenton, FL","Blue","71","124","","","6433","4 4 3 5 4 4 4 3 5 4 4 3 4 4 5 3 4 5","11 13 17 3 7 1 15 9 5 2 16 18 8 10 4 14 12 6"
"Manatee Golf Course","FL","Bradenton, FL","White","68.9","116","","","5954","4 4 3 5 4 4 4 3 5 4 4 3 4 4 5 3 4 5","11 13 17 3 7 1 15 9 5 2 16 18 8 10 4 14 12 6"
"Manatee Golf Course","FL","Bradenton, FL","Gold","66.3","111","71.6","127","5444","4 4 3 5 4 4 4 3 5 4 4 3 4 4 5 3 4 5","11 13 17 3 7 1 15 9 5 2 16 18 8 10 4 14 12 6"
"Manatee Golf Course","FL","Bradenton, FL","Family","59.7","90","","","3445","4 4 3 5 4 4 4 3 5 4 4 3 4 4 5 3 4 5","11 13 17 3 7 1 15 9 5 2 16 18 8 10 4 14 12 6"
"Manatee Golf Course","FL","Bradenton, FL","Red","","","68.6","117","4823","4 4 3 5 4 4 4 3 5 4 4 3 4 4 5 3 4 5","11 13 17 3 7 1 15 9 5 2 16 18 8 10 4 14 12 6"
"Ocala Golf Club","FL","Ocala, FL","Orange","71.2","125","","","6552","4 5 3 5 3 4 5 3 4 4 3 4 5 3 4 4 5 4","5 3 15 1 13 7 11 17 9 10 18 2 6 16 8 4 12 14"
"Ocala Golf Club","FL","Ocala, FL","Blue","68.2","121","","","5914","4 5 3 5 3 4 5 3 4 4 3 4 5 3 4 4 5 4","5 3 15 1 13 7 11 17 9 10 18 2 6 16 8 4 12 14"
"Ocala Golf Club","FL","Ocala, FL","Silver","66.3","118","","","5515","4 5 3 5 3 4 5 3 4 4 3 4 5 3 4 4 5 4","5 3 15 1 13 7 11 17 9 10 18 2 6 16 8 4 12 14"
"Ocala Golf Club","FL","Ocala, FL","Green","63.7","109","69.2","116","5027","4 5 3 5 3 4 5 3 4 4 3 4 5 3 4 4 5 4","5 3 15 1 13 7 11 17 9 10 18 2 6 16 8 4 12 14"
"Ocala Golf Club","FL","Ocala, FL","Yellow","64.1","110","64.1","110","4246","4 5 3 5 3 4 5 3 4 4 3 4 5 3 4 4 5 4","5 3 15 1 13 7 11 17 9 10 18 2 6 16 8 4 12 14"
"Shula's Golf Club","FL","Miami Lakes, FL","Black","72.5","128","","","6757","5 5 5 5 5 4 4 4 4 4 4 4 4 3 3 3 3 3","3 9 15 1 17 13 5 11 7 14 4 10 16 2 8 12 18 6"
"Chiefland Golf & Country Club","FL","Chiefland, FL","Blue","70.2","117","","","6508","5 5 5 5 4 4 4 4 4 4 4 4 4 4 3 3 3 3","5 7 3 13 15 9 1 17 11 12 4 14 16 2 18 10 6 8"
"Chiefland Golf & Country Club","FL","Chiefland, FL","White","68.8","113","","","6215","5 5 5 5 4 4 4 4 4 4 4 4 4 4 3 3 3 3","5 7 3 13 15 9 1 17 11 12 4 14 16 2 18 10 6 8"
"Chiefland Golf & Country Club","FL","Chiefland, FL","Gold","65.9","107","","","5650","5 5 5 5 4 4 4 4 4 4 4 4 4 4 3 3 3 3","5 7 3 13 15 9 1 17 11 12 4 14 16 2 18 10 6 8"
"Chiefland Golf & Country Club","FL","Chiefland, FL","Orange","64.6","105","70","113","5320","5 5 5 5 4 4 4 4 4 4 4 4 4 4 3 3 3 3","5 7 3 13 15 9 1 17 11 12 4 14 16 2 18 10 6 8"
"Chiefland Golf & Country Club","FL","Chiefland, FL","Red","","","67.4","107","4843","5 5 5 5 4 4 4 4 4 4 4 4 4 4 3 3 3 3","5 7 3 13 15 9 1 17 11 12 4 14 16 2 18 10 6 8"
"New Smyrna Golf Club","FL","New Smyrna Beach, FL","Blue","72","131","","","6567","4 4 3 4 3 5 4 4 5 4 4 3 4 5 3 4 4 5","8 2 16 6 18 14 10 4 12 13 3 9 5 11 7 17 1 15"
"New Smyrna Golf Club","FL","New Smyrna Beach, FL","White","70.3","128","","","6158","4 4 3 4 3 5 4 4 5 4 4 3 4 5 3 4 4 5","8 2 16 6 18 14 10 4 12 13 3 9 5 11 7 17 1 15"
"New Smyrna Golf Club","FL","New Smyrna Beach, FL","Gold","66.7","123","72","126","5511","4 4 3 4 3 5 4 4 5 4 4 3 4 5 3 4 4 5","8 2 16 6 18 14 10 4 12 13 3 9 5 11 7 17 1 15"
"New Smyrna Golf Club","FL","New Smyrna Beach, FL","Red","","","67.8","113","4751","4 4 3 4 3 5 4 4 5 4 4 3 4 5 3 4 4 5","8 2 16 6 18 14 10 4 12 13 3 9 5 11 7 17 1 15"
"Caloosa Golf & Country Club","FL","Sun City Center, FL","Black","70.4","121","","","6378","4 4 3 4 5 5 3 4 4 4 5 4 3 4 4 4 3 5","3 5 17 15 13 11 7 9 1 2 6 10 12 8 4 16 18 14"
"Caloosa Golf & Country Club","FL","Sun City Center, FL","Gold","68.7","117","71.2","128","6010","4 4 3 4 5 5 3 4 4 4 5 4 3 4 4 4 3 5","3 5 17 15 13 11 7 9 1 2 6 10 12 8 4 16 18 14"
"Caloosa Golf & Country Club","FL","Sun City Center, FL","Gold/Silver","66.9","116","","","5682","4 4 3 4 5 5 3 4 4 4 5 4 3 4 4 4 3 5","3 5 17 15 13 11 7 9 1 2 6 10 12 8 4 16 18 14"
"Caloosa Golf & Country Club","FL","Sun City Center, FL","Silver","65.6","111","71.2","122","5412","4 4 3 4 5 5 3 4 4 4 5 4 3 4 4 4 3 5","3 5 17 15 13 11 7 9 1 2 6 10 12 8 4 16 18 14"
"Caloosa Golf & Country Club","FL","Sun City Center, FL","Green","62.3","104","66.9","114","4701","4 4 3 4 5 5 3 4 4 4 5 4 3 4 4 4 3 5","3 5 17 15 13 11 7 9 1 2 6 10 12 8 4 16 18 14"
"Caloosa Golf & Country Club","FL","Sun City Center, FL","Executive","58.2","99","58.6","93","3230","4 4 3 4 5 5 3 4 4 4 5 4 3 4 4 4 3 5","3 5 17 15 13 11 7 9 1 2 6 10 12 8 4 16 18 14"
"Caloosa Golf & Country Club","FL","Sun City Center, FL","Blue","","","69.4","120","5148","4 4 3 4 5 5 3 4 4 4 5 4 3 4 4 4 3 5","3 5 17 15 13 11 7 9 1 2 6 10 12 8 4 16 18 14"
"Olde Florida Golf Club","FL","Naples, FL","Championship","74.1","132","","","7055","4 4 3 4 3 5 4 5 4 5 4 4 3 4 4 5 3 4","3 1 15 11 17 9 13 7 5 4 14 12 16 8 2 10 18 6"
"Olde Florida Golf Club","FL","Naples, FL","Back","72.9","126","","","6794","4 4 3 4 3 5 4 5 4 5 4 4 3 4 4 5 3 4","3 1 15 11 17 9 13 7 5 4 14 12 16 8 2 10 18 6"
"Olde Florida Golf Club","FL","Naples, FL","Middle","70.8","119","","","6393","4 4 3 4 3 5 4 5 4 5 4 4 3 4 4 5 3 4","3 1 15 11 17 9 13 7 5 4 14 12 16 8 2 10 18 6"
"Olde Florida Golf Club","FL","Naples, FL","Forward","71.5","121","","","5597","4 4 3 4 3 5 4 5 4 5 4 4 3 4 4 5 3 4","3 1 15 11 17 9 13 7 5 4 14 12 16 8 2 10 18 6"
"San Carlos Golf Club","FL","Fort Myers, FL","Blue","71","121","","","6465","5 5 5 5 5 4 4 4 4 4 4 4 3 3 3 3 3 3","15 11 17 3 13 9 1 5 7 10 16 2 6 14 12 8 18 4"
"San Carlos Golf Club","FL","Fort Myers, FL","White","69.3","112","","","6074","5 5 5 5 5 4 4 4 4 4 4 4 3 3 3 3 3 3","15 11 17 3 13 9 1 5 7 10 16 2 6 14 12 8 18 4"
"San Carlos Golf Club","FL","Fort Myers, FL","Gold","67.5","112","","","5692","5 5 5 5 5 4 4 4 4 4 4 4 3 3 3 3 3 3","15 11 17 3 13 9 1 5 7 10 16 2 6 14 12 8 18 4"
"San Carlos Golf Club","FL","Fort Myers, FL","Red","65.1","107","69.7","114","5196","5 5 5 5 5 4 4 4 4 4 4 4 3 3 3 3 3 3","15 11 17 3 13 9 1 5 7 10 16 2 6 14 12 8 18 4"
"San Carlos Golf Club","FL","Fort Myers, FL","Silver","61.6","103","65.7","106","4512","5 5 5 5 5 4 4 4 4 4 4 4 3 3 3 3 3 3","15 11 17 3 13 9 1 5 7 10 16 2 6 14 12 8 18 4"
"San Carlos Golf Club","FL","Fort Myers, FL","Green","59.8","99","62.7","99","4049","5 5 5 5 5 4 4 4 4 4 4 4 3 3 3 3 3 3","15 11 17 3 13 9 1 5 7 10 16 2 6 14 12 8 18 4"
"Sebring Municipal Golf Course","FL","Sebring, FL","Blue","69.6","120","","","6170","5 5 5 4 4 4 4 4 4 4 4 4 4 4 4 3 3 3","8 14 16 2 10 4 18 12 6 5 13 3 1 9 7 17 15 11"
"Mount Dora Golf Club","FL","Mount Dora, FL","Blue","66.7","111","","","5715","4 4 3 4 5 5 3 4 4 4 3 4 3 4 4 5 3 4","13 9 11 7 5 1 17 15 3 12 18 6 16 14 10 4 8 2"
"Mount Dora Golf Club","FL","Mount Dora, FL","White","65.5","108","","","5465","4 4 3 4 5 5 3 4 4 4 3 4 3 4 4 5 3 4","13 9 11 7 5 1 17 15 3 12 18 6 16 14 10 4 8 2"
"Mount Dora Golf Club","FL","Mount Dora, FL","Red","","","70.8","124","5232","4 4 3 4 5 5 3 4 4 4 3 4 3 4 4 5 3 4","13 9 11 7 5 1 17 15 3 12 18 6 16 14 10 4 8 2"
"Mount Dora Golf Club","FL","Mount Dora, FL","Gold","","","65.2","112","4225","4 4 3 4 5 5 3 4 4 4 3 4 3 4 4 5 3 4","13 9 11 7 5 1 17 15 3 12 18 6 16 14 10 4 8 2"
"Forest Lake Golf Club","FL","Ocoee, FL","Green","74.6","133","","","7221","5 3 4 4 4 3 4 5 4 5 4 4 5 3 4 3 4 4","7 11 1 3 17 5 15 13 9 14 16 18 4 12 2 10 6 8"
"Forest Lake Golf Club","FL","Ocoee, FL","Gold","72.9","130","","","6836","5 3 4 4 4 3 4 5 4 5 4 4 5 3 4 3 4 4","7 11 1 3 17 5 15 13 9 14 16 18 4 12 2 10 6 8"
"Forest Lake Golf Club","FL","Ocoee, FL","Blue","70.5","126","","","6387","5 3 4 4 4 3 4 5 4 5 4 4 5 3 4 3 4 4","7 11 1 3 17 5 15 13 9 14 16 18 4 12 2 10 6 8"
"Forest Lake Golf Club","FL","Ocoee, FL","White","68","119","73.5","127","5779","5 3 4 4 4 3 4 5 4 5 4 4 5 3 4 3 4 4","7 11 1 3 17 5 15 13 9 14 16 18 4 12 2 10 6 8"
"Forest Lake Golf Club","FL","Ocoee, FL","Red","","","68.7","117","5065","5 3 4 4 4 3 4 5 4 5 4 4 5 3 4 3 4 4","7 11 1 3 17 5 15 13 9 14 16 18 4 12 2 10 6 8"
"McArthur Golf Club","FL","Hobe Sound, FL","Black","75.5","146","","","7251","4 4 3 4 5 4 4 3 5 5 4 4 3 4 5 4 3 4","12 4 18 2 8 14 6 16 10 5 1 7 17 11 9 13 15 3"
"McArthur Golf Club","FL","Hobe Sound, FL","Gold","71.7","138","","","6772","4 4 3 4 5 4 4 3 5 5 4 4 3 4 5 4 3 4","12 4 18 2 8 14 6 16 10 5 1 7 17 11 9 13 15 3"
"McArthur Golf Club","FL","Hobe Sound, FL","Blue","70.9","136","","","6321","4 4 3 4 5 4 4 3 5 5 4 4 3 4 5 4 3 4","12 4 18 2 8 14 6 16 10 5 1 7 17 11 9 13 15 3"
"McArthur Golf Club","FL","Hobe Sound, FL","Green","69.8","122","","","5181","4 4 3 4 5 4 4 3 5 5 4 4 3 4 5 4 3 4","12 4 18 2 8 14 6 16 10 5 1 7 17 11 9 13 15 3"
"McArthur Golf Club","FL","Hobe Sound, FL","White","","","68.6","125","5768","4 4 3 4 5 4 4 3 5 5 4 4 3 4 5 4 3 4","12 4 18 2 8 14 6 16 10 5 1 7 17 11 9 13 15 3"
"Medalist Golf Club","FL","Hobe Sound, FL","Tiger","77.9","155","","","7515","4 4 5 3 4 4 5 3 4 4 4 3 5 4 4 3 5 4","13 1 5 17 9 11 7 15 3 6 16 18 4 12 2 14 10 8"
"Medalist Golf Club","FL","Hobe Sound, FL","Championship","74.5","142","","","7177","4 4 5 3 4 4 5 3 4 4 4 3 5 4 4 3 5 4","13 1 5 17 9 11 7 15 3 6 16 18 4 12 2 14 10 8"
"Medalist Golf Club","FL","Hobe Sound, FL","Back","72.6","138","","","6664","4 4 5 3 4 4 5 3 4 4 4 3 5 4 4 3 5 4","13 1 5 17 9 11 7 15 3 6 16 18 4 12 2 14 10 8"
"Medalist Golf Club","FL","Hobe Sound, FL","Member","68.3","125","74.3","136","5823","4 4 5 3 4 4 5 3 4 4 4 3 5 4 4 3 5 4","13 1 5 17 9 11 7 15 3 6 16 18 4 12 2 14 10 8"
"Boca Rio Golf Club","FL","Boca Raton, FL","Blue","74.6","138","","","7116","5 4 3 4 4 3 4 5 4 5 4 4 3 4 4 5 3 4","11 3 17 13 7 15 1 5 9 10 4 14 18 6 2 12 16 8"
"Boca Rio Golf Club","FL","Boca Raton, FL","Red","72.8","135","","","6707","5 4 3 4 4 3 4 5 4 5 4 4 3 4 4 5 3 4","11 3 17 13 7 15 1 5 9 10 4 14 18 6 2 12 16 8"
"Boca Rio Golf Club","FL","Boca Raton, FL","White","70.7","131","","","6262","5 4 3 4 4 3 4 5 4 5 4 4 3 4 4 5 3 4","11 3 17 13 7 15 1 5 9 10 4 14 18 6 2 12 16 8"
"Boca Rio Golf Club","FL","Boca Raton, FL","Gold","67.2","124","72.5","131","5564","5 4 3 4 4 3 4 5 4 5 4 4 3 4 4 5 3 4","11 3 17 13 7 15 1 5 9 10 4 14 18 6 2 12 16 8"
"Boca Rio Golf Club","FL","Boca Raton, FL","Green","","","69.8","125","5015","5 4 3 4 4 3 4 5 4 5 4 4 3 4 4 5 3 4","11 3 17 13 7 15 1 5 9 10 4 14 18 6 2 12 16 8"
"East Bay Golf Club","FL","Largo, FL","Back","70","128","","","6451","5 4 4 3 5 4 4 4 3 4 4 3 5 3 4 4 3 5","13 15 9 17 5 3 7 1 11 10 12 18 8 16 6 2 14 4"
"East Bay Golf Club","FL","Largo, FL","Middle","68.1","125","","","5967","5 4 4 3 5 4 4 4 3 4 4 3 5 3 4 4 3 5","13 15 9 17 5 3 7 1 11 10 12 18 8 16 6 2 14 4"
"East Bay Golf Club","FL","Largo, FL","Forward","71.5","129","71.5","129","5286","5 4 4 3 5 4 4 4 3 4 4 3 5 3 4 4 3 5","13 15 9 17 5 3 7 1 11 10 12 18 8 16 6 2 14 4"
"Atlantic National Golf Club","FL","Lake Worth, FL","Blue","70.6","130","","","6519","4 4 4 3 5 4 5 3 4 4 3 4 4 5 3 4 3 5","1 9 11 17 3 13 7 15 5 14 18 6 8 2 12 4 16 10"
"Atlantic National Golf Club","FL","Lake Worth, FL","White","69","127","","","6142","4 4 4 3 5 4 5 3 4 4 3 4 4 5 3 4 3 5","1 9 11 17 3 13 7 15 5 14 18 6 8 2 12 4 16 10"
"Atlantic National Golf Club","FL","Lake Worth, FL","Green/White","67.5","122","","","5831","4 4 4 3 5 4 5 3 4 4 3 4 4 5 3 4 3 5","1 9 11 17 3 13 7 15 5 14 18 6 8 2 12 4 16 10"
"Atlantic National Golf Club","FL","Lake Worth, FL","Green","65.7","115","","","5446","4 4 4 3 5 4 5 3 4 4 3 4 4 5 3 4 3 5","1 9 11 17 3 13 7 15 5 14 18 6 8 2 12 4 16 10"
"Atlantic National Golf Club","FL","Lake Worth, FL","Red","","","68.5","121","5016","4 4 4 3 5 4 5 3 4 4 3 4 4 5 3 4 3 5","1 9 11 17 3 13 7 15 5 14 18 6 8 2 12 4 16 10"
"Eastwood Golf Course","FL","Fort Myers, FL","Black","72.5","131","","","7129","4 3 4 4 4 3 4 5 4 4 4 5 3 5 4 3 4 5","7 5 1 15 11 17 9 13 3 2 14 4 12 6 18 10 16 8"
"Eastwood Golf Course","FL","Fort Myers, FL","Blue","70.2","127","","","6422","4 3 4 4 4 3 4 5 4 4 4 5 3 5 4 3 4 5","7 5 1 15 11 17 9 13 3 2 14 4 12 6 18 10 16 8"
"Eastwood Golf Course","FL","Fort Myers, FL","White","68.3","124","","","6000","4 3 4 4 4 3 4 5 4 4 4 5 3 5 4 3 4 5","7 5 1 15 11 17 9 13 3 2 14 4 12 6 18 10 16 8"
"Eastwood Golf Course","FL","Fort Myers, FL","Gold","66.8","121","","","5504","4 3 4 4 4 3 4 5 4 4 4 5 3 5 4 3 4 5","7 5 1 15 11 17 9 13 3 2 14 4 12 6 18 10 16 8"
"Eastwood Golf Course","FL","Fort Myers, FL","Ladies'","68.4","117","","","5148","4 3 4 4 4 3 4 5 4 4 4 5 3 5 4 3 4 5","7 5 1 15 11 17 9 13 3 2 14 4 12 6 18 10 16 8"
"Barefoot Bay Golf Course","FL","Barefoot Bay, FL","Blue","59.1","104","","","3689","5 5 5 5 5 5 3 3 3 3 3 3 3 3 3 3 3 3","3 15 11 7 1 5 17 13 9 6 16 2 18 4 14 8 12 10"
"Barefoot Bay Golf Course","FL","Barefoot Bay, FL","White","58.5","100","59.5","92","3453","5 5 5 5 5 5 3 3 3 3 3 3 3 3 3 3 3 3","3 15 11 7 1 5 17 13 9 6 16 2 18 4 14 8 12 10"
"Barefoot Bay Golf Course","FL","Barefoot Bay, FL","Green","57.8","97","58.6","90","3202","5 5 5 5 5 5 3 3 3 3 3 3 3 3 3 3 3 3","3 15 11 7 1 5 17 13 9 6 16 2 18 4 14 8 12 10"
"Old Corkscrew Golf Club","FL","Estero, FL","Black","77.6","153","","","7393","4 3 5 4 4 4 3 5 4 4 5 3 4 4 5 4 3 4","12 16 6 18 2 10 14 8 4 1 9 15 13 7 5 11 17 3"
"Old Corkscrew Golf Club","FL","Estero, FL","Blue","74","146","","","6617","4 3 5 4 4 4 3 5 4 4 5 3 4 4 5 4 3 4","12 16 6 18 2 10 14 8 4 1 9 15 13 7 5 11 17 3"
"Old Corkscrew Golf Club","FL","Estero, FL","White","72","144","","","6262","4 3 5 4 4 4 3 5 4 4 5 3 4 4 5 4 3 4","12 16 6 18 2 10 14 8 4 1 9 15 13 7 5 11 17 3"
"Old Corkscrew Golf Club","FL","Estero, FL","Green","69.7","139","","","5728","4 3 5 4 4 4 3 5 4 4 5 3 4 4 5 4 3 4","12 16 6 18 2 10 14 8 4 1 9 15 13 7 5 11 17 3"
"Old Corkscrew Golf Club","FL","Estero, FL","Gold","","","69.7","123","5161","4 3 5 4 4 4 3 5 4 4 5 3 4 4 5 4 3 4","12 16 6 18 2 10 14 8 4 1 9 15 13 7 5 11 17 3"
"Oak Hills Golf Club","FL","FL","Blue","72.2","123","","","6935","4 3 4 5 4 3 4 5 4 4 5 4 3 4 5 4 3 4","5 15 11 13 1 17 7 9 3 4 12 6 16 8 18 2 10 14"
"Oak Hills Golf Club","FL","FL","White","70.3","120","","","6442","4 3 4 5 4 3 4 5 4 4 5 4 3 4 5 4 3 4","5 15 11 13 1 17 7 9 3 4 12 6 16 8 18 2 10 14"
"Oak Hills Golf Club","FL","FL","Gold","70.6","119","","","5724","4 3 4 5 4 3 4 5 4 4 5 4 3 4 5 4 3 4","5 15 11 13 1 17 7 9 3 4 12 6 16 8 18 2 10 14"
"Oak Hills Golf Club","FL","FL","Red","","","71.1","119","5441","4 3 4 5 4 3 4 5 4 4 5 4 3 4 5 4 3 4","5 15 11 13 1 17 7 9 3 4 12 6 16 8 18 2 10 14"
"Esplanade at Azario","FL","Lakewood Ranch, FL","Black","73.1","128","","","7007","4 5 4 4 3 5 4 3 4 4 5 3 4 4 4 4 3 5","13 7 1 9 11 5 15 17 3 14 18 10 4 2 16 12 6 8"
"Esplanade at Azario","FL","Lakewood Ranch, FL","Black/Blue","71.8","126","","","6732","4 5 4 4 3 5 4 3 4 4 5 3 4 4 4 4 3 5","13 7 1 9 11 5 15 17 3 14 18 10 4 2 16 12 6 8"
"Esplanade at Azario","FL","Lakewood Ranch, FL","Blue","70.8","124","","","6498","4 5 4 4 3 5 4 3 4 4 5 3 4 4 4 4 3 5","13 7 1 9 11 5 15 17 3 14 18 10 4 2 16 12 6 8"
"Esplanade at Azario","FL","Lakewood Ranch, FL","White","68.6","116","","","6012","4 5 4 4 3 5 4 3 4 4 5 3 4 4 4 4 3 5","13 7 1 9 11 5 15 17 3 14 18 10 4 2 16 12 6 8"
"Esplanade at Azario","FL","Lakewood Ranch, FL","White/Red","66.8","112","","","5627","4 5 4 4 3 5 4 3 4 4 5 3 4 4 4 4 3 5","13 7 1 9 11 5 15 17 3 14 18 10 4 2 16 12 6 8"
"Esplanade at Azario","FL","Lakewood Ranch, FL","Red","70.1","115","","","5287","4 5 4 4 3 5 4 3 4 4 5 3 4 4 4 4 3 5","13 7 1 9 11 5 15 17 3 14 18 10 4 2 16 12 6 8"
"Esplanade at Azario","FL","Lakewood Ranch, FL","Green","66.5","108","","","4644","4 5 4 4 3 5 4 3 4 4 5 3 4 4 4 4 3 5","13 7 1 9 11 5 15 17 3 14 18 10 4 2 16 12 6 8"
"Esplanade at Azario","FL","Lakewood Ranch, FL","Gold","61.1","96","","","3703","4 5 4 4 3 5 4 3 4 4 5 3 4 4 4 4 3 5","13 7 1 9 11 5 15 17 3 14 18 10 4 2 16 12 6 8"
"Pensacola Country Club","FL","FL","Black","72.6","128","","","6815","4 4 4 3 4 5 3 5 4 4 3 5 4 5 4 4 4 3","7 11 5 17 13 1 15 3 9 8 16 6 12 2 4 18 10 14"
"Pensacola Country Club","FL","FL","Blue","68.4","125","","","6496","4 4 4 3 4 5 3 5 4 4 3 5 4 5 4 4 4 3","7 11 5 17 13 1 15 3 9 8 16 6 12 2 4 18 10 14"
"Pensacola Country Club","FL","FL","White","68.4","114","","","6077","4 4 4 3 4 5 3 5 4 4 3 5 4 5 4 4 4 3","7 11 5 17 13 1 15 3 9 8 16 6 12 2 4 18 10 14"
"Pensacola Country Club","FL","FL","Gold","66.8","113","71.8","116","5712","4 4 4 3 4 5 3 5 4 4 3 5 4 5 4 4 4 3","7 11 5 17 13 1 15 3 9 8 16 6 12 2 4 18 10 14"
"Pensacola Country Club","FL","FL","Red","","","69.2","115","5186","4 4 4 3 4 5 3 5 4 4 3 5 4 5 4 4 4 3","7 11 5 17 13 1 15 3 9 8 16 6 12 2 4 18 10 14"
"Wentworth Golf Club","FL","Tarpon Springs, FL","White","66.9","120","","","5581","4 4 4 4 3 4 4 4 5 4 4 4 4 3 5 3 3 4","11 3 7 17 9 1 15 13 5 12 6 16 10 4 2 8 14 18"
"Wentworth Golf Club","FL","Tarpon Springs, FL","Gold","64.8","113","","","5104","4 4 4 4 3 4 4 4 5 4 4 4 4 3 5 3 3 4","11 3 7 17 9 1 15 13 5 12 6 16 10 4 2 8 14 18"
"Wentworth Golf Club","FL","Tarpon Springs, FL","Red","","","66.7","114","4876","4 4 4 4 3 4 4 4 5 4 4 4 4 3 5 3 3 4","11 3 7 17 9 1 15 13 5 12 6 16 10 4 2 8 14 18"
"Calusa Lakes Golf Club","FL","Nokomis, FL","Black","72.5","125","","","6715","5 4 4 4 4 4 4 4 4 4 4 4 4 4 4 4 4 3","5 15 9 1 7 13 17 3 11 10 4 18 12 16 2 6 14 8"
"Calusa Lakes Golf Club","FL","Nokomis, FL","Blue","70","119","","","6145","5 4 4 4 4 4 4 4 4 4 4 4 4 4 4 4 4 3","5 15 9 1 7 13 17 3 11 10 4 18 12 16 2 6 14 8"
"Calusa Lakes Golf Club","FL","Nokomis, FL","White","67.6","114","72.2","125","5625","5 4 4 4 4 4 4 4 4 4 4 4 4 4 4 4 4 3","5 15 9 1 7 13 17 3 11 10 4 18 12 16 2 6 14 8"
"Calusa Lakes Golf Club","FL","Nokomis, FL","Red","","","70.4","119","5197","5 4 4 4 4 4 4 4 4 4 4 4 4 4 4 4 4 3","5 15 9 1 7 13 17 3 11 10 4 18 12 16 2 6 14 8"
"Card Sound Golf Club","FL","Country Club Rd, FL","Black","72.6","140","","","6578","5 3 4 4 3 4 4 4 5 5 4 3 4 4 3 4 3 5","3 15 7 11 17 1 13 9 5 2 6 18 8 12 14 10 16 4"
"Card Sound Golf Club","FL","Country Club Rd, FL","Gold","70","137","","","6121","5 3 4 4 3 4 4 4 5 5 4 3 4 4 3 4 3 5","3 15 7 11 17 1 13 9 5 2 6 18 8 12 14 10 16 4"
"Card Sound Golf Club","FL","Country Club Rd, FL","Blue","68.5","132","","","5816","5 3 4 4 3 4 4 4 5 5 4 3 4 4 3 4 3 5","3 15 7 11 17 1 13 9 5 2 6 18 8 12 14 10 16 4"
"Card Sound Golf Club","FL","Country Club Rd, FL","White","67.2","124","","","5490","5 3 4 4 3 4 4 4 5 5 4 3 4 4 3 4 3 5","3 15 7 11 17 1 13 9 5 2 6 18 8 12 14 10 16 4"
"Card Sound Golf Club","FL","Country Club Rd, FL","Green","65.6","121","","","5085","5 3 4 4 3 4 4 4 5 5 4 3 4 4 3 4 3 5","3 15 7 11 17 1 13 9 5 2 6 18 8 12 14 10 16 4"
"Card Sound Golf Club","FL","Country Club Rd, FL","Red","","","69.3","127","4944","5 3 4 4 3 4 4 4 5 5 4 3 4 4 3 4 3 5","3 15 7 11 17 1 13 9 5 2 6 18 8 12 14 10 16 4"
"Stoneybrook Golf Club-Estero","FL","FL","Champions","75.6","143","","","7314","4 5 4 4 3 4 3 4 5 5 4 4 4 3 4 4 3 5","5 3 9 11 15 17 13 1 7 12 6 4 2 10 8 16 14 18"
"Stoneybrook Golf Club-Estero","FL","FL","Players","72.6","137","","","6652","4 5 4 4 3 4 3 4 5 5 4 4 4 3 4 4 3 5","5 3 9 11 15 17 13 1 7 12 6 4 2 10 8 16 14 18"
"Stoneybrook Golf Club-Estero","FL","FL","Tradition","69.6","130","","","6085","4 5 4 4 3 4 3 4 5 5 4 4 4 3 4 4 3 5","5 3 9 11 15 17 13 1 7 12 6 4 2 10 8 16 14 18"
"Stoneybrook Golf Club-Estero","FL","FL","Legends","67.2","116","71.9","125","5515","4 5 4 4 3 4 3 4 5 5 4 4 4 3 4 4 3 5","5 3 9 11 15 17 13 1 7 12 6 4 2 10 8 16 14 18"
"Stoneybrook Golf Club-Estero","FL","FL","Futures","59.8","111","60.8","93","3438","4 5 4 4 3 4 3 4 5 5 4 4 4 3 4 4 3 5","5 3 9 11 15 17 13 1 7 12 6 4 2 10 8 16 14 18"
"Stoneybrook Golf Club-Estero","FL","FL","Challenger","","","68.8","114","4928","4 5 4 4 3 4 3 4 5 5 4 4 4 3 4 4 3 5","5 3 9 11 15 17 13 1 7 12 6 4 2 10 8 16 14 18"
"Stoneybrook Golf Club-Estero","FL","FL","Competitor","","","67","107","4555","4 5 4 4 3 4 3 4 5 5 4 4 4 3 4 4 3 5","5 3 9 11 15 17 13 1 7 12 6 4 2 10 8 16 14 18"
"The Club at Renaissance","FL","FL","Gold","73.4","142","","","6661","4 4 5 3 4 4 3 5 4 5 4 3 4 3 4 5 4 4","11 5 3 17 15 9 7 13 1 8 10 14 12 18 4 2 6 16"
"The Club at Renaissance","FL","FL","Burgundy","72.2","138","","","6371","4 4 5 3 4 4 3 5 4 5 4 3 4 3 4 5 4 4","11 5 3 17 15 9 7 13 1 8 10 14 12 18 4 2 6 16"
"The Club at Renaissance","FL","FL","Blue","70.6","131","76.2","139","6023","4 4 5 3 4 4 3 5 4 5 4 3 4 3 4 5 4 4","11 5 3 17 15 9 7 13 1 8 10 14 12 18 4 2 6 16"
"The Club at Renaissance","FL","FL","White","68.6","127","73.7","135","5584","4 4 5 3 4 4 3 5 4 5 4 3 4 3 4 5 4 4","11 5 3 17 15 9 7 13 1 8 10 14 12 18 4 2 6 16"
"The Club at Renaissance","FL","FL","Green","66","123","71.5","131","5070","4 4 5 3 4 4 3 5 4 5 4 3 4 3 4 5 4 4","11 5 3 17 15 9 7 13 1 8 10 14 12 18 4 2 6 16"
"The Club at Renaissance","FL","FL","Red","63.7","118","69.1","124","4645","4 4 5 3 4 4 3 5 4 5 4 3 4 3 4 5 4 4","11 5 3 17 15 9 7 13 1 8 10 14 12 18 4 2 6 16"
"The Club at Renaissance","FL","FL","Orange","61.2","110","64.6","119","3982","4 4 5 3 4 4 3 5 4 5 4 3 4 3 4 5 4 4","11 5 3 17 15 9 7 13 1 8 10 14 12 18 4 2 6 16"
"Clermont National","FL","Clermont, FL","Black","72.1","121","","","6975","5 3 4 4 4 3 5 3 4 4 4 5 4 3 4 4 4 4","14 11 4 12 6 9 16 7 2 15 10 3 5 18 13 1 17 8"
"Clermont National","FL","Clermont, FL","Blue","69.7","119","","","6502","5 3 4 4 4 3 5 3 4 4 4 5 4 3 4 4 4 4","14 11 4 12 6 9 16 7 2 15 10 3 5 18 13 1 17 8"
"Clermont National","FL","Clermont, FL","White","68.2","115","","","6032","5 3 4 4 4 3 5 3 4 4 4 5 4 3 4 4 4 4","14 11 4 12 6 9 16 7 2 15 10 3 5 18 13 1 17 8"
"Clermont National","FL","Clermont, FL","Gold","65.1","109","69.2","117","5562","5 3 4 4 4 3 5 3 4 4 4 5 4 3 4 4 4 4","14 11 4 12 6 9 16 7 2 15 10 3 5 18 13 1 17 8"
"Clermont National","FL","Clermont, FL","Green","","","66.1","111","4955","5 3 4 4 4 3 5 3 4 4 4 5 4 3 4 4 4 4","14 11 4 12 6 9 16 7 2 15 10 3 5 18 13 1 17 8"
"Calusa Pines Golf Club","FL","Naples, FL","Gold","75.3","148","","","7203","4 5 3 4 4 5 3 4 4 4 3 4 5 4 4 3 4 5","9 7 15 5 1 11 13 17 3 8 18 2 6 12 4 16 10 14"
"Calusa Pines Golf Club","FL","Naples, FL","Black","73.2","143","","","6645","4 5 3 4 4 5 3 4 4 4 3 4 5 4 4 3 4 5","9 7 15 5 1 11 13 17 3 8 18 2 6 12 4 16 10 14"
"Calusa Pines Golf Club","FL","Naples, FL","CP","72.3","143","","","6457","4 5 3 4 4 5 3 4 4 4 3 4 5 4 4 3 4 5","9 7 15 5 1 11 13 17 3 8 18 2 6 12 4 16 10 14"
"Calusa Pines Golf Club","FL","Naples, FL","Blue","70.9","138","76.6","144","6126","4 5 3 4 4 5 3 4 4 4 3 4 5 4 4 3 4 5","9 7 15 5 1 11 13 17 3 8 18 2 6 12 4 16 10 14"
"Calusa Pines Golf Club","FL","Naples, FL","White","67.3","128","72.5","135","5348","4 5 3 4 4 5 3 4 4 4 3 4 5 4 4 3 4 5","9 7 15 5 1 11 13 17 3 8 18 2 6 12 4 16 10 14"
"Ocean Breeze Golf & Country Club","FL","FL","Black","71.5","125","","","6408","5 5 5 4 4 4 4 4 4 4 4 4 4 4 3 3 3 3","7 1 15 3 13 9 17 11 5 16 10 14 4 6 18 8 12 2"
"Ocean Breeze Golf & Country Club","FL","FL","Blue","69.6","121","","","6281","5 5 5 4 4 4 4 4 4 4 4 4 4 4 3 3 3 3","7 1 15 3 13 9 17 11 5 16 10 14 4 6 18 8 12 2"
"Ocean Breeze Golf & Country Club","FL","FL","White","67.5","116","","","5853","5 5 5 4 4 4 4 4 4 4 4 4 4 4 3 3 3 3","7 1 15 3 13 9 17 11 5 16 10 14 4 6 18 8 12 2"
"Ocean Breeze Golf & Country Club","FL","FL","Gold","64.7","109","","","5402","5 5 5 4 4 4 4 4 4 4 4 4 4 4 3 3 3 3","7 1 15 3 13 9 17 11 5 16 10 14 4 6 18 8 12 2"
"Ocean Breeze Golf & Country Club","FL","FL","Red","","","66.9","113","4827","5 5 5 4 4 4 4 4 4 4 4 4 4 4 3 3 3 3","7 1 15 3 13 9 17 11 5 16 10 14 4 6 18 8 12 2"
"Suntree Country Club","FL","Melbourne, FL","Black","74.5","136","","","6945","4 3 4 4 5 4 5 3 4 4 4 3 4 5 4 4 3 5","9 15 3 11 7 17 1 13 5 6 12 16 14 10 4 2 18 8"
"Suntree Country Club","FL","Melbourne, FL","Gold","71.7","127","","","6367","4 3 4 4 5 4 5 3 4 4 4 3 4 5 4 4 3 5","9 15 3 11 7 17 1 13 5 6 12 16 14 10 4 2 18 8"
"Suntree Country Club","FL","Melbourne, FL","Green","69.3","123","","","5895","4 3 4 4 5 4 5 3 4 4 4 3 4 5 4 4 3 5","9 15 3 11 7 17 1 13 5 6 12 16 14 10 4 2 18 8"
"Suntree Country Club","FL","Melbourne, FL","Green/White","68","117","","","5530","4 3 4 4 5 4 5 3 4 4 4 3 4 5 4 4 3 5","9 15 3 11 7 17 1 13 5 6 12 16 14 10 4 2 18 8"
"Suntree Country Club","FL","Melbourne, FL","White","66.6","111","71.7","124","5268","4 3 4 4 5 4 5 3 4 4 4 3 4 5 4 4 3 5","9 15 3 11 7 17 1 13 5 6 12 16 14 10 4 2 18 8"
"Suntree Country Club","FL","Melbourne, FL","Blue","63","107","66.9","112","4473","4 3 4 4 5 4 5 3 4 4 4 3 4 5 4 4 3 5","9 15 3 11 7 17 1 13 5 6 12 16 14 10 4 2 18 8"
"Celebration Golf Club","FL","Celebration, FL","Black","74.5","140","","","7023","4 4 3 5 3 5 4 4 4 4 4 5 3 4 4 3 4 5","11 13 15 9 17 7 1 3 5 18 2 14 16 10 12 6 8 4"
"Celebration Golf Club","FL","Celebration, FL","Black/Gold","73.6","138","","","6817","4 4 3 5 3 5 4 4 4 4 4 5 3 4 4 3 4 5","11 13 15 9 17 7 1 3 5 18 2 14 16 10 12 6 8 4"
"Celebration Golf Club","FL","Celebration, FL","Gold","72.1","135","","","6562","4 4 3 5 3 5 4 4 4 4 4 5 3 4 4 3 4 5","11 13 15 9 17 7 1 3 5 18 2 14 16 10 12 6 8 4"
"Celebration Golf Club","FL","Celebration, FL","Gold/Silver","70.8","133","","","6259","4 4 3 5 3 5 4 4 4 4 4 5 3 4 4 3 4 5","11 13 15 9 17 7 1 3 5 18 2 14 16 10 12 6 8 4"
"Celebration Golf Club","FL","Celebration, FL","Silver","69.1","130","75.5","135","5958","4 4 3 5 3 5 4 4 4 4 4 5 3 4 4 3 4 5","11 13 15 9 17 7 1 3 5 18 2 14 16 10 12 6 8 4"
"Celebration Golf Club","FL","Celebration, FL","White","65.7","115","70.6","128","5181","4 4 3 5 3 5 4 4 4 4 4 5 3 4 4 3 4 5","11 13 15 9 17 7 1 3 5 18 2 14 16 10 12 6 8 4"
"Baytree National","FL","FL","Black","74","135","","","7043","4 3 4 3 5 4 4 5 4 4 4 3 5 4 4 5 3 4","3 17 15 7 9 11 1 13 5 4 14 18 8 12 6 10 16 2"
"Baytree National","FL","FL","Gold","71","129","","","6557","4 3 4 3 5 4 4 5 4 4 4 3 5 4 4 5 3 4","3 17 15 7 9 11 1 13 5 4 14 18 8 12 6 10 16 2"
"Baytree National","FL","FL","Blue","69.7","123","","","6081","4 3 4 3 5 4 4 5 4 4 4 3 5 4 4 5 3 4","3 17 15 7 9 11 1 13 5 4 14 18 8 12 6 10 16 2"
"Baytree National","FL","FL","White","66","114","69","128","5403","4 3 4 3 5 4 4 5 4 4 4 3 5 4 4 5 3 4","3 17 15 7 9 11 1 13 5 4 14 18 8 12 6 10 16 2"
"Baytree National","FL","FL","Red","","","68.6","118","4803","4 3 4 3 5 4 4 5 4 4 4 3 5 4 4 5 3 4","3 17 15 7 9 11 1 13 5 4 14 18 8 12 6 10 16 2"
"Trump National Doral","FL","Miami, FL","Black","74.2","139","","","7012","4 5 4 5 4 4 3 4 3 4 5 3 4 4 3 5 3 4","11 7 9 1 3 13 15 5 17 10 2 18 12 4 16 6 14 8"
"Trump National Doral","FL","Miami, FL","Gold","72","134","","","6324","4 5 4 5 4 4 3 4 3 4 5 3 4 4 3 5 3 4","11 7 9 1 3 13 15 5 17 10 2 18 12 4 16 6 14 8"
"Trump National Doral","FL","Miami, FL","Blue","69.9","133","","","6002","4 5 4 5 4 4 3 4 3 4 5 3 4 4 3 5 3 4","11 7 9 1 3 13 15 5 17 10 2 18 12 4 16 6 14 8"
"Trump National Doral","FL","Miami, FL","White","68.6","128","74.8","142","5653","4 5 4 5 4 4 3 4 3 4 5 3 4 4 3 5 3 4","11 7 9 1 3 13 15 5 17 10 2 18 12 4 16 6 14 8"
"Trump National Doral","FL","Miami, FL","Red","","","70.2","132","4858","4 5 4 5 4 4 3 4 3 4 5 3 4 4 3 5 3 4","11 7 9 1 3 13 15 5 17 10 2 18 12 4 16 6 14 8"
"Costa Del Sol Golf Club","FL","Doral, FL","Blue","70.1","124","","","6011","5 3 5 4 3 5 3 4 4 4 5 4 5 4 3 4 3 4","9 15 5 1 13 11 17 3 7 18 10 2 6 4 16 12 14 8"
"Costa Del Sol Golf Club","FL","Doral, FL","White","68.5","119","","","5551","5 3 5 4 3 5 3 4 4 4 5 4 5 4 3 4 3 4","9 15 5 1 13 11 17 3 7 18 10 2 6 4 16 12 14 8"
"Costa Del Sol Golf Club","FL","Doral, FL","Gold","66.1","114","","","5029","5 3 5 4 3 5 3 4 4 4 5 4 5 4 3 4 3 4","9 15 5 1 13 11 17 3 7 18 10 2 6 4 16 12 14 8"
"Costa Del Sol Golf Club","FL","Doral, FL","Red","","","69.3","118","4856","5 3 5 4 3 5 3 4 4 4 5 4 5 4 3 4 3 4","9 15 5 1 13 11 17 3 7 18 10 2 6 4 16 12 14 8"
"Mariner Sands Golf & Country Club","FL","Port Salerno, FL","Blue","73","127","","","6777","5 5 4 4 4 4 4 4 4 4 4 4 4 4 4 4 3 3","9 3 11 1 7 17 5 15 13 6 14 18 2 10 16 12 4 8"
"MetroWest Golf Club","FL","FL","Gold","74.4","138","","","7051","4 4 3 5 4 4 5 3 4 5 4 4 4 5 3 4 3 4","13 9 15 1 11 5 3 17 7 4 12 10 14 2 18 16 8 6"
"MetroWest Golf Club","FL","FL","Blue","71.6","135","","","6619","4 4 3 5 4 4 5 3 4 5 4 4 4 5 3 4 3 4","13 9 15 1 11 5 3 17 7 4 12 10 14 2 18 16 8 6"
"MetroWest Golf Club","FL","FL","White","69.5","130","74.1","126","6104","4 4 3 5 4 4 5 3 4 5 4 4 4 5 3 4 3 4","13 9 15 1 11 5 3 17 7 4 12 10 14 2 18 16 8 6"
"MetroWest Golf Club","FL","FL","Red","66.5","124","69.8","121","5325","4 4 3 5 4 4 5 3 4 5 4 4 4 5 3 4 3 4","13 9 15 1 11 5 3 17 7 4 12 10 14 2 18 16 8 6"
"The Plantation at Ponte Vedra Beach","FL","FL","Black","75.2","149","","","7141","5 4 3 4 5 4 3 4 4 4 4 3 4 5 4 3 4 5","13 11 15 1 7 5 17 3 9 14 12 16 8 2 6 18 4 10"
"The Plantation at Ponte Vedra Beach","FL","FL","Blue/Green","71.9","134","","","6689","5 4 3 4 5 4 3 4 4 4 4 3 4 5 4 3 4 5","13 11 15 1 7 5 17 3 9 14 12 16 8 2 6 18 4 10"
"The Plantation at Ponte Vedra Beach","FL","FL","Blue","72.7","135","","","6598","5 4 3 4 5 4 3 4 4 4 4 3 4 5 4 3 4 5","13 11 15 1 7 5 17 3 9 14 12 16 8 2 6 18 4 10"
"The Plantation at Ponte Vedra Beach","FL","FL","Green","70.8","130","","","6158","5 4 3 4 5 4 3 4 4 4 4 3 4 5 4 3 4 5","13 11 15 1 7 5 17 3 9 14 12 16 8 2 6 18 4 10"
"The Plantation at Ponte Vedra Beach","FL","FL","Green/Gold","69.8","127","","","5878","5 4 3 4 5 4 3 4 4 4 4 3 4 5 4 3 4 5","13 11 15 1 7 5 17 3 9 14 12 16 8 2 6 18 4 10"
"The Plantation at Ponte Vedra Beach","FL","FL","Gold","68.9","120","73.8","134","5666","5 4 3 4 5 4 3 4 4 4 4 3 4 5 4 3 4 5","13 11 15 1 7 5 17 3 9 14 12 16 8 2 6 18 4 10"
"The Plantation at Ponte Vedra Beach","FL","FL","Silver","65.5","114","71","121","5019","5 4 3 4 5 4 3 4 4 4 4 3 4 5 4 3 4 5","13 11 15 1 7 5 17 3 9 14 12 16 8 2 6 18 4 10"
"The Plantation at Ponte Vedra Beach","FL","FL","Forward","64","110","68.2","114","4566","5 4 3 4 5 4 3 4 4 4 4 3 4 5 4 3 4 5","13 11 15 1 7 5 17 3 9 14 12 16 8 2 6 18 4 10"
"The Plantation at Ponte Vedra Beach","FL","FL","Family","","","63.6","109","3922","5 4 3 4 5 4 3 4 4 4 4 3 4 5 4 3 4 5","13 11 15 1 7 5 17 3 9 14 12 16 8 2 6 18 4 10"
"Perdido Bay Golf Course","FL","Pensacola, FL","Gold","74","133","","","7072","4 5 4 3 4 4 5 3 4 4 5 4 3 4 5 4 3 4","12 16 4 14 8 6 2 18 10 1 7 3 17 9 13 11 15 5"
"Perdido Bay Golf Course","FL","Pensacola, FL","Blue","71.8","127","","","6554","4 5 4 3 4 4 5 3 4 4 5 4 3 4 5 4 3 4","12 16 4 14 8 6 2 18 10 1 7 3 17 9 13 11 15 5"
"Perdido Bay Golf Course","FL","Pensacola, FL","White","69.8","120","74.9","133","6056","4 5 4 3 4 4 5 3 4 4 5 4 3 4 5 4 3 4","12 16 4 14 8 6 2 18 10 1 7 3 17 9 13 11 15 5"
"Perdido Bay Golf Course","FL","Pensacola, FL","Black","67.7","115","72.4","127","5622","4 5 4 3 4 4 5 3 4 4 5 4 3 4 5 4 3 4","12 16 4 14 8 6 2 18 10 1 7 3 17 9 13 11 15 5"
"Perdido Bay Golf Course","FL","Pensacola, FL","Red","","","70.5","120","5156","4 5 4 3 4 4 5 3 4 4 5 4 3 4 5 4 3 4","12 16 4 14 8 6 2 18 10 1 7 3 17 9 13 11 15 5"
"Lost Key Golf Club","FL","FL","Black","73.9","145","","","6801","5 3 4 4 4 5 3 4 4 4 3 5 3 4 4 3 4 5","13 11 5 17 3 15 9 1 7 4 12 16 18 6 8 14 2 10"
"Lost Key Golf Club","FL","FL","Blue","72.3","141","","","6447","5 3 4 4 4 5 3 4 4 4 3 5 3 4 4 3 4 5","13 11 5 17 3 15 9 1 7 4 12 16 18 6 8 14 2 10"
"Lost Key Golf Club","FL","FL","White","70.2","129","","","6002","5 3 4 4 4 5 3 4 4 4 3 5 3 4 4 3 4 5","13 11 5 17 3 15 9 1 7 4 12 16 18 6 8 14 2 10"
"Lost Key Golf Club","FL","FL","Gold","66.8","113","","","5179","5 3 4 4 4 5 3 4 4 4 3 5 3 4 4 3 4 5","13 11 5 17 3 15 9 1 7 4 12 16 18 6 8 14 2 10"
"Lost Key Golf Club","FL","FL","Orange","62.5","102","","","4137","5 3 4 4 4 5 3 4 4 4 3 5 3 4 4 3 4 5","13 11 5 17 3 15 9 1 7 4 12 16 18 6 8 14 2 10"
"Lost Key Golf Club","FL","FL","Red","","","69.6","122","4807","5 3 4 4 4 5 3 4 4 4 3 5 3 4 4 3 4 5","13 11 5 17 3 15 9 1 7 4 12 16 18 6 8 14 2 10"
"Deercreek Country Club","FL","Jacksonville, FL","Gold","73.1","141","","","6702","4 4 3 4 5 3 4 4 4 5 3 4 4 4 3 4 4 5","9 7 15 3 1 17 13 11 5 4 18 14 10 8 16 2 12 6"
"Deercreek Country Club","FL","Jacksonville, FL","Blue","71.3","132","","","6361","4 4 3 4 5 3 4 4 4 5 3 4 4 4 3 4 4 5","9 7 15 3 1 17 13 11 5 4 18 14 10 8 16 2 12 6"
"Deercreek Country Club","FL","Jacksonville, FL","Green","69.3","125","","","6000","4 4 3 4 5 3 4 4 4 5 3 4 4 4 3 4 4 5","9 7 15 3 1 17 13 11 5 4 18 14 10 8 16 2 12 6"
"Deercreek Country Club","FL","Jacksonville, FL","White","","","68","122","5538","4 4 3 4 5 3 4 4 4 5 3 4 4 4 3 4 4 5","9 7 15 3 1 17 13 11 5 4 18 14 10 8 16 2 12 6"
"Hidden Creek Golf Club","FL","Navarre, FL","Black/Champ","72.8","134","","","6805","4 5 4 3 4 4 3 5 4 4 4 5 3 4 5 4 3 4","15 7 9 17 3 11 5 1 13 6 14 8 16 4 2 10 18 12"
"Hidden Creek Golf Club","FL","Navarre, FL","Gold","70.7","126","","","6295","4 5 4 3 4 4 3 5 4 4 4 5 3 4 5 4 3 4","15 7 9 17 3 11 5 1 13 6 14 8 16 4 2 10 18 12"
"Hidden Creek Golf Club","FL","Navarre, FL","White","68.3","113","73.4","127","5722","4 5 4 3 4 4 3 5 4 4 4 5 3 4 5 4 3 4","15 7 9 17 3 11 5 1 13 6 14 8 16 4 2 10 18 12"
"Hidden Creek Golf Club","FL","Navarre, FL","Coral","","","68.7","110","4831","4 5 4 3 4 4 3 5 4 4 4 5 3 4 5 4 3 4","15 7 9 17 3 11 5 1 13 6 14 8 16 4 2 10 18 12"
"Gator Lakes Golf Course","FL","FL","Blue","73.1","133","","","6839","4 3 5 4 5 4 3 4 4 5 4 4 4 3 4 5 3 4","7 13 1 11 9 3 17 15 5 10 2 4 16 14 12 8 18 6"
"Gator Lakes Golf Course","FL","FL","White","69.8","126","","","6163","4 3 5 4 5 4 3 4 4 5 4 4 4 3 4 5 3 4","7 13 1 11 9 3 17 15 5 10 2 4 16 14 12 8 18 6"
"Gator Lakes Golf Course","FL","FL","Gold","65","108","","","5087","4 3 5 4 5 4 3 4 4 5 4 4 4 3 4 5 3 4","7 13 1 11 9 3 17 15 5 10 2 4 16 14 12 8 18 6"
"Gator Lakes Golf Course","FL","FL","Red","","","67.8","115","4652","4 3 5 4 5 4 3 4 4 5 4 4 4 3 4 5 3 4","7 13 1 11 9 3 17 15 5 10 2 4 16 14 12 8 18 6"
"Baytowne Golf Club","FL","Miramar Beach, FL","Gold","73.2","138","","","6804","4 4 3 4 5 4 3 4 5 4 3 5 4 3 5 4 3 4","13 7 17 1 5 11 15 9 3 12 18 6 2 14 8 10 16 4"
"Baytowne Golf Club","FL","Miramar Beach, FL","Blue","69.9","130","","","6125","4 4 3 4 5 4 3 4 5 4 3 5 4 3 5 4 3 4","13 7 17 1 5 11 15 9 3 12 18 6 2 14 8 10 16 4"
"Baytowne Golf Club","FL","Miramar Beach, FL","White","65.4","114","","","5517","4 4 3 4 5 4 3 4 5 4 3 5 4 3 5 4 3 4","13 7 17 1 5 11 15 9 3 12 18 6 2 14 8 10 16 4"
"Baytowne Golf Club","FL","Miramar Beach, FL","Red","67.7","120","","","4770","4 4 3 4 5 4 3 4 5 4 3 5 4 3 5 4 3 4","13 7 17 1 5 11 15 9 3 12 18 6 2 14 8 10 16 4"
"Baytowne Golf Club","FL","Miramar Beach, FL","Black","57.8","92","","","3002","4 4 3 4 5 4 3 4 5 4 3 5 4 3 5 4 3 4","13 7 17 1 5 11 15 9 3 12 18 6 2 14 8 10 16 4"
"Grasslands Golf & Country Club","FL","Lakeland, FL","Black","75.4","139","","","7161","4 5 3 4 4 3 4 5 4 3 4 5 4 3 4 4 4 5","14 10 18 4 2 12 6 16 8 17 9 15 7 11 3 13 1 5"
"Grasslands Golf & Country Club","FL","Lakeland, FL","Gold","74.5","137","","","7019","4 5 3 4 4 3 4 5 4 3 4 5 4 3 4 4 4 5","14 10 18 4 2 12 6 16 8 17 9 15 7 11 3 13 1 5"
"Grasslands Golf & Country Club","FL","Lakeland, FL","Blue","72.1","130","","","6547","4 5 3 4 4 3 4 5 4 3 4 5 4 3 4 4 4 5","14 10 18 4 2 12 6 16 8 17 9 15 7 11 3 13 1 5"
"Grasslands Golf & Country Club","FL","Lakeland, FL","White","69.8","123","","","6085","4 5 3 4 4 3 4 5 4 3 4 5 4 3 4 4 4 5","14 10 18 4 2 12 6 16 8 17 9 15 7 11 3 13 1 5"
"Grasslands Golf & Country Club","FL","Lakeland, FL","Red","","","71.9","125","5449","4 5 3 4 4 3 4 5 4 3 4 5 4 3 4 4 4 5","14 10 18 4 2 12 6 16 8 17 9 15 7 11 3 13 1 5"
"Grasslands Golf & Country Club","FL","Lakeland, FL","Forward","","","70.7","123","5236","4 5 3 4 4 3 4 5 4 3 4 5 4 3 4 4 4 5","14 10 18 4 2 12 6 16 8 17 9 15 7 11 3 13 1 5"
"Cleveland Heights Golf Course","FL","FL","Championship/Blue","70.9","126","","","6426","5 5 4 4 4 4 4 4 4 4 4 4 4 4 4 4 3 3","14 4 10 16 6 8 2 18 12 15 13 5 17 9 7 1 3 11"
"Cleveland Heights Golf Course","FL","FL","Regular/White","68.6","121","","","5996","5 5 4 4 4 4 4 4 4 4 4 4 4 4 4 4 3 3","14 4 10 16 6 8 2 18 12 15 13 5 17 9 7 1 3 11"
"Cleveland Heights Golf Course","FL","FL","Ladies/Red","71.7","120","","","5445","5 5 4 4 4 4 4 4 4 4 4 4 4 4 4 4 3 3","14 4 10 16 6 8 2 18 12 15 13 5 17 9 7 1 3 11"
"Old Palm Golf Club","FL","Palm Beach Gardens, FL","Black","76.2","151","","","7401","4 3 4 5 4 3 4 4 5 4 3 5 4 4 3 4 5 4","11 9 17 1 7 15 3 13 5 6 14 10 12 2 16 8 18 4"
"Old Palm Golf Club","FL","Palm Beach Gardens, FL","Gold","74","145","","","6837","4 3 4 5 4 3 4 4 5 4 3 5 4 4 3 4 5 4","11 9 17 1 7 15 3 13 5 6 14 10 12 2 16 8 18 4"
"Old Palm Golf Club","FL","Palm Beach Gardens, FL","Green","71.5","138","","","6503","4 3 4 5 4 3 4 4 5 4 3 5 4 4 3 4 5 4","11 9 17 1 7 15 3 13 5 6 14 10 12 2 16 8 18 4"
"Old Palm Golf Club","FL","Palm Beach Gardens, FL","Blue","69.4","130","75.2","141","6107","4 3 4 5 4 3 4 4 5 4 3 5 4 4 3 4 5 4","11 9 17 1 7 15 3 13 5 6 14 10 12 2 16 8 18 4"
"Old Palm Golf Club","FL","Palm Beach Gardens, FL","Blue/Silver","68.2","128","73.9","138","5867","4 3 4 5 4 3 4 4 5 4 3 5 4 4 3 4 5 4","11 9 17 1 7 15 3 13 5 6 14 10 12 2 16 8 18 4"
"Old Palm Golf Club","FL","Palm Beach Gardens, FL","Silver","67.1","124","72.6","134","5606","4 3 4 5 4 3 4 4 5 4 3 5 4 4 3 4 5 4","11 9 17 1 7 15 3 13 5 6 14 10 12 2 16 8 18 4"
"Old Palm Golf Club","FL","Palm Beach Gardens, FL","Silver/White","","","70.6","123","5218","4 3 4 5 4 3 4 4 5 4 3 5 4 4 3 4 5 4","11 9 17 1 7 15 3 13 5 6 14 10 12 2 16 8 18 4"
"Old Palm Golf Club","FL","Palm Beach Gardens, FL","White","","","69.1","120","4976","4 3 4 5 4 3 4 4 5 4 3 5 4 4 3 4 5 4","11 9 17 1 7 15 3 13 5 6 14 10 12 2 16 8 18 4"
"Dunedin Golf Club","FL","Dunedin, FL","Blue","71.3","131","","","6625","4 4 3 4 4 3 5 4 4 5 3 4 4 4 5 3 5 4","7 1 15 3 13 17 5 11 9 10 18 14 8 6 4 16 12 2"
"Dunedin Golf Club","FL","Dunedin, FL","White","69.7","125","","","6245","4 4 3 4 4 3 5 4 4 5 3 4 4 4 5 3 5 4","7 1 15 3 13 17 5 11 9 10 18 14 8 6 4 16 12 2"
"Dunedin Golf Club","FL","Dunedin, FL","Combo","66.8","114","","","5708","4 4 3 4 4 3 5 4 4 5 3 4 4 4 5 3 5 4","7 1 15 3 13 17 5 11 9 10 18 14 8 6 4 16 12 2"
"Dunedin Golf Club","FL","Dunedin, FL","Silver","64.8","110","69.7","115","5267","4 4 3 4 4 3 5 4 4 5 3 4 4 4 5 3 5 4","7 1 15 3 13 17 5 11 9 10 18 14 8 6 4 16 12 2"
"Dunedin Golf Club","FL","Dunedin, FL","Red","","","70.1","116","5370","4 4 3 4 4 3 5 4 4 5 3 4 4 4 5 3 5 4","7 1 15 3 13 17 5 11 9 10 18 14 8 6 4 16 12 2"
"Dunedin Golf Club","FL","Dunedin, FL","Gold","","","67.9","111","4710","4 4 3 4 4 3 5 4 4 5 3 4 4 4 5 3 5 4","7 1 15 3 13 17 5 11 9 10 18 14 8 6 4 16 12 2"
"Dubsdread Golf Course","FL","Orlando, FL","Black","69.7","123","","","6153","4 4 3 4 3 4 4 5 4 4 4 3 4 4 3 4 4 5","9 3 11 1 17 7 5 13 15 16 8 18 14 6 12 2 4 10"
"Dubsdread Golf Course","FL","Orlando, FL","Blue","67.8","115","","","5775","4 4 3 4 3 4 4 5 4 4 4 3 4 4 3 4 4 5","9 3 11 1 17 7 5 13 15 16 8 18 14 6 12 2 4 10"
"Dubsdread Golf Course","FL","Orlando, FL","Green","65.5","111","","","5280","4 4 3 4 3 4 4 5 4 4 4 3 4 4 3 4 4 5","9 3 11 1 17 7 5 13 15 16 8 18 14 6 12 2 4 10"
"Dubsdread Golf Course","FL","Orlando, FL","Red","","","63.6","109","4184","4 4 3 4 3 4 4 5 4 4 4 3 4 4 3 4 4 5","9 3 11 1 17 7 5 13 15 16 8 18 14 6 12 2 4 10"
"Madison Green Golf Club","FL","West Palm Beach, FL","Gold","75.1","155","","","7115","4 5 4 3 4 3 4 5 4 4 5 4 3 5 4 3 4 4","14 4 12 18 2 16 8 10 6 1 7 17 11 3 15 13 9 5"
"Madison Green Golf Club","FL","West Palm Beach, FL","Black","73.9","152","","","6994","4 5 4 3 4 3 4 5 4 4 5 4 3 5 4 3 4 4","14 4 12 18 2 16 8 10 6 1 7 17 11 3 15 13 9 5"
"Madison Green Golf Club","FL","West Palm Beach, FL","Blue","71.8","147","","","6601","4 5 4 3 4 3 4 5 4 4 5 4 3 5 4 3 4 4","14 4 12 18 2 16 8 10 6 1 7 17 11 3 15 13 9 5"
"Madison Green Golf Club","FL","West Palm Beach, FL","Silver","70.5","145","","","6307","4 5 4 3 4 3 4 5 4 4 5 4 3 5 4 3 4 4","14 4 12 18 2 16 8 10 6 1 7 17 11 3 15 13 9 5"
"Madison Green Golf Club","FL","West Palm Beach, FL","White","69.3","129","74.6","141","6009","4 5 4 3 4 3 4 5 4 4 5 4 3 5 4 3 4 4","14 4 12 18 2 16 8 10 6 1 7 17 11 3 15 13 9 5"
"Madison Green Golf Club","FL","West Palm Beach, FL","Yellow","66.8","124","71.4","134","5338","4 5 4 3 4 3 4 5 4 4 5 4 3 5 4 3 4 4","14 4 12 18 2 16 8 10 6 1 7 17 11 3 15 13 9 5"
"Madison Green Golf Club","FL","West Palm Beach, FL","Red","","","68.5","117","4801","4 5 4 3 4 3 4 5 4 4 5 4 3 5 4 3 4 4","14 4 12 18 2 16 8 10 6 1 7 17 11 3 15 13 9 5"
"Palmer Legends Country Club (The Villages)","FL","The Villages, FL","Black","74.3","133","","","7063","4 5 4 5 4 3 4 3 4 4 4 4 5 4 3 4 3 5","4 8 16 6 14 12 2 18 10 5 15 3 1 11 13 7 17 9"
"Miona Lake Golf Club","FL","FL","Blue","70.9","124","","","6411","4 5 4 4 3 4 4 3 5 4 3 4 4 3 4 4 5 4","3 1 5 11 17 9 7 15 13 8 18 14 6 16 12 4 2 10"
"Hacienda Hills Golf & Country Club","FL","The Villages, FL","Gold","68.9","117","","","6356","5 3 4 5 4 4 3 4 4 5 4 3 5 4 4 4 3 4","7 11 9 15 17 1 13 5 3 14 16 12 2 6 8 4 18 10"
"Hacienda Hills Golf & Country Club","FL","The Villages, FL","Blue","66.9","113","72.4","121","5930","5 3 4 5 4 4 3 4 4 5 4 3 5 4 4 4 3 4","7 11 9 15 17 1 13 5 3 14 16 12 2 6 8 4 18 10"
"Hacienda Hills Golf & Country Club","FL","The Villages, FL","White","63.9","106","69.1","114","5306","5 3 4 5 4 4 3 4 4 5 4 3 5 4 4 4 3 4","7 11 9 15 17 1 13 5 3 14 16 12 2 6 8 4 18 10"
"Hacienda Hills Golf & Country Club","FL","The Villages, FL","Green","61.2","98","65.2","105","4597","5 3 4 5 4 4 3 4 4 5 4 3 5 4 4 4 3 4","7 11 9 15 17 1 13 5 3 14 16 12 2 6 8 4 18 10"
"Hacienda Hills Golf & Country Club","FL","The Villages, FL","Friendly","59.2","93","61.4","99","3800","5 3 4 5 4 4 3 4 4 5 4 3 5 4 4 4 3 4","7 11 9 15 17 1 13 5 3 14 16 12 2 6 8 4 18 10"
"The Golf Club at Fleming Island","FL","Fleming Island, FL","Black","71.8","127","","","6688","4 4 5 4 5 3 4 3 4 3 4 4 4 4 3 5 3 5","1 13 3 5 15 9 7 17 11 18 12 14 2 6 10 4 16 8"
"The Golf Club at Fleming Island","FL","Fleming Island, FL","Blue","70.4","125","","","6410","4 4 5 4 5 3 4 3 4 3 4 4 4 4 3 5 3 5","1 13 3 5 15 9 7 17 11 18 12 14 2 6 10 4 16 8"
"The Golf Club at Fleming Island","FL","Fleming Island, FL","Blue/White","69.4","122","","","6174","4 4 5 4 5 3 4 3 4 3 4 4 4 4 3 5 3 5","1 13 3 5 15 9 7 17 11 18 12 14 2 6 10 4 16 8"
"The Golf Club at Fleming Island","FL","Fleming Island, FL","White","67.7","119","","","5888","4 4 5 4 5 3 4 3 4 3 4 4 4 4 3 5 3 5","1 13 3 5 15 9 7 17 11 18 12 14 2 6 10 4 16 8"
"The Golf Club at Fleming Island","FL","Fleming Island, FL","Green","65.8","109","","","5412","4 4 5 4 5 3 4 3 4 3 4 4 4 4 3 5 3 5","1 13 3 5 15 9 7 17 11 18 12 14 2 6 10 4 16 8"
"The Golf Club at Fleming Island","FL","Fleming Island, FL","Red","","","68.3","118","5074","4 4 5 4 5 3 4 3 4 3 4 4 4 4 3 5 3 5","1 13 3 5 15 9 7 17 11 18 12 14 2 6 10 4 16 8"
"The Golf Club at Fleming Island","FL","Fleming Island, FL","Yellow","","","66.4","114","4614","4 4 5 4 5 3 4 3 4 3 4 4 4 4 3 5 3 5","1 13 3 5 15 9 7 17 11 18 12 14 2 6 10 4 16 8"
"Bent Creek Golf Course","FL","Jacksonville, FL","Gold","71.6","136","","","6420","5 3 4 4 4 5 3 4 4 4 4 4 4 3 5 3 4 4","13 15 5 7 14 11 17 8 2 10 1 12 4 9 3 18 6 16"
"Bent Creek Golf Course","FL","Jacksonville, FL","Black","69.7","128","","","5999","5 3 4 4 4 5 3 4 4 4 4 4 4 3 5 3 4 4","13 15 5 7 14 11 17 8 2 10 1 12 4 9 3 18 6 16"
"Bent Creek Golf Course","FL","Jacksonville, FL","Silver","66.3","123","","","5307","5 3 4 4 4 5 3 4 4 4 4 4 4 3 5 3 4 4","13 15 5 7 14 11 17 8 2 10 1 12 4 9 3 18 6 16"
"Bent Creek Golf Course","FL","Jacksonville, FL","Red","","","68.5","115","4865","5 3 4 4 4 5 3 4 4 4 4 4 4 3 5 3 4 4","13 15 5 7 14 11 17 8 2 10 1 12 4 9 3 18 6 16"
"Ocala National Golf Club","FL","Ocala, FL","Black","75","134","","","7364","4 5 4 5 3 4 4 3 4 4 3 5 4 3 5 4 4 4","13 5 11 9 17 1 7 15 3 6 18 14 10 16 12 4 8 2"
"Ocala National Golf Club","FL","Ocala, FL","Blue","72.8","129","","","6870","4 5 4 5 3 4 4 3 4 4 3 5 4 3 5 4 4 4","13 5 11 9 17 1 7 15 3 6 18 14 10 16 12 4 8 2"
"Ocala National Golf Club","FL","Ocala, FL","Gold","71","127","","","6445","4 5 4 5 3 4 4 3 4 4 3 5 4 3 5 4 4 4","13 5 11 9 17 1 7 15 3 6 18 14 10 16 12 4 8 2"
"Ocala National Golf Club","FL","Ocala, FL","Gold/Green","69.7","124","","","6024","4 5 4 5 3 4 4 3 4 4 3 5 4 3 5 4 4 4","13 5 11 9 17 1 7 15 3 6 18 14 10 16 12 4 8 2"
"Ocala National Golf Club","FL","Ocala, FL","Green","67.3","120","72.1","125","5481","4 5 4 5 3 4 4 3 4 4 3 5 4 3 5 4 4 4","13 5 11 9 17 1 7 15 3 6 18 14 10 16 12 4 8 2"
"Ocala National Golf Club","FL","Ocala, FL","Green/Red","65.8","118","70.2","121","5108","4 5 4 5 3 4 4 3 4 4 3 5 4 3 5 4 4 4","13 5 11 9 17 1 7 15 3 6 18 14 10 16 12 4 8 2"
"Ocala National Golf Club","FL","Ocala, FL","Red","63.8","113","67.7","116","4754","4 5 4 5 3 4 4 3 4 4 3 5 4 3 5 4 4 4","13 5 11 9 17 1 7 15 3 6 18 14 10 16 12 4 8 2"
"Ocala Palms Golf & Country Club","FL","FL","Green","72","130","","","6501","4 5 4 3 5 3 4 4 4 4 5 3 4 4 3 4 5 4","15 3 1 7 17 13 9 11 5 10 12 18 2 8 14 6 16 4"
"Ocala Palms Golf & Country Club","FL","FL","White","68","117","72","131","5611","4 5 4 3 5 3 4 4 4 4 5 3 4 4 3 4 5 4","15 3 1 7 17 13 9 11 5 10 12 18 2 8 14 6 16 4"
"Ocala Palms Golf & Country Club","FL","FL","Blue","64","106","69","122","5023","4 5 4 3 5 3 4 4 4 4 5 3 4 4 3 4 5 4","15 3 1 7 17 13 9 11 5 10 12 18 2 8 14 6 16 4"
"Ocala Palms Golf & Country Club","FL","FL","Burgundy","67","115","","","4636","4 5 4 3 5 3 4 4 4 4 5 3 4 4 3 4 5 4","15 3 1 7 17 13 9 11 5 10 12 18 2 8 14 6 16 4"
"The Deltona Club","FL","Deltona, FL","Tee I","73.5","126","79.9","144","6988","4 4 3 4 5 4 5 4 3 4 3 4 5 3 4 5 4 4","5 3 13 1 9 7 11 15 17 12 6 4 18 8 10 16 2 14"
"The Deltona Club","FL","Deltona, FL","Tee II","71.1","121","77.9","136","6517","4 4 3 4 5 4 5 4 3 4 3 4 5 3 4 5 4 4","5 3 13 1 9 7 11 15 17 12 6 4 18 8 10 16 2 14"
"The Deltona Club","FL","Deltona, FL","Tee III","68.6","116","75.3","130","5977","4 4 3 4 5 4 5 4 3 4 3 4 5 3 4 5 4 4","5 3 13 1 9 7 11 15 17 12 6 4 18 8 10 16 2 14"
"The Deltona Club","FL","Deltona, FL","Tee IV","65.6","109","70.5","123","5399","4 4 3 4 5 4 5 4 3 4 3 4 5 3 4 5 4 4","5 3 13 1 9 7 11 15 17 12 6 4 18 8 10 16 2 14"
"The Deltona Club","FL","Deltona, FL","Tee V","63.2","106","66.3","112","4678","4 4 3 4 5 4 5 4 3 4 3 4 5 3 4 5 4 4","5 3 13 1 9 7 11 15 17 12 6 4 18 8 10 16 2 14"
"Glen Abbey Golf Club","FL","DeBary, FL","Blue","71.1","122","","","6378","4 5 3 4 4 3 5 4 4 4 4 3 5 3 4 4 4 5","12 6 18 2 14 16 8 4 10 11 3 13 17 15 7 5 1 9"
"Glen Abbey Golf Club","FL","DeBary, FL","White","68.5","115","","","5847","4 5 3 4 4 3 5 4 4 4 4 3 5 3 4 4 4 5","12 6 18 2 14 16 8 4 10 11 3 13 17 15 7 5 1 9"
"Glen Abbey Golf Club","FL","DeBary, FL","Red","","","70.8","123","5036","4 5 3 4 4 3 5 4 4 4 4 3 5 3 4 4 4 5","12 6 18 2 14 16 8 4 10 11 3 13 17 15 7 5 1 9"
"Heritage Isles Golf and Country Club","FL","Tampa Bay, FL","Gold","74.3","137","","","6976","4 5 4 4 3 4 5 3 4 4 5 4 3 4 5 3 4 4","12 4 8 6 18 10 2 16 14 7 1 11 15 5 3 17 13 9"
"Heritage Isles Golf and Country Club","FL","Tampa Bay, FL","Blue","70.4","133","","","6239","4 5 4 4 3 4 5 3 4 4 5 4 3 4 5 3 4 4","12 4 8 6 18 10 2 16 14 7 1 11 15 5 3 17 13 9"
"Heritage Isles Golf and Country Club","FL","Tampa Bay, FL","White","67.6","119","72.7","134","5615","4 5 4 4 3 4 5 3 4 4 5 4 3 4 5 3 4 4","12 4 8 6 18 10 2 16 14 7 1 11 15 5 3 17 13 9"
"Heritage Isles Golf and Country Club","FL","Tampa Bay, FL","Green","66.2","114","","","5033","4 5 4 4 3 4 5 3 4 4 5 4 3 4 5 3 4 4","12 4 8 6 18 10 2 16 14 7 1 11 15 5 3 17 13 9"
"Heritage Isles Golf and Country Club","FL","Tampa Bay, FL","Red","","","69.2","117","4832","4 5 4 4 3 4 5 3 4 4 5 4 3 4 5 3 4 4","12 4 8 6 18 10 2 16 14 7 1 11 15 5 3 17 13 9"
"Scepter Golf Club","FL","Sun City Center, FL","White","69.1","124","","","5997","4 3 4 5 4 3 5 4 4 4 3 5 4 3 4 5 4 4","5 13 15 11 1 17 3 7 9 14 18 10 16 12 2 4 8 6"
"Scepter Golf Club","FL","Sun City Center, FL","Green","66.8","113","","","5478","4 3 4 5 4 3 5 4 4 4 3 5 4 3 4 5 4 4","5 13 15 11 1 17 3 7 9 14 18 10 16 12 2 4 8 6"
"Scepter Golf Club","FL","Sun City Center, FL","Red","65.8","107","70","124","5172","4 3 4 5 4 3 5 4 4 4 3 5 4 3 4 5 4 4","5 13 15 11 1 17 3 7 9 14 18 10 16 12 2 4 8 6"
"Scepter Golf Club","FL","Sun City Center, FL","Yellow","64","102","68.3","114","4838","4 3 4 5 4 3 5 4 4 4 3 5 4 3 4 5 4 4","5 13 15 11 1 17 3 7 9 14 18 10 16 12 2 4 8 6"
"Scepter Golf Club","FL","Sun City Center, FL","Orange","58.6","90","59.9","89","3512","4 3 4 5 4 3 5 4 4 4 3 5 4 3 4 5 4 4","5 13 15 11 1 17 3 7 9 14 18 10 16 12 2 4 8 6"
"The Preserve Golf Club","FL","Bradenton, FL","Eagle","74.6","144","","","7000","4 3 4 4 5 4 4 3 5 5 4 3 4 4 4 5 3 4","13 17 1 5 7 15 11 9 3 6 2 16 18 14 12 10 8 4"
"The Preserve Golf Club","FL","Bradenton, FL","Hawk","72.6","129","","","6500","4 3 4 4 5 4 4 3 5 5 4 3 4 4 4 5 3 4","13 17 1 5 7 15 11 9 3 6 2 16 18 14 12 10 8 4"
"The Preserve Golf Club","FL","Bradenton, FL","Heron","70.6","119","","","6005","4 3 4 4 5 4 4 3 5 5 4 3 4 4 4 5 3 4","13 17 1 5 7 15 11 9 3 6 2 16 18 14 12 10 8 4"
"The Preserve Golf Club","FL","Bradenton, FL","Combo","68.9","117","","","5700","4 3 4 4 5 4 4 3 5 5 4 3 4 4 4 5 3 4","13 17 1 5 7 15 11 9 3 6 2 16 18 14 12 10 8 4"
"The Preserve Golf Club","FL","Bradenton, FL","Oriole","68.3","116","","","5575","4 3 4 4 5 4 4 3 5 5 4 3 4 4 4 5 3 4","13 17 1 5 7 15 11 9 3 6 2 16 18 14 12 10 8 4"
"The Preserve Golf Club","FL","Bradenton, FL","Legacy","65.8","113","","","5065","4 3 4 4 5 4 4 3 5 5 4 3 4 4 4 5 3 4","13 17 1 5 7 15 11 9 3 6 2 16 18 14 12 10 8 4"
"The Preserve Golf Club","FL","Bradenton, FL","Hummingbird","","","70.2","118","4870","4 3 4 4 5 4 4 3 5 5 4 3 4 4 4 5 3 4","13 17 1 5 7 15 11 9 3 6 2 16 18 14 12 10 8 4"
"The Preserve Golf Club","FL","Bradenton, FL","Forward","","","68.7","115","4609","4 3 4 4 5 4 4 3 5 5 4 3 4 4 4 5 3 4","13 17 1 5 7 15 11 9 3 6 2 16 18 14 12 10 8 4"
"Hammock Bay Golf & Country Club","FL","Naples, FL","Black","73.9","138","","","6985","4 3 4 4 5 4 3 5 4 4 3 5 4 4 4 5 3 4","5 17 11 7 13 1 15 3 9 14 18 4 12 8 2 16 10 6"
"Hammock Bay Golf & Country Club","FL","Naples, FL","Blue","72.1","133","","","6636","4 3 4 4 5 4 3 5 4 4 3 5 4 4 4 5 3 4","5 17 11 7 13 1 15 3 9 14 18 4 12 8 2 16 10 6"
"Hammock Bay Golf & Country Club","FL","Naples, FL","Members","70.2","128","","","6178","4 3 4 4 5 4 3 5 4 4 3 5 4 4 4 5 3 4","5 17 11 7 13 1 15 3 9 14 18 4 12 8 2 16 10 6"
"Hammock Bay Golf & Country Club","FL","Naples, FL","Yellow","68.3","119","","","5770","4 3 4 4 5 4 3 5 4 4 3 5 4 4 4 5 3 4","5 17 11 7 13 1 15 3 9 14 18 4 12 8 2 16 10 6"
"Hammock Bay Golf & Country Club","FL","Naples, FL","Green","66.8","115","72.2","127","5493","4 3 4 4 5 4 3 5 4 4 3 5 4 4 4 5 3 4","5 17 11 7 13 1 15 3 9 14 18 4 12 8 2 16 10 6"
"Hammock Bay Golf & Country Club","FL","Naples, FL","Red","64.9","112","69.5","122","5075","4 3 4 4 5 4 3 5 4 4 3 5 4 4 4 5 3 4","5 17 11 7 13 1 15 3 9 14 18 4 12 8 2 16 10 6"
"Hammock Bay Golf & Country Club","FL","Naples, FL","Purple","63.7","110","68.3","118","4897","4 3 4 4 5 4 3 5 4 4 3 5 4 4 4 5 3 4","5 17 11 7 13 1 15 3 9 14 18 4 12 8 2 16 10 6"
"Copperleaf Golf Club","FL","Bonita Springs, FL","Black","75","147","","","7066","5 5 5 5 5 4 4 4 4 4 4 4 4 3 3 3 3 3","13 7 1 3 17 9 5 15 11 6 16 12 18 8 2 4 10 14"
"Copperleaf Golf Club","FL","Bonita Springs, FL","Blue","71.9","138","","","6517","5 5 5 5 5 4 4 4 4 4 4 4 4 3 3 3 3 3","13 7 1 3 17 9 5 15 11 6 16 12 18 8 2 4 10 14"
"Copperleaf Golf Club","FL","Bonita Springs, FL","Copper","70.8","136","","","6308","5 5 5 5 5 4 4 4 4 4 4 4 4 3 3 3 3 3","13 7 1 3 17 9 5 15 11 6 16 12 18 8 2 4 10 14"
"Copperleaf Golf Club","FL","Bonita Springs, FL","White","70.1","129","75.9","143","6091","5 5 5 5 5 4 4 4 4 4 4 4 4 3 3 3 3 3","13 7 1 3 17 9 5 15 11 6 16 12 18 8 2 4 10 14"
"Copperleaf Golf Club","FL","Bonita Springs, FL","Silver","68.7","125","73.8","136","5730","5 5 5 5 5 4 4 4 4 4 4 4 4 3 3 3 3 3","13 7 1 3 17 9 5 15 11 6 16 12 18 8 2 4 10 14"
"Copperleaf Golf Club","FL","Bonita Springs, FL","Gold","67.4","122","72.2","129","5444","5 5 5 5 5 4 4 4 4 4 4 4 4 3 3 3 3 3","13 7 1 3 17 9 5 15 11 6 16 12 18 8 2 4 10 14"
"Copperleaf Golf Club","FL","Bonita Springs, FL","Green","65.2","119","68.7","123","5060","5 5 5 5 5 4 4 4 4 4 4 4 4 3 3 3 3 3","13 7 1 3 17 9 5 15 11 6 16 12 18 8 2 4 10 14"
"Copperleaf Golf Club","FL","Bonita Springs, FL","Purple","63.9","116","68.7","123","4799","5 5 5 5 5 4 4 4 4 4 4 4 4 3 3 3 3 3","13 7 1 3 17 9 5 15 11 6 16 12 18 8 2 4 10 14"
"Copperleaf Golf Club","FL","Bonita Springs, FL","Red","63","113","67.1","116","4501","5 5 5 5 5 4 4 4 4 4 4 4 4 3 3 3 3 3","13 7 1 3 17 9 5 15 11 6 16 12 18 8 2 4 10 14"
"Estero Country Club","FL","Fort Myers, FL","Green","74.3","135","","","7072","4 5 4 4 3 5 4 3 4 4 5 4 3 4 5 4 3 4","13 9 11 3 15 1 5 17 7 10 14 4 16 2 6 12 18 8"
"Estero Country Club","FL","Fort Myers, FL","Blue","71.8","130","","","6529","4 5 4 4 3 5 4 3 4 4 5 4 3 4 5 4 3 4","13 9 11 3 15 1 5 17 7 10 14 4 16 2 6 12 18 8"
"Estero Country Club","FL","Fort Myers, FL","White","70.1","127","75.9","137","6161","4 5 4 4 3 5 4 3 4 4 5 4 3 4 5 4 3 4","13 9 11 3 15 1 5 17 7 10 14 4 16 2 6 12 18 8"
"Estero Country Club","FL","Fort Myers, FL","White/Black","69.2","124","","","5948","4 5 4 4 3 5 4 3 4 4 5 4 3 4 5 4 3 4","13 9 11 3 15 1 5 17 7 10 14 4 16 2 6 12 18 8"
"Estero Country Club","FL","Fort Myers, FL","Black","67.2","114","71.8","128","5423","4 5 4 4 3 5 4 3 4 4 5 4 3 4 5 4 3 4","13 9 11 3 15 1 5 17 7 10 14 4 16 2 6 12 18 8"
"Estero Country Club","FL","Fort Myers, FL","Gold","65.9","111","70.2","120","5126","4 5 4 4 3 5 4 3 4 4 5 4 3 4 5 4 3 4","13 9 11 3 15 1 5 17 7 10 14 4 16 2 6 12 18 8"
"Estero Country Club","FL","Fort Myers, FL","Red","","","67.7","114","4662","4 5 4 4 3 5 4 3 4 4 5 4 3 4 5 4 3 4","13 9 11 3 15 1 5 17 7 10 14 4 16 2 6 12 18 8"
"Colonial Country Club","FL","Fort Myers, FL","Black","75.7","137","","","7375","4 4 5 4 3 5 3 4 4 5 4 5 3 4 4 4 3 4","12 4 2 8 10 16 18 14 6 7 1 9 13 15 5 3 17 11"
"Colonial Country Club","FL","Fort Myers, FL","Blue","71.7","129","","","6541","4 4 5 4 3 5 3 4 4 5 4 5 3 4 4 4 3 4","12 4 2 8 10 16 18 14 6 7 1 9 13 15 5 3 17 11"
"Colonial Country Club","FL","Fort Myers, FL","Blue/White","70.6","127","","","6300","4 4 5 4 3 5 3 4 4 5 4 5 3 4 4 4 3 4","12 4 2 8 10 16 18 14 6 7 1 9 13 15 5 3 17 11"
"Colonial Country Club","FL","Fort Myers, FL","White/Blue","69.9","125","","","6159","4 4 5 4 3 5 3 4 4 5 4 5 3 4 4 4 3 4","12 4 2 8 10 16 18 14 6 7 1 9 13 15 5 3 17 11"
"Colonial Country Club","FL","Fort Myers, FL","White","68.8","123","","","5928","4 4 5 4 3 5 3 4 4 5 4 5 3 4 4 4 3 4","12 4 2 8 10 16 18 14 6 7 1 9 13 15 5 3 17 11"
"Colonial Country Club","FL","Fort Myers, FL","White/Gren","66.6","116","","","5490","4 4 5 4 3 5 3 4 4 5 4 5 3 4 4 4 3 4","12 4 2 8 10 16 18 14 6 7 1 9 13 15 5 3 17 11"
"Colonial Country Club","FL","Fort Myers, FL","Green","65.5","110","70.4","120","5170","4 4 5 4 3 5 3 4 4 5 4 5 3 4 4 4 3 4","12 4 2 8 10 16 18 14 6 7 1 9 13 15 5 3 17 11"
"Colonial Country Club","FL","Fort Myers, FL","Green/Red","","","69.5","118","5014","4 4 5 4 3 5 3 4 4 5 4 5 3 4 4 4 3 4","12 4 2 8 10 16 18 14 6 7 1 9 13 15 5 3 17 11"
"Colonial Country Club","FL","Fort Myers, FL","Red","","","66.9","112","4564","4 4 5 4 3 5 3 4 4 5 4 5 3 4 4 4 3 4","12 4 2 8 10 16 18 14 6 7 1 9 13 15 5 3 17 11"
"Eagle Ridge Golf Club","FL","Fort Myers, FL","Blue","71","126","","","6538","5 5 5 5 4 4 4 4 4 4 4 4 4 4 3 3 3 3","15 1 7 11 5 3 9 17 13 6 8 10 4 18 16 14 2 12"
"Eagle Ridge Golf Club","FL","Fort Myers, FL","White","68.6","120","","","6020","5 5 5 5 4 4 4 4 4 4 4 4 4 4 3 3 3 3","15 1 7 11 5 3 9 17 13 6 8 10 4 18 16 14 2 12"
"Eagle Ridge Golf Club","FL","Fort Myers, FL","Gold","65.8","110","","","5447","5 5 5 5 4 4 4 4 4 4 4 4 4 4 3 3 3 3","15 1 7 11 5 3 9 17 13 6 8 10 4 18 16 14 2 12"
"Eagle Ridge Golf Club","FL","Fort Myers, FL","Red","","","68.3","114","4897","5 5 5 5 4 4 4 4 4 4 4 4 4 4 3 3 3 3","15 1 7 11 5 3 9 17 13 6 8 10 4 18 16 14 2 12"
"Golf Club At Magnolia Landing","FL","North Fort Myers, FL","Black","75.4","142","","","7265","4 4 4 5 4 3 4 3 5 4 4 3 5 4 3 4 4 5","3 13 1 9 11 15 5 17 7 16 6 10 8 2 18 4 12 14"
"Golf Club At Magnolia Landing","FL","North Fort Myers, FL","Gold","71.6","130","","","6525","4 4 4 5 4 3 4 3 5 4 4 3 5 4 3 4 4 5","3 13 1 9 11 15 5 17 7 16 6 10 8 2 18 4 12 14"
"Golf Club At Magnolia Landing","FL","North Fort Myers, FL","Green","69.4","119","","","6017","4 4 4 5 4 3 4 3 5 4 4 3 5 4 3 4 4 5","3 13 1 9 11 15 5 17 7 16 6 10 8 2 18 4 12 14"
"Golf Club At Magnolia Landing","FL","North Fort Myers, FL","White","66.3","116","71.9","126","5439","4 4 4 5 4 3 4 3 5 4 4 3 5 4 3 4 4 5","3 13 1 9 11 15 5 17 7 16 6 10 8 2 18 4 12 14"
"Golf Club At Magnolia Landing","FL","North Fort Myers, FL","Red","","","68.1","119","4741","4 4 4 5 4 3 4 3 5 4 4 3 5 4 3 4 4 5","3 13 1 9 11 15 5 17 7 16 6 10 8 2 18 4 12 14"
"Sebring Municipal Golf Course","FL","FL","Blue","69.6","120","","","6170","5 5 5 4 4 4 4 4 4 4 4 4 4 4 4 3 3 3","8 14 16 2 10 4 18 12 6 5 13 3 1 9 7 17 15 11"
"Grenelefe Golf & Tennis Resort - East Course","FL","Haines City, FL","Dark Green","72.7","131","","","6802","5 5 4 4 4 4 4 4 4 4 4 4 4 4 4 4 3 3","9 11 17 7 15 1 5 13 3 6 4 10 16 12 8 14 18 2"
"Stonegate Golf Club - Cypress Course","FL","Kissimmee, FL","Gold","72.6","137","","","6741","4 4 3 5 4 5 4 3 4 4 4 3 4 5 4 3 4 5","5 7 15 9 3 1 13 17 11 4 10 16 2 12 14 8 6 18"
"Stonegate Golf Club - Cypress Course","FL","Kissimmee, FL","Blue","70.3","132","","","6241","4 4 3 5 4 5 4 3 4 4 4 3 4 5 4 3 4 5","5 7 15 9 3 1 13 17 11 4 10 16 2 12 14 8 6 18"
"Stonegate Golf Club - Cypress Course","FL","Kissimmee, FL","White","68.4","123","","","5827","4 4 3 5 4 5 4 3 4 4 4 3 4 5 4 3 4 5","5 7 15 9 3 1 13 17 11 4 10 16 2 12 14 8 6 18"
"Stonegate Golf Club - Cypress Course","FL","Kissimmee, FL","Red","66.2","118","","","5326","4 4 3 5 4 5 4 3 4 4 4 3 4 5 4 3 4 5","5 7 15 9 3 1 13 17 11 4 10 16 2 12 14 8 6 18"
"Stonegate Golf Club - Cypress Course","FL","Kissimmee, FL","Green","68.6","117","","","4746","4 4 3 5 4 5 4 3 4 4 4 3 4 5 4 3 4 5","5 7 15 9 3 1 13 17 11 4 10 16 2 12 14 8 6 18"
"Stonegate Golf Club - Cypress Course","FL","Kissimmee, FL","Silver/Green","65.3","108","","","4085","4 4 3 5 4 5 4 3 4 4 4 3 4 5 4 3 4 5","5 7 15 9 3 1 13 17 11 4 10 16 2 12 14 8 6 18"
"Alaqua Country Club","FL","Longwood, FL","Black","71.2","138","72.5","140","6291","4 3 5 3 4 4 4 4 4 5 3 4 4 4 3 5 4 3","16 18 14 10 2 6 8 4 12 13 9 1 5 11 17 7 3 15"
"Alaqua Country Club","FL","Longwood, FL","White","69.2","135","","","5890","4 3 5 3 4 4 4 4 4 5 3 4 4 4 3 5 4 3","16 18 14 10 2 6 8 4 12 13 9 1 5 11 17 7 3 15"
"Alaqua Country Club","FL","Longwood, FL","Gold","68.2","133","","","5691","4 3 5 3 4 4 4 4 4 5 3 4 4 4 3 5 4 3","16 18 14 10 2 6 8 4 12 13 9 1 5 11 17 7 3 15"
"Alaqua Country Club","FL","Longwood, FL","Blue","65.5","128","70.7","135","5110","4 3 5 3 4 4 4 4 4 5 3 4 4 4 3 5 4 3","16 18 14 10 2 6 8 4 12 13 9 1 5 11 17 7 3 15"
"Alaqua Country Club","FL","Longwood, FL","Red","62.6","120","67.5","114","4351","4 3 5 3 4 4 4 4 4 5 3 4 4 4 3 5 4 3","16 18 14 10 2 6 8 4 12 13 9 1 5 11 17 7 3 15"
"Alaqua Country Club","FL","Longwood, FL","Blue/Red","","","68.2","124","4590","4 3 5 3 4 4 4 4 4 5 3 4 4 4 3 5 4 3","16 18 14 10 2 6 8 4 12 13 9 1 5 11 17 7 3 15"
"North Shore Golf Club","FL","Orlando, FL","Black","73.5","136","","","6898","4 4 4 4 4 3 5 3 5 4 5 4 4 3 5 4 3 4","17 5 1 7 13 11 9 15 3 14 6 2 8 16 10 18 12 4"
"North Shore Golf Club","FL","Orlando, FL","Blue","71.5","132","","","6518","4 4 4 4 4 3 5 3 5 4 5 4 4 3 5 4 3 4","17 5 1 7 13 11 9 15 3 14 6 2 8 16 10 18 12 4"
"North Shore Golf Club","FL","Orlando, FL","White","68.1","125","73.8","134","5833","4 4 4 4 4 3 5 3 5 4 5 4 4 3 5 4 3 4","17 5 1 7 13 11 9 15 3 14 6 2 8 16 10 18 12 4"
"North Shore Golf Club","FL","Orlando, FL","Red","","","69.1","118","5023","4 4 4 4 4 3 5 3 5 4 5 4 4 3 5 4 3 4","17 5 1 7 13 11 9 15 3 14 6 2 8 16 10 18 12 4"
"Eastwood Golf Club","FL","Orlando, FL","Black","72.5","131","","","7129","4 3 4 4 4 3 4 5 4 4 4 5 3 5 4 3 4 5","7 5 1 15 11 17 9 13 3 2 14 4 12 6 18 10 16 8"
"Eastwood Golf Club","FL","Orlando, FL","Blue","70.2","127","","","6422","4 3 4 4 4 3 4 5 4 4 4 5 3 5 4 3 4 5","7 5 1 15 11 17 9 13 3 2 14 4 12 6 18 10 16 8"
"Eastwood Golf Club","FL","Orlando, FL","White","68.3","124","","","6000","4 3 4 4 4 3 4 5 4 4 4 5 3 5 4 3 4 5","7 5 1 15 11 17 9 13 3 2 14 4 12 6 18 10 16 8"
"Eastwood Golf Club","FL","Orlando, FL","Gold","66.8","121","","","5504","4 3 4 4 4 3 4 5 4 4 4 5 3 5 4 3 4 5","7 5 1 15 11 17 9 13 3 2 14 4 12 6 18 10 16 8"
"Eastwood Golf Club","FL","Orlando, FL","Ladies'","68.4","117","","","5148","4 3 4 4 4 3 4 5 4 4 4 5 3 5 4 3 4 5","7 5 1 15 11 17 9 13 3 2 14 4 12 6 18 10 16 8"
"Wedgefield Golf Club","FL","Orlando, FL","Blue","71.7","129","","","6795","5 4 5 3 4 4 4 3 4 4 5 5 4 3 4 3 4 4","15 3 7 17 13 1 11 5 9 18 16 6 8 14 2 12 10 4"
"Wedgefield Golf Club","FL","Orlando, FL","White","69.5","126","","","6239","5 4 5 3 4 4 4 3 4 4 5 5 4 3 4 3 4 4","15 3 7 17 13 1 11 5 9 18 16 6 8 14 2 12 10 4"
"Wedgefield Golf Club","FL","Orlando, FL","Gold","66.2","121","","","5724","5 4 5 3 4 4 4 3 4 4 5 5 4 3 4 3 4 4","15 3 7 17 13 1 11 5 9 18 16 6 8 14 2 12 10 4"
"Wedgefield Golf Club","FL","Orlando, FL","Red","","","70.4","120","4886","5 4 5 3 4 4 4 3 4 4 5 5 4 3 4 3 4 4","15 3 7 17 13 1 11 5 9 18 16 6 8 14 2 12 10 4"
"Hawk's Nest Golf Club","FL","Vero Beach, FL","Tournament","74.6","149","","","7046","4 3 4 5 4 4 3 4 5 4 3 4 4 5 3 4 5 4","13 15 1 11 3 7 17 9 5 10 16 4 12 2 18 14 6 8"
"The Dunes Course At Sandridge","FL","Vero Beach, FL","Gold","72.6","129","","","6968","4 5 3 5 4 3 4 4 4 4 4 5 4 3 4 4 3 5","11 5 17 3 9 15 1 13 7 10 14 2 12 16 6 8 18 4"
"The Dunes Course At Sandridge","FL","Vero Beach, FL","Blue","69.4","123","","","6114","4 5 3 5 4 3 4 4 4 4 4 5 4 3 4 4 3 5","11 5 17 3 9 15 1 13 7 10 14 2 12 16 6 8 18 4"
"The Dunes Course At Sandridge","FL","Vero Beach, FL","White","66.9","115","73","130","5571","4 5 3 5 4 3 4 4 4 4 4 5 4 3 4 4 3 5","11 5 17 3 9 15 1 13 7 10 14 2 12 16 6 8 18 4"
"The Dunes Course At Sandridge","FL","Vero Beach, FL","Green","64.8","113","70.4","125","5136","4 5 3 5 4 3 4 4 4 4 4 5 4 3 4 4 3 5","11 5 17 3 9 15 1 13 7 10 14 2 12 16 6 8 18 4"
"The Dunes Course At Sandridge","FL","Vero Beach, FL","Red","","","69.7","122","4967","4 5 3 5 4 3 4 4 4 4 4 5 4 3 4 4 3 5","11 5 17 3 9 15 1 13 7 10 14 2 12 16 6 8 18 4"
"Emerald Dunes Club","FL","West Palm Beach, FL","Black","75.4","150","","","7306","5 4 4 3 5 4 4 3 4 4 5 4 4 3 4 3 5 4","11 13 9 17 1 5 7 15 3 6 12 14 10 16 2 18 8 4"
"Emerald Dunes Club","FL","West Palm Beach, FL","Gold","73.3","145","","","6848","5 4 4 3 5 4 4 3 4 4 5 4 4 3 4 3 5 4","11 13 9 17 1 5 7 15 3 6 12 14 10 16 2 18 8 4"
"Emerald Dunes Club","FL","West Palm Beach, FL","Emerald","71.7","136","","","6476","5 4 4 3 5 4 4 3 4 4 5 4 4 3 4 3 5 4","11 13 9 17 1 5 7 15 3 6 12 14 10 16 2 18 8 4"
"Emerald Dunes Club","FL","West Palm Beach, FL","Emerald/White","70.8","131","","","6257","5 4 4 3 5 4 4 3 4 4 5 4 4 3 4 3 5 4","11 13 9 17 1 5 7 15 3 6 12 14 10 16 2 18 8 4"
"Emerald Dunes Club","FL","West Palm Beach, FL","White","69.8","128","75.2","140","6014","5 4 4 3 5 4 4 3 4 4 5 4 4 3 4 3 5 4","11 13 9 17 1 5 7 15 3 6 12 14 10 16 2 18 8 4"
"Emerald Dunes Club","FL","West Palm Beach, FL","White/Orange","67.9","125","73","134","5608","5 4 4 3 5 4 4 3 4 4 5 4 4 3 4 3 5 4","11 13 9 17 1 5 7 15 3 6 12 14 10 16 2 18 8 4"
"Emerald Dunes Club","FL","West Palm Beach, FL","Orange","","","70.5","129","5171","5 4 4 3 5 4 4 3 4 4 5 4 4 3 4 3 5 4","11 13 9 17 1 5 7 15 3 6 12 14 10 16 2 18 8 4"
"Fountains Country Club","FL","Lake Worth, FL","Gold","73.1","136","","","6793","4 3 5 4 4 4 4 4 3 4 5 5 3 4 4 3 4 4","5 17 1 7 9 11 13 3 15 12 4 6 18 10 8 16 14 2"
"Fountains Country Club","FL","Lake Worth, FL","Blue","70.3","131","","","6253","4 3 5 4 4 4 4 4 3 4 5 5 3 4 4 3 4 4","5 17 1 7 9 11 13 3 15 12 4 6 18 10 8 16 14 2"
"Fountains Country Club","FL","Lake Worth, FL","White","68.9","125","","","5927","4 3 5 4 4 4 4 4 3 4 5 5 3 4 4 3 4 4","5 17 1 7 9 11 13 3 15 12 4 6 18 10 8 16 14 2"
"Fountains Country Club","FL","Lake Worth, FL","Red","","","71.2","125","5294","4 3 5 4 4 4 4 4 3 4 5 5 3 4 4 3 4 4","5 17 1 7 9 11 13 3 15 12 4 6 18 10 8 16 14 2"
"Atlantis Country Club","FL","Atlantis, FL","Gold","72.2","137","","","6610","5 4 4 4 3 4 4 3 5 3 4 5 4 4 4 4 3 5","9 3 13 11 17 1 5 15 7 18 6 10 14 12 2 8 16 4"
"Atlantis Country Club","FL","Atlantis, FL","Blue","69.3","130","","","6060","5 4 4 4 3 4 4 3 5 3 4 5 4 4 4 4 3 5","9 3 13 11 17 1 5 15 7 18 6 10 14 12 2 8 16 4"
"Atlantis Country Club","FL","Atlantis, FL","White","67.7","122","","","5701","5 4 4 4 3 4 4 3 5 3 4 5 4 4 4 4 3 5","9 3 13 11 17 1 5 15 7 18 6 10 14 12 2 8 16 4"
"Atlantis Country Club","FL","Atlantis, FL","Red","71.1","125","","","5242","5 4 4 4 3 4 4 3 5 3 4 5 4 4 4 4 3 5","9 3 13 11 17 1 5 15 7 18 6 10 14 12 2 8 16 4"
"Atlantis Golf Club","FL","Atlantis, FL","Gold","72.2","137","","","6610","5 4 4 4 3 4 4 3 5 3 4 5 4 4 4 4 3 5","9 3 13 11 17 1 5 15 7 18 6 10 14 12 2 8 16 4"
"Atlantis Golf Club","FL","Atlantis, FL","Blue","69.3","130","","","6060","5 4 4 4 3 4 4 3 5 3 4 5 4 4 4 4 3 5","9 3 13 11 17 1 5 15 7 18 6 10 14 12 2 8 16 4"
"Atlantis Golf Club","FL","Atlantis, FL","White","67.7","122","","","5701","5 4 4 4 3 4 4 3 5 3 4 5 4 4 4 4 3 5","9 3 13 11 17 1 5 15 7 18 6 10 14 12 2 8 16 4"
"Atlantis Golf Club","FL","Atlantis, FL","Red","71.1","125","","","5242","5 4 4 4 3 4 4 3 5 3 4 5 4 4 4 4 3 5","9 3 13 11 17 1 5 15 7 18 6 10 14 12 2 8 16 4"
"Quail Ridge Country Club - South Course","FL","Boynton Beach, FL","I","74","131","80.3","148","6989","4 4 5 3 4 5 4 3 4 4 4 3 5 4 3 4 4 5","8 14 17 10 1 16 5 12 3 15 6 18 7 2 9 13 4 11"
"Quail Ridge Country Club - South Course","FL","Boynton Beach, FL","I/II","72.3","128","78.1","143","6626","4 4 5 3 4 5 4 3 4 4 4 3 5 4 3 4 4 5","8 14 17 10 1 16 5 12 3 15 6 18 7 2 9 13 4 11"
"Quail Ridge Country Club - South Course","FL","Boynton Beach, FL","II","71.2","125","76.8","140","6256","4 4 5 3 4 5 4 3 4 4 4 3 5 4 3 4 4 5","8 14 17 10 1 16 5 12 3 15 6 18 7 2 9 13 4 11"
"Quail Ridge Country Club - South Course","FL","Boynton Beach, FL","II/III","69.6","123","75","137","5979","4 4 5 3 4 5 4 3 4 4 4 3 5 4 3 4 4 5","8 14 17 10 1 16 5 12 3 15 6 18 7 2 9 13 4 11"
"Quail Ridge Country Club - South Course","FL","Boynton Beach, FL","III","68.3","121","73.5","133","5670","4 4 5 3 4 5 4 3 4 4 4 3 5 4 3 4 4 5","8 14 17 10 1 16 5 12 3 15 6 18 7 2 9 13 4 11"
"Quail Ridge Country Club - South Course","FL","Boynton Beach, FL","III/IV","66.6","116","71","127","5382","4 4 5 3 4 5 4 3 4 4 4 3 5 4 3 4 4 5","8 14 17 10 1 16 5 12 3 15 6 18 7 2 9 13 4 11"
"Quail Ridge Country Club - South Course","FL","Boynton Beach, FL","IV","64.8","111","69.7","123","5052","4 4 5 3 4 5 4 3 4 4 4 3 5 4 3 4 4 5","8 14 17 10 1 16 5 12 3 15 6 18 7 2 9 13 4 11"
"Quail Ridge Country Club - South Course","FL","Boynton Beach, FL","IV/V","63","108","67","118","4755","4 4 5 3 4 5 4 3 4 4 4 3 5 4 3 4 4 5","8 14 17 10 1 16 5 12 3 15 6 18 7 2 9 13 4 11"
"Quail Ridge Country Club - South Course","FL","Boynton Beach, FL","V","62.3","106","66.7","113","4435","4 4 5 3 4 5 4 3 4 4 4 3 5 4 3 4 4 5","8 14 17 10 1 16 5 12 3 15 6 18 7 2 9 13 4 11"
"Pelican's Nest Golf Club","FL","Bonita Springs, FL","I","73","140","","","6743","5 5 5 5 5 5 5 4 4 4 4 3 3 3 3 3 3 3","17 9 5 15 1 13 11 7 3 8 18 2 4 16 14 6 10 12"
"Pelican's Nest Golf Club","FL","Bonita Springs, FL","II","71","137","","","6402","5 5 5 5 5 5 5 4 4 4 4 3 3 3 3 3 3 3","17 9 5 15 1 13 11 7 3 8 18 2 4 16 14 6 10 12"
"Pelican's Nest Golf Club","FL","Bonita Springs, FL","II/III","70.4","134","","","6250","5 5 5 5 5 5 5 4 4 4 4 3 3 3 3 3 3 3","17 9 5 15 1 13 11 7 3 8 18 2 4 16 14 6 10 12"
"Pelican's Nest Golf Club","FL","Bonita Springs, FL","III","69.7","127","","","6031","5 5 5 5 5 5 5 4 4 4 4 3 3 3 3 3 3 3","17 9 5 15 1 13 11 7 3 8 18 2 4 16 14 6 10 12"
"Pelican's Nest Golf Club","FL","Bonita Springs, FL","III/IV","68.7","124","","","5831","5 5 5 5 5 5 5 4 4 4 4 3 3 3 3 3 3 3","17 9 5 15 1 13 11 7 3 8 18 2 4 16 14 6 10 12"
"Pelican's Nest Golf Club","FL","Bonita Springs, FL","IV","67.3","118","72.7","126","5538","5 5 5 5 5 5 5 4 4 4 4 3 3 3 3 3 3 3","17 9 5 15 1 13 11 7 3 8 18 2 4 16 14 6 10 12"
"Pelican's Nest Golf Club","FL","Bonita Springs, FL","IV/V","66.3","116","71.5","123","5318","5 5 5 5 5 5 5 4 4 4 4 3 3 3 3 3 3 3","17 9 5 15 1 13 11 7 3 8 18 2 4 16 14 6 10 12"
"Pelican's Nest Golf Club","FL","Bonita Springs, FL","V","65.1","114","69.9","120","5040","5 5 5 5 5 5 5 4 4 4 4 3 3 3 3 3 3 3","17 9 5 15 1 13 11 7 3 8 18 2 4 16 14 6 10 12"
"Pelican's Nest Golf Club","FL","Bonita Springs, FL","V/VI","64.2","113","69","118","4880","5 5 5 5 5 5 5 4 4 4 4 3 3 3 3 3 3 3","17 9 5 15 1 13 11 7 3 8 18 2 4 16 14 6 10 12"
"Pelican's Nest Golf Club","FL","Bonita Springs, FL","VI","63.8","112","68.5","116","4794","5 5 5 5 5 5 5 4 4 4 4 3 3 3 3 3 3 3","17 9 5 15 1 13 11 7 3 8 18 2 4 16 14 6 10 12"
"Pelican's Nest Golf Club","FL","Bonita Springs, FL","VI/S","61.7","109","65.9","111","4318","5 5 5 5 5 5 5 4 4 4 4 3 3 3 3 3 3 3","17 9 5 15 1 13 11 7 3 8 18 2 4 16 14 6 10 12"
"Pelican's Nest Golf Club","FL","Bonita Springs, FL","S","60.9","104","63.9","106","3978","5 5 5 5 5 5 5 4 4 4 4 3 3 3 3 3 3 3","17 9 5 15 1 13 11 7 3 8 18 2 4 16 14 6 10 12"
"Oakwood Golf Club","FL","Lake Wales, FL","Black","73.2","141","","","6681","4 5 3 4 3 4 3 5 4 4 3 4 4 5 5 3 4 4","5 9 17 1 11 3 13 15 7 16 18 2 12 6 4 10 14 8"
"Oakwood Golf Club","FL","Lake Wales, FL","Gold","71.2","135","","","6262","4 5 3 4 3 4 3 5 4 4 3 4 4 5 5 3 4 4","5 9 17 1 11 3 13 15 7 16 18 2 12 6 4 10 14 8"
"Oakwood Golf Club","FL","Lake Wales, FL","Blue","68.9","128","73.7","135","5786","4 5 3 4 3 4 3 5 4 4 3 4 4 5 5 3 4 4","5 9 17 1 11 3 13 15 7 16 18 2 12 6 4 10 14 8"
"Oakwood Golf Club","FL","Lake Wales, FL","Silver","66","116","70.5","121","5134","4 5 3 4 3 4 3 5 4 4 3 4 4 5 5 3 4 4","5 9 17 1 11 3 13 15 7 16 18 2 12 6 4 10 14 8"
"Oakwood Golf Club","FL","Lake Wales, FL","Green","64.8","113","69.2","117","4906","4 5 3 4 3 4 3 5 4 4 3 4 4 5 5 3 4 4","5 9 17 1 11 3 13 15 7 16 18 2 12 6 4 10 14 8"
"Timber Pines Country Club","FL","FL","Blue","70.7","126","","","6306","4 3 5 4 4 5 3 4 4 4 4 4 3 5 3 4 5 4","9 17 1 13 11 5 15 7 3 14 6 10 18 2 16 12 8 4"
"Bocaire Country Club","FL","FL","Black","73.6","136","","","7041","4 5 3 5 4 4 4 3 4 5 4 3 4 4 4 3 5 4","13 5 15 1 3 9 11 17 7 8 16 18 2 6 12 14 10 4"
"Bocaire Country Club","FL","FL","Gold","72.6","135","","","6826","4 5 3 5 4 4 4 3 4 5 4 3 4 4 4 3 5 4","13 5 15 1 3 9 11 17 7 8 16 18 2 6 12 14 10 4"
"Bocaire Country Club","FL","FL","Blue","70.7","126","","","6442","4 5 3 5 4 4 4 3 4 5 4 3 4 4 4 3 5 4","13 5 15 1 3 9 11 17 7 8 16 18 2 6 12 14 10 4"
"Bocaire Country Club","FL","FL","Blue/White","69.5","126","","","6182","4 5 3 5 4 4 4 3 4 5 4 3 4 4 4 3 5 4","13 5 15 1 3 9 11 17 7 8 16 18 2 6 12 14 10 4"
"Bocaire Country Club","FL","FL","White","68.9","123","74.4","133","6004","4 5 3 5 4 4 4 3 4 5 4 3 4 4 4 3 5 4","13 5 15 1 3 9 11 17 7 8 16 18 2 6 12 14 10 4"
"Bocaire Country Club","FL","FL","Silver","66.6","116","71.6","127","5540","4 5 3 5 4 4 4 3 4 5 4 3 4 4 4 3 5 4","13 5 15 1 3 9 11 17 7 8 16 18 2 6 12 14 10 4"
"Bocaire Country Club","FL","FL","Red","","","69.6","121","5180","4 5 3 5 4 4 4 3 4 5 4 3 4 4 4 3 5 4","13 5 15 1 3 9 11 17 7 8 16 18 2 6 12 14 10 4"
"Bocaire Country Club","FL","FL","Green","","","66.1","114","4730","4 5 3 5 4 4 4 3 4 5 4 3 4 4 4 3 5 4","13 5 15 1 3 9 11 17 7 8 16 18 2 6 12 14 10 4"
"Marsh Creek Country Club","FL","FL","Gold","73.9","149","","","6883","4 4 5 3 4 4 3 4 5 4 5 4 4 4 3 5 3 4","10 6 16 18 4 12 14 2 8 1 5 13 11 9 15 7 17 3"
"Marsh Creek Country Club","FL","FL","Blue","71.7","140","","","6348","4 4 5 3 4 4 3 4 5 4 5 4 4 4 3 5 3 4","10 6 16 18 4 12 14 2 8 1 5 13 11 9 15 7 17 3"
"Marsh Creek Country Club","FL","FL","Black","70.2","133","","","6062","4 4 5 3 4 4 3 4 5 4 5 4 4 4 3 5 3 4","10 6 16 18 4 12 14 2 8 1 5 13 11 9 15 7 17 3"
"Marsh Creek Country Club","FL","FL","White","69.7","125","","","5778","4 4 5 3 4 4 3 4 5 4 5 4 4 4 3 5 3 4","10 6 16 18 4 12 14 2 8 1 5 13 11 9 15 7 17 3"
"Marsh Creek Country Club","FL","FL","Green","66.3","111","71.3","127","5013","4 4 5 3 4 4 3 4 5 4 5 4 4 4 3 5 3 4","10 6 16 18 4 12 14 2 8 1 5 13 11 9 15 7 17 3"
"Marsh Creek Country Club","FL","FL","Red","","","68.1","116","4432","4 4 5 3 4 4 3 4 5 4 5 4 4 4 3 5 3 4","10 6 16 18 4 12 14 2 8 1 5 13 11 9 15 7 17 3"
"Bonita Bay East","FL","FL","Tee V","74.3","141","","","7059","4 3 4 5 3 4 4 5 4 4 3 5 4 4 5 3 4 4","3 15 7 17 5 11 1 13 9 6 16 14 2 18 10 8 12 4"
"Bonita Bay East","FL","FL","Tee IV-V","72.9","138","","","6758","4 3 4 5 3 4 4 5 4 4 3 5 4 4 5 3 4 4","3 15 7 17 5 11 1 13 9 6 16 14 2 18 10 8 12 4"
"Bonita Bay East","FL","FL","Tee IV","71.8","136","","","6485","4 3 4 5 3 4 4 5 4 4 3 5 4 4 5 3 4 4","3 15 7 17 5 11 1 13 9 6 16 14 2 18 10 8 12 4"
"Bonita Bay East","FL","FL","Tee III-IV","70.7","133","76.7","138","6248","4 3 4 5 3 4 4 5 4 4 3 5 4 4 5 3 4 4","3 15 7 17 5 11 1 13 9 6 16 14 2 18 10 8 12 4"
"Bonita Bay East","FL","FL","Tee III","69.9","126","73.8","132","6004","4 3 4 5 3 4 4 5 4 4 3 5 4 4 5 3 4 4","3 15 7 17 5 11 1 13 9 6 16 14 2 18 10 8 12 4"
"Bonita Bay East","FL","FL","Tee II-III","68","120","73.1","131","5608","4 3 4 5 3 4 4 5 4 4 3 5 4 4 5 3 4 4","3 15 7 17 5 11 1 13 9 6 16 14 2 18 10 8 12 4"
"Bonita Bay East","FL","FL","Tee II","66.7","118","71.7","127","5355","4 3 4 5 3 4 4 5 4 4 3 5 4 4 5 3 4 4","3 15 7 17 5 11 1 13 9 6 16 14 2 18 10 8 12 4"
"Bonita Bay East","FL","FL","Tee I-II","65.9","116","70.8","124","5161","4 3 4 5 3 4 4 5 4 4 3 5 4 4 5 3 4 4","3 15 7 17 5 11 1 13 9 6 16 14 2 18 10 8 12 4"
"Bonita Bay East","FL","FL","Tee I","","","69.8","122","4972","4 3 4 5 3 4 4 5 4 4 3 5 4 4 5 3 4 4","3 15 7 17 5 11 1 13 9 6 16 14 2 18 10 8 12 4"
"Lely Resort Golf And Country Club","FL","Naples, FL","Championship/Black","75.1","134","","","7230","5 4 4 4 3 4 5 3 4 5 4 3 4 5 4 3 4 4","11 9 7 1 17 5 13 15 3 10 4 14 6 8 2 16 12 18"
"Lely Resort Golf And Country Club","FL","Naples, FL","Back/Green","72.4","128","","","6627","5 4 4 4 3 4 5 3 4 5 4 3 4 5 4 3 4 4","11 9 7 1 17 5 13 15 3 10 4 14 6 8 2 16 12 18"
"Lely Resort Golf And Country Club","FL","Naples, FL","Mustang/Green-White","70.6","123","","","6242","5 4 4 4 3 4 5 3 4 5 4 3 4 5 4 3 4 4","11 9 7 1 17 5 13 15 3 10 4 14 6 8 2 16 12 18"
"Lely Resort Golf And Country Club","FL","Naples, FL","Middle/White","69.6","121","75.2","132","6018","5 4 4 4 3 4 5 3 4 5 4 3 4 5 4 3 4 4","11 9 7 1 17 5 13 15 3 10 4 14 6 8 2 16 12 18"
"Lely Resort Golf And Country Club","FL","Naples, FL","Mustang/White-Aqua","68","119","","","5567","5 4 4 4 3 4 5 3 4 5 4 3 4 5 4 3 4 4","11 9 7 1 17 5 13 15 3 10 4 14 6 8 2 16 12 18"
"Lely Resort Golf And Country Club","FL","Naples, FL","Forward/Aqua","65.3","117","70.9","123","5249","5 4 4 4 3 4 5 3 4 5 4 3 4 5 4 3 4 4","11 9 7 1 17 5 13 15 3 10 4 14 6 8 2 16 12 18"
"Grey Oaks Country Club","FL","FL","I","75","147","","","7131","5 3 5 4 4 3 4 4 4 4 5 3 4 4 4 4 3 5","15 7 11 1 9 17 5 13 3 6 14 8 16 2 12 10 18 4"
"Grey Oaks Country Club","FL","FL","II","73.4","144","","","6778","5 3 5 4 4 3 4 4 4 4 5 3 4 4 4 4 3 5","15 7 11 1 9 17 5 13 3 6 14 8 16 2 12 10 18 4"
"Grey Oaks Country Club","FL","FL","III","71.3","138","77.6","138","6337","5 3 5 4 4 3 4 4 4 4 5 3 4 4 4 4 3 5","15 7 11 1 9 17 5 13 3 6 14 8 16 2 12 10 18 4"
"Grey Oaks Country Club","FL","FL","III/IV","69.8","130","","","6033","5 3 5 4 4 3 4 4 4 4 5 3 4 4 4 4 3 5","15 7 11 1 9 17 5 13 3 6 14 8 16 2 12 10 18 4"
"Grey Oaks Country Club","FL","FL","IV","67.9","125","73.7","132","5651","5 3 5 4 4 3 4 4 4 4 5 3 4 4 4 4 3 5","15 7 11 1 9 17 5 13 3 6 14 8 16 2 12 10 18 4"
"Grey Oaks Country Club","FL","FL","V","65.1","118","70.1","123","5007","5 3 5 4 4 3 4 4 4 4 5 3 4 4 4 4 3 5","15 7 11 1 9 17 5 13 3 6 14 8 16 2 12 10 18 4"
"Pelican Marsh Golf Club","FL","FL","I","74.5","136","","","7050","4 5 4 3 4 5 4 3 4 4 4 3 5 4 4 5 3 4","13 7 3 17 11 1 9 15 5 14 2 16 4 12 8 10 18 6"
"Pelican Marsh Golf Club","FL","FL","II","72.5","132","","","6626","4 5 4 3 4 5 4 3 4 4 4 3 5 4 4 5 3 4","13 7 3 17 11 1 9 15 5 14 2 16 4 12 8 10 18 6"
"Pelican Marsh Golf Club","FL","FL","III","70.5","130","","","6234","4 5 4 3 4 5 4 3 4 4 4 3 5 4 4 5 3 4","13 7 3 17 11 1 9 15 5 14 2 16 4 12 8 10 18 6"
"Pelican Marsh Golf Club","FL","FL","IV","68.8","127","74.2","134","5963","4 5 4 3 4 5 4 3 4 4 4 3 5 4 4 5 3 4","13 7 3 17 11 1 9 15 5 14 2 16 4 12 8 10 18 6"
"Pelican Marsh Golf Club","FL","FL","V","67.2","124","72.4","129","5564","4 5 4 3 4 5 4 3 4 4 4 3 5 4 4 5 3 4","13 7 3 17 11 1 9 15 5 14 2 16 4 12 8 10 18 6"
"Pelican Marsh Golf Club","FL","FL","VI","64.5","118","69.4","119","4959","4 5 4 3 4 5 4 3 4 4 4 3 5 4 4 5 3 4","13 7 3 17 11 1 9 15 5 14 2 16 4 12 8 10 18 6"
"Pelican Marsh Golf Club","FL","FL","VII","61","110","64","108","4020","4 5 4 3 4 5 4 3 4 4 4 3 5 4 4 5 3 4","13 7 3 17 11 1 9 15 5 14 2 16 4 12 8 10 18 6"
"Tiburón Golf Club","FL","FL","Championship","74.6","147","","","6949","4 4 4 3 4 5 3 4 5 3 4 4 3 4 5 4 4 5","5 1 9 15 13 7 17 11 3 16 14 8 18 6 12 2 4 10"
"Tiburón Golf Club","FL","FL","Back","71.5","144","","","6465","4 4 4 3 4 5 3 4 5 3 4 4 3 4 5 4 4 5","5 1 9 15 13 7 17 11 3 16 14 8 18 6 12 2 4 10"
"Tiburón Golf Club","FL","FL","Tiburón","70.2","131","","","6049","4 4 4 3 4 5 3 4 5 3 4 4 3 4 5 4 4 5","5 1 9 15 13 7 17 11 3 16 14 8 18 6 12 2 4 10"
"Tiburón Golf Club","FL","FL","Middle","68.6","114","73","136","5590","4 4 4 3 4 5 3 4 5 3 4 4 3 4 5 4 4 5","5 1 9 15 13 7 17 11 3 16 14 8 18 6 12 2 4 10"
"Tiburón Golf Club","FL","FL","Forward","65.3","103","69.9","117","4878","4 4 4 3 4 5 3 4 5 3 4 4 3 4 5 4 4 5","5 1 9 15 13 7 17 11 3 16 14 8 18 6 12 2 4 10"
"Tiburón Golf Club","FL","FL","Family","62.2","99","64.7","98","3975","4 4 4 3 4 5 3 4 5 3 4 4 3 4 5 4 4 5","5 1 9 15 13 7 17 11 3 16 14 8 18 6 12 2 4 10"
"Bay Colony Golf Club","FL","FL","Championship","75.1","145","","","7114","4 3 4 3 4 5 4 4 5 5 3 4 4 5 4 3 4 4","10 16 14 18 8 2 6 12 4 3 15 11 5 1 13 17 7 9"
"Bay Colony Golf Club","FL","FL","Back","73.4","142","","","6740","4 3 4 3 4 5 4 4 5 5 3 4 4 5 4 3 4 4","10 16 14 18 8 2 6 12 4 3 15 11 5 1 13 17 7 9"
"Bay Colony Golf Club","FL","FL","Middle","71.4","134","","","6303","4 3 4 3 4 5 4 4 5 5 3 4 4 5 4 3 4 4","10 16 14 18 8 2 6 12 4 3 15 11 5 1 13 17 7 9"
"Bay Colony Golf Club","FL","FL","Bay Colony","70.5","132","","","6114","4 3 4 3 4 5 4 4 5 5 3 4 4 5 4 3 4 4","10 16 14 18 8 2 6 12 4 3 15 11 5 1 13 17 7 9"
"Bay Colony Golf Club","FL","FL","Member","68.7","129","74.9","137","5878","4 3 4 3 4 5 4 4 5 5 3 4 4 5 4 3 4 4","10 16 14 18 8 2 6 12 4 3 15 11 5 1 13 17 7 9"
"Bay Colony Golf Club","FL","FL","Forward","64.9","120","69.8","124","5088","4 3 4 3 4 5 4 4 5 5 3 4 4 5 4 3 4 4","10 16 14 18 8 2 6 12 4 3 15 11 5 1 13 17 7 9"
"Palm Aire Country Club","FL","Pompano Beach, FL","Blue","73.1","128","","","6910","4 4 4 3 5 3 4 4 4 4 5 3 4 4 4 3 5 4","3 11 7 17 9 15 13 1 5 2 12 18 14 4 8 16 6 10"
"Palm Aire Country Club","FL","Pompano Beach, FL","Green","70.9","123","","","6370","4 4 4 3 5 3 4 4 4 4 5 3 4 4 4 3 5 4","3 11 7 17 9 15 13 1 5 2 12 18 14 4 8 16 6 10"
"Palm Aire Country Club","FL","Pompano Beach, FL","White","68.4","121","73.3","125","5855","4 4 4 3 5 3 4 4 4 4 5 3 4 4 4 3 5 4","3 11 7 17 9 15 13 1 5 2 12 18 14 4 8 16 6 10"
"Palm Aire Country Club","FL","Pompano Beach, FL","Gold","66.3","118","71.9","122","5459","4 4 4 3 5 3 4 4 4 4 5 3 4 4 4 3 5 4","3 11 7 17 9 15 13 1 5 2 12 18 14 4 8 16 6 10"
"Palm Aire Country Club","FL","Pompano Beach, FL","Red","63.5","103","68.2","116","4860","4 4 4 3 5 3 4 4 4 4 5 3 4 4 4 3 5 4","3 11 7 17 9 15 13 1 5 2 12 18 14 4 8 16 6 10"
"Avila Golf & Country Club","FL","Tampa, FL","Gold","73.6","141","","","6926","4 4 4 5 3 4 4 3 4 4 5 4 4 3 4 5 3 4","9 11 5 1 17 7 3 15 13 10 2 8 14 16 6 4 18 12"
"Avila Golf & Country Club","FL","Tampa, FL","Blue","72","137","","","6566","4 4 4 5 3 4 4 3 4 4 5 4 4 3 4 5 3 4","9 11 5 1 17 7 3 15 13 10 2 8 14 16 6 4 18 12"
"Avila Golf & Country Club","FL","Tampa, FL","Member","70.6","132","","","6258","4 4 4 5 3 4 4 3 4 4 5 4 4 3 4 5 3 4","9 11 5 1 17 7 3 15 13 10 2 8 14 16 6 4 18 12"
"Avila Golf & Country Club","FL","Tampa, FL","White","69.8","130","","","6080","4 4 4 5 3 4 4 3 4 4 5 4 4 3 4 5 3 4","9 11 5 1 17 7 3 15 13 10 2 8 14 16 6 4 18 12"
"Avila Golf & Country Club","FL","Tampa, FL","Senior","68.3","125","73.8","143","5433","4 4 4 5 3 4 4 3 4 4 5 4 4 3 4 5 3 4","9 11 5 1 17 7 3 15 13 10 2 8 14 16 6 4 18 12"
"Avila Golf & Country Club","FL","Tampa, FL","Red","","","69.9","124","4890","4 4 4 5 3 4 4 3 4 4 5 4 4 3 4 5 3 4","9 11 5 1 17 7 3 15 13 10 2 8 14 16 6 4 18 12"
"Bear Lakes Country Club","FL","FL","Gold","76.2","147","","","7392","5 5 5 5 5 5 5 5 4 4 3 3 3 3 3 3 3 3","7 1 13 17 5 3 11 15 9 8 14 4 18 2 12 16 6 10"
"Bear Lakes Country Club","FL","FL","Black","74.2","143","","","6948","5 5 5 5 5 5 5 5 4 4 3 3 3 3 3 3 3 3","7 1 13 17 5 3 11 15 9 8 14 4 18 2 12 16 6 10"
"Bear Lakes Country Club","FL","FL","Silver","72.2","137","","","6615","5 5 5 5 5 5 5 5 4 4 3 3 3 3 3 3 3 3","7 1 13 17 5 3 11 15 9 8 14 4 18 2 12 16 6 10"
"Bear Lakes Country Club","FL","FL","Blue","69.9","133","","","6128","5 5 5 5 5 5 5 5 4 4 3 3 3 3 3 3 3 3","7 1 13 17 5 3 11 15 9 8 14 4 18 2 12 16 6 10"
"Bear Lakes Country Club","FL","FL","White","67.9","124","","","5690","5 5 5 5 5 5 5 5 4 4 3 3 3 3 3 3 3 3","7 1 13 17 5 3 11 15 9 8 14 4 18 2 12 16 6 10"
"Bear Lakes Country Club","FL","FL","Red","","","69.1","121","5044","5 5 5 5 5 5 5 5 4 4 3 3 3 3 3 3 3 3","7 1 13 17 5 3 11 15 9 8 14 4 18 2 12 16 6 10"
"Deer Creek Golf Club","FL","FL","Gold","75.3","137","","","7050","5 5 5 5 5 5 5 4 4 4 4 3 3 3 3 3 3 3","13 7 3 17 1 9 11 15 5 14 18 6 10 16 2 8 12 4"
"Deer Creek Golf Club","FL","FL","Blue","73.6","133","","","6717","5 5 5 5 5 5 5 4 4 4 4 3 3 3 3 3 3 3","13 7 3 17 1 9 11 15 5 14 18 6 10 16 2 8 12 4"
"Deer Creek Golf Club","FL","FL","White","71.8","129","","","6333","5 5 5 5 5 5 5 4 4 4 4 3 3 3 3 3 3 3","13 7 3 17 1 9 11 15 5 14 18 6 10 16 2 8 12 4"
"Deer Creek Golf Club","FL","FL","Green","69.8","126","","","5918","5 5 5 5 5 5 5 4 4 4 4 3 3 3 3 3 3 3","13 7 3 17 1 9 11 15 5 14 18 6 10 16 2 8 12 4"
"Deer Creek Golf Club","FL","FL","Silver","61.5","105","65.2","117","4180","5 5 5 5 5 5 5 4 4 4 4 3 3 3 3 3 3 3","13 7 3 17 1 9 11 15 5 14 18 6 10 16 2 8 12 4"
"Deer Creek Golf Club","FL","FL","Red","","","71.7","128","5300","5 5 5 5 5 5 5 4 4 4 4 3 3 3 3 3 3 3","13 7 3 17 1 9 11 15 5 14 18 6 10 16 2 8 12 4"
"BallenIsles","FL","FL","Black","75","143","","","7189","4 4 5 3 4 3 5 4 4 4 3 5 4 4 4 3 5 4","13 3 1 15 11 17 9 7 5 10 16 2 8 12 14 18 6 4"
"BallenIsles","FL","FL","Gold","72.5","139","","","6634","4 4 5 3 4 3 5 4 4 4 3 5 4 4 4 3 5 4","13 3 1 15 11 17 9 7 5 10 16 2 8 12 14 18 6 4"
"BallenIsles","FL","FL","Gold/Blue","71.1","137","","","6405","4 4 5 3 4 3 5 4 4 4 3 5 4 4 4 3 5 4","13 3 1 15 11 17 9 7 5 10 16 2 8 12 14 18 6 4"
"BallenIsles","FL","FL","Blue","70.3","134","","","6216","4 4 5 3 4 3 5 4 4 4 3 5 4 4 4 3 5 4","13 3 1 15 11 17 9 7 5 10 16 2 8 12 14 18 6 4"
"BallenIsles","FL","FL","Blue/White","71.1","126","","","5790","4 4 5 3 4 3 5 4 4 4 3 5 4 4 4 3 5 4","13 3 1 15 11 17 9 7 5 10 16 2 8 12 14 18 6 4"
"BallenIsles","FL","FL","White","67.3","121","71.9","136","5485","4 4 5 3 4 3 5 4 4 4 3 5 4 4 4 3 5 4","13 3 1 15 11 17 9 7 5 10 16 2 8 12 14 18 6 4"
"BallenIsles","FL","FL","Green","64.9","117","69.9","126","4986","4 4 5 3 4 3 5 4 4 4 3 5 4 4 4 3 5 4","13 3 1 15 11 17 9 7 5 10 16 2 8 12 14 18 6 4"
"BallenIsles","FL","FL","Short","62.6","113","67","119","4479","4 4 5 3 4 3 5 4 4 4 3 5 4 4 4 3 5 4","13 3 1 15 11 17 9 7 5 10 16 2 8 12 14 18 6 4"
"BallenIsles","FL","FL","White/Green","","","71.6","128","5255","4 4 5 3 4 3 5 4 4 4 3 5 4 4 4 3 5 4","13 3 1 15 11 17 9 7 5 10 16 2 8 12 14 18 6 4"
"Venetian Bay Golf Club","FL","New Smyrna Beach, FL","Gold","72.9","132","","","7072","5 4 3 4 5 3 4 4 4 4 5 3 4 4 4 3 5 4","15 1 7 3 17 9 5 11 13 2 16 14 4 6 10 12 18 8"
"Venetian Bay Golf Club","FL","New Smyrna Beach, FL","Blue","70.9","127","","","6553","5 4 3 4 5 3 4 4 4 4 5 3 4 4 4 3 5 4","15 1 7 3 17 9 5 11 13 2 16 14 4 6 10 12 18 8"
"Venetian Bay Golf Club","FL","New Smyrna Beach, FL","Tournament","69.8","124","","","6260","5 4 3 4 5 3 4 4 4 4 5 3 4 4 4 3 5 4","15 1 7 3 17 9 5 11 13 2 16 14 4 6 10 12 18 8"
"Venetian Bay Golf Club","FL","New Smyrna Beach, FL","White","68.4","119","","","6032","5 4 3 4 5 3 4 4 4 4 5 3 4 4 4 3 5 4","15 1 7 3 17 9 5 11 13 2 16 14 4 6 10 12 18 8"
"Venetian Bay Golf Club","FL","New Smyrna Beach, FL","Combo","66.2","113","","","5715","5 4 3 4 5 3 4 4 4 4 5 3 4 4 4 3 5 4","15 1 7 3 17 9 5 11 13 2 16 14 4 6 10 12 18 8"
"Venetian Bay Golf Club","FL","New Smyrna Beach, FL","Green","65.3","111","","","5297","5 4 3 4 5 3 4 4 4 4 5 3 4 4 4 3 5 4","15 1 7 3 17 9 5 11 13 2 16 14 4 6 10 12 18 8"
"Venetian Bay Golf Club","FL","New Smyrna Beach, FL","Red","63.3","103","","","4876","5 4 3 4 5 3 4 4 4 4 5 3 4 4 4 3 5 4","15 1 7 3 17 9 5 11 13 2 16 14 4 6 10 12 18 8"
"Eglin Golf Course","FL","Niceville, FL","Blue","72.9","137","","","6567","4 3 5 4 3 4 4 4 5 4 4 5 3 4 4 3 4 5","5 17 7 13 9 11 1 3 15 18 4 8 12 10 6 16 2 14"
"Eglin Golf Course","FL","Niceville, FL","White","71.2","132","","","6316","4 3 5 4 3 4 4 4 5 4 4 5 3 4 4 3 4 5","5 17 7 13 9 11 1 3 15 18 4 8 12 10 6 16 2 14"
"Eglin Golf Course","FL","Niceville, FL","Gold","67.6","124","","","5511","4 3 5 4 3 4 4 4 5 4 4 5 3 4 4 3 4 5","5 17 7 13 9 11 1 3 15 18 4 8 12 10 6 16 2 14"
"Eglin Golf Course","FL","Niceville, FL","Red","","","70.1","121","5158","4 3 5 4 3 4 4 4 5 4 4 5 3 4 4 3 4 5","5 17 7 13 9 11 1 3 15 18 4 8 12 10 6 16 2 14"
"Oceanside Country Club","FL","Ormond Beach, FL","Gold","72.4","136","","","6567","4 4 4 3 4 5 5 4 3 4 4 5 4 3 4 3 5 4","7 1 5 17 15 13 11 3 9 2 14 8 16 10 4 18 12 6"
"Oceanside Country Club","FL","Ormond Beach, FL","Blue","70.2","132","","","6134","4 4 4 3 4 5 5 4 3 4 4 5 4 3 4 3 5 4","7 1 5 17 15 13 11 3 9 2 14 8 16 10 4 18 12 6"
"Oceanside Country Club","FL","Ormond Beach, FL","White","67.6","126","73.2","133","5582","4 4 4 3 4 5 5 4 3 4 4 5 4 3 4 3 5 4","7 1 5 17 15 13 11 3 9 2 14 8 16 10 4 18 12 6"
"Oceanside Country Club","FL","Ormond Beach, FL","Green","64.8","114","69.7","126","5089","4 4 4 3 4 5 5 4 3 4 4 5 4 3 4 3 5 4","7 1 5 17 15 13 11 3 9 2 14 8 16 10 4 18 12 6"
"Oceanside Country Club","FL","Ormond Beach, FL","Yellow","58.9","98","60.2","96","3495","4 4 4 3 4 5 5 4 3 4 4 5 4 3 4 3 5 4","7 1 5 17 15 13 11 3 9 2 14 8 16 10 4 18 12 6"
"Gator Trace Golf & Country Club","FL","Fort Pierce, FL","Blue","68.9","123","","","6092","4 4 4 4 4 4 4 4 3 5 4 4 3 4 4 4 3 4","13 15 5 9 7 17 1 3 11 18 2 6 12 4 14 8 16 10"
"Gator Trace Golf & Country Club","FL","Fort Pierce, FL","White","66.9","116","","","5530","4 4 4 4 4 4 4 4 3 5 4 4 3 4 4 4 3 4","13 15 5 9 7 17 1 3 11 18 2 6 12 4 14 8 16 10"
"Gator Trace Golf & Country Club","FL","Fort Pierce, FL","Red","67.1","122","","","4573","4 4 4 4 4 4 4 4 3 5 4 4 3 4 4 4 3 4","13 15 5 9 7 17 1 3 11 18 2 6 12 4 14 8 16 10"
"Deering Bay Yacht & Country Club","FL","Miami, FL","Gold","72","144","","","6503","4 3 4 4 3 5 4 3 5 5 4 3 4 4 5 3 4 4","17 9 5 1 15 7 3 11 13 12 18 8 2 6 14 10 16 4"
"Deering Bay Yacht & Country Club","FL","Miami, FL","Gold/Blue","71.3","143","","","6333","4 3 4 4 3 5 4 3 5 5 4 3 4 4 5 3 4 4","17 9 5 1 15 7 3 11 13 12 18 8 2 6 14 10 16 4"
"Deering Bay Yacht & Country Club","FL","Miami, FL","Blue","70","134","","","6123","4 3 4 4 3 5 4 3 5 5 4 3 4 4 5 3 4 4","17 9 5 1 15 7 3 11 13 12 18 8 2 6 14 10 16 4"
"Deering Bay Yacht & Country Club","FL","Miami, FL","Blue/White","69.2","126","","","5878","4 3 4 4 3 5 4 3 5 5 4 3 4 4 5 3 4 4","17 9 5 1 15 7 3 11 13 12 18 8 2 6 14 10 16 4"
"Deering Bay Yacht & Country Club","FL","Miami, FL","White","68.1","124","73.3","146","5655","4 3 4 4 3 5 4 3 5 5 4 3 4 4 5 3 4 4","17 9 5 1 15 7 3 11 13 12 18 8 2 6 14 10 16 4"
"Deering Bay Yacht & Country Club","FL","Miami, FL","Green","65.6","118","70.2","127","5152","4 3 4 4 3 5 4 3 5 5 4 3 4 4 5 3 4 4","17 9 5 1 15 7 3 11 13 12 18 8 2 6 14 10 16 4"
"Deering Bay Yacht & Country Club","FL","Miami, FL","Red","","","66.4","118","4512","4 3 4 4 3 5 4 3 5 5 4 3 4 4 5 3 4 4","17 9 5 1 15 7 3 11 13 12 18 8 2 6 14 10 16 4"
"Esplanade Golf & Country Club","FL","Bradenton, FL","Black","73.8","134","","","6983","4 5 4 3 4 5 4 3 4 4 5 3 5 4 3 4 4 4","15 7 1 13 17 11 3 9 5 18 6 10 16 14 12 2 4 8"
"Esplanade Golf & Country Club","FL","Bradenton, FL","Gold","71.4","129","77.1","134","6457","4 5 4 3 4 5 4 3 4 4 5 3 5 4 3 4 4 4","15 7 1 13 17 11 3 9 5 18 6 10 16 14 12 2 4 8"
"Esplanade Golf & Country Club","FL","Bradenton, FL","Gold/Silver","70.7","126","76.3","132","6226","4 5 4 3 4 5 4 3 4 4 5 3 5 4 3 4 4 4","15 7 1 13 17 11 3 9 5 18 6 10 16 14 12 2 4 8"
"Esplanade Golf & Country Club","FL","Bradenton, FL","Silver","69.5","123","75","128","6061","4 5 4 3 4 5 4 3 4 4 5 3 5 4 3 4 4 4","15 7 1 13 17 11 3 9 5 18 6 10 16 14 12 2 4 8"
"Esplanade Golf & Country Club","FL","Bradenton, FL","Silver/Copper","68.6","120","","","5802","4 5 4 3 4 5 4 3 4 4 5 3 5 4 3 4 4 4","15 7 1 13 17 11 3 9 5 18 6 10 16 14 12 2 4 8"
"Esplanade Golf & Country Club","FL","Bradenton, FL","Copper","66.9","115","71.6","122","5460","4 5 4 3 4 5 4 3 4 4 5 3 5 4 3 4 4 4","15 7 1 13 17 11 3 9 5 18 6 10 16 14 12 2 4 8"
"Esplanade Golf & Country Club","FL","Bradenton, FL","Copper/Jade","65.5","113","70.2","119","5109","4 5 4 3 4 5 4 3 4 4 5 3 5 4 3 4 4 4","15 7 1 13 17 11 3 9 5 18 6 10 16 14 12 2 4 8"
"Esplanade Golf & Country Club","FL","Bradenton, FL","Jade","63.7","109","67.9","117","4770","4 5 4 3 4 5 4 3 4 4 5 3 5 4 3 4 4 4","15 7 1 13 17 11 3 9 5 18 6 10 16 14 12 2 4 8"
"Esplanade Golf & Country Club","FL","Bradenton, FL","Silver/Coopper","","","73.7","127","5802","4 5 4 3 4 5 4 3 4 4 5 3 5 4 3 4 4 4","15 7 1 13 17 11 3 9 5 18 6 10 16 14 12 2 4 8"
"Esplanade Golf & Country Club","FL","Naples, FL","Black","73.8","134","","","6983","4 5 4 3 4 5 4 3 4 4 5 3 5 4 3 4 4 4","15 7 1 13 17 11 3 9 5 18 6 10 16 14 12 2 4 8"
"Esplanade Golf & Country Club","FL","Naples, FL","Gold","71.4","129","77.1","134","6457","4 5 4 3 4 5 4 3 4 4 5 3 5 4 3 4 4 4","15 7 1 13 17 11 3 9 5 18 6 10 16 14 12 2 4 8"
"Esplanade Golf & Country Club","FL","Naples, FL","Gold/Silver","70.7","126","76.3","132","6226","4 5 4 3 4 5 4 3 4 4 5 3 5 4 3 4 4 4","15 7 1 13 17 11 3 9 5 18 6 10 16 14 12 2 4 8"
"Esplanade Golf & Country Club","FL","Naples, FL","Silver","69.5","123","75","128","6061","4 5 4 3 4 5 4 3 4 4 5 3 5 4 3 4 4 4","15 7 1 13 17 11 3 9 5 18 6 10 16 14 12 2 4 8"
"Esplanade Golf & Country Club","FL","Naples, FL","Silver/Copper","68.6","120","","","5802","4 5 4 3 4 5 4 3 4 4 5 3 5 4 3 4 4 4","15 7 1 13 17 11 3 9 5 18 6 10 16 14 12 2 4 8"
"Esplanade Golf & Country Club","FL","Naples, FL","Copper","66.9","115","71.6","122","5460","4 5 4 3 4 5 4 3 4 4 5 3 5 4 3 4 4 4","15 7 1 13 17 11 3 9 5 18 6 10 16 14 12 2 4 8"
"Esplanade Golf & Country Club","FL","Naples, FL","Copper/Jade","65.5","113","70.2","119","5109","4 5 4 3 4 5 4 3 4 4 5 3 5 4 3 4 4 4","15 7 1 13 17 11 3 9 5 18 6 10 16 14 12 2 4 8"
"Esplanade Golf & Country Club","FL","Naples, FL","Jade","63.7","109","67.9","117","4770","4 5 4 3 4 5 4 3 4 4 5 3 5 4 3 4 4 4","15 7 1 13 17 11 3 9 5 18 6 10 16 14 12 2 4 8"
"Esplanade Golf & Country Club","FL","Naples, FL","Silver/Coopper","","","73.7","127","5802","4 5 4 3 4 5 4 3 4 4 5 3 5 4 3 4 4 4","15 7 1 13 17 11 3 9 5 18 6 10 16 14 12 2 4 8"
"Fox Hollow Golf Club","FL","Trinity, FL","Black","74.6","134","","","7079","4 4 4 5 3 4 4 3 4 4 5 3 4 4 5 3 4 4","13 11 1 9 17 5 3 15 7 14 6 16 12 2 10 18 8 4"
"Fox Hollow Golf Club","FL","Trinity, FL","Blue","72.8","130","","","6757","4 4 4 5 3 4 4 3 4 4 5 3 4 4 5 3 4 4","13 11 1 9 17 5 3 15 7 14 6 16 12 2 10 18 8 4"
"Fox Hollow Golf Club","FL","Trinity, FL","White","71.2","125","","","6288","4 4 4 5 3 4 4 3 4 4 5 3 4 4 5 3 4 4","13 11 1 9 17 5 3 15 7 14 6 16 12 2 10 18 8 4"
"Fox Hollow Golf Club","FL","Trinity, FL","Gold","68.3","122","75.4","137","5908","4 4 4 5 3 4 4 3 4 4 5 3 4 4 5 3 4 4","13 11 1 9 17 5 3 15 7 14 6 16 12 2 10 18 8 4"
"Fox Hollow Golf Club","FL","Trinity, FL","Red","","","70.9","125","4825","4 4 4 5 3 4 4 3 4 4 5 3 4 4 5 3 4 4","13 11 1 9 17 5 3 15 7 14 6 16 12 2 10 18 8 4"
"Heritage Springs Golf Course","FL","Trinity, FL","Gold","69.5","127","","","6132","4 3 5 4 3 4 4 4 4 4 3 5 4 5 3 4 4 4","7 15 1 3 17 9 5 13 11 12 10 14 6 4 18 16 2 8"
"Heritage Springs Golf Course","FL","Trinity, FL","White","67.1","118","","","5561","4 3 5 4 3 4 4 4 4 4 3 5 4 5 3 4 4 4","7 15 1 3 17 9 5 13 11 12 10 14 6 4 18 16 2 8"
"Heritage Springs Golf Course","FL","Trinity, FL","Green","65","105","69.1","121","5060","4 3 5 4 3 4 4 4 4 4 3 5 4 5 3 4 4 4","7 15 1 3 17 9 5 13 11 12 10 14 6 4 18 16 2 8"
"Heritage Springs Golf Course","FL","Trinity, FL","Terra Cotta","","","65.7","112","4506","4 3 5 4 3 4 4 4 4 4 3 5 4 5 3 4 4 4","7 15 1 3 17 9 5 13 11 12 10 14 6 4 18 16 2 8"
"Babcock National","FL","Punta Gorda","Grey","74.4","129","","","7176","4 4 3 4 5 4 5 3 4 5 4 4 3 4 4 4 3 5","13 11 5 15 9 1 3 17 7 16 8 4 12 10 2 18 14 6"
"Babcock National","FL","Punta Gorda","Red","70.7","121","","","6441","4 4 3 4 5 4 5 3 4 5 4 4 3 4 4 4 3 5","13 11 5 15 9 1 3 17 7 16 8 4 12 10 2 18 14 6"
"Babcock National","FL","Punta Gorda","Black","68.9","115","74.4","122","6006","4 4 3 4 5 4 5 3 4 5 4 4 3 4 4 4 3 5","13 11 5 15 9 1 3 17 7 16 8 4 12 10 2 18 14 6"
"Babcock National","FL","Punta Gorda","Blue","64.3","104","69.2","114","5005","4 4 3 4 5 4 5 3 4 5 4 4 3 4 4 4 3 5","13 11 5 15 9 1 3 17 7 16 8 4 12 10 2 18 14 6"
"Babcock National","FL","Punta Gorda","Gold","62","98","65.9","109","4504","4 4 3 4 5 4 5 3 4 5 4 4 3 4 4 4 3 5","13 11 5 15 9 1 3 17 7 16 8 4 12 10 2 18 14 6"
"Lexington Oaks Golf Club","FL","FL","Black","72.5","136","","","6646","4 3 4 5 3 5 4 4 4 4 4 4 3 5 4 4 3 5","15 9 11 1 17 5 7 3 13 8 2 16 18 6 4 14 12 10"
"Lexington Oaks Golf Club","FL","FL","Blue","69.6","126","","","6073","4 3 4 5 3 5 4 4 4 4 4 4 3 5 4 4 3 5","15 9 11 1 17 5 7 3 13 8 2 16 18 6 4 14 12 10"
"Lexington Oaks Golf Club","FL","FL","White","67.2","123","","","5617","4 3 4 5 3 5 4 4 4 4 4 4 3 5 4 4 3 5","15 9 11 1 17 5 7 3 13 8 2 16 18 6 4 14 12 10"
"Lexington Oaks Golf Club","FL","FL","Gold","64.4","111","69.8","114","5061","4 3 4 5 3 5 4 4 4 4 4 4 3 5 4 4 3 5","15 9 11 1 17 5 7 3 13 8 2 16 18 6 4 14 12 10"
"Lexington Oaks Golf Club","FL","FL","Red","","","66.1","104","4435","4 3 4 5 3 5 4 4 4 4 4 4 3 5 4 4 3 5","15 9 11 1 17 5 7 3 13 8 2 16 18 6 4 14 12 10"
"Sailfish Pointe","FL","Stuart, FL","Champ","75","143","","","7088","4 5 4 3 4 5 4 3 4 5 4 3 4 5 4 3 4 4","1 3 5 7 9 11 13 15 17 2 4 6 8 10 12 14 16 18"
"Blackwater Golf Club","FL","FL","Blue","71.1","134","","","6483","4 4 5 3 4 5 4 3 4 4 5 4 3 4 4 3 5 4","10 12 2 18 8 6 4 14 16 11 3 13 17 7 1 9 15 5"
"Blackwater Golf Club","FL","FL","White","68.7","128","74.7","136","5919","4 4 5 3 4 5 4 3 4 4 5 4 3 4 4 3 5 4","10 12 2 18 8 6 4 14 16 11 3 13 17 7 1 9 15 5"
"Blackwater Golf Club","FL","FL","Gold","65.3","114","70.4","127","5248","4 4 5 3 4 5 4 3 4 4 5 4 3 4 4 3 5 4","10 12 2 18 8 6 4 14 16 11 3 13 17 7 1 9 15 5"
"Blackwater Golf Club","FL","FL","Red","63.9","108","68.5","121","4916","4 4 5 3 4 5 4 3 4 4 5 4 3 4 4 3 5 4","10 12 2 18 8 6 4 14 16 11 3 13 17 7 1 9 15 5"
"The Club at Ibis","FL","West Palm Beach, FL","V","75.8","147","","","7442","4 4 3 5 3 4 4 5 4 4 5 4 3 4 4 3 5 4","15 5 13 11 17 7 1 3 9 14 6 12 18 8 2 16 10 4"
"The Club at Ibis","FL","West Palm Beach, FL","4.5","73","141","","","6781","4 4 3 5 3 4 4 5 4 4 5 4 3 4 4 3 5 4","15 5 13 11 17 7 1 3 9 14 6 12 18 8 2 16 10 4"
"The Club at Ibis","FL","West Palm Beach, FL","IV","71.1","137","77.6","142","6347","4 4 3 5 3 4 4 5 4 4 5 4 3 4 4 3 5 4","15 5 13 11 17 7 1 3 9 14 6 12 18 8 2 16 10 4"
"The Club at Ibis","FL","West Palm Beach, FL","3.5","69.6","134","75.9","139","6065","4 4 3 5 3 4 4 5 4 4 5 4 3 4 4 3 5 4","15 5 13 11 17 7 1 3 9 14 6 12 18 8 2 16 10 4"
"The Club at Ibis","FL","West Palm Beach, FL","III","68.2","127","74.1","136","5744","4 4 3 5 3 4 4 5 4 4 5 4 3 4 4 3 5 4","15 5 13 11 17 7 1 3 9 14 6 12 18 8 2 16 10 4"
"The Club at Ibis","FL","West Palm Beach, FL","2.5","66.4","123","71.5","132","5335","4 4 3 5 3 4 4 5 4 4 5 4 3 4 4 3 5 4","15 5 13 11 17 7 1 3 9 14 6 12 18 8 2 16 10 4"
"The Club at Ibis","FL","West Palm Beach, FL","II","64.9","120","70","129","5039","4 4 3 5 3 4 4 5 4 4 5 4 3 4 4 3 5 4","15 5 13 11 17 7 1 3 9 14 6 12 18 8 2 16 10 4"
"The Club at Ibis","FL","West Palm Beach, FL","1.5","63.3","116","68.2","124","4713","4 4 3 5 3 4 4 5 4 4 5 4 3 4 4 3 5 4","15 5 13 11 17 7 1 3 9 14 6 12 18 8 2 16 10 4"
"The Club at Ibis","FL","West Palm Beach, FL","I","62.6","113","66.6","123","4492","4 4 3 5 3 4 4 5 4 4 5 4 3 4 4 3 5 4","15 5 13 11 17 7 1 3 9 14 6 12 18 8 2 16 10 4"
"Links of Sandpiper","FL","Lakeland, FL","Blue","69.5","123","","","6072","4 3 4 5 4 3 3 5 5 4 4 4 3 5 3 5 4 3","12 10 15 6 9 18 14 2 11 4 17 13 5 8 3 1 16 7"
"Links of Sandpiper","FL","Lakeland, FL","White","67.6","119","","","5715","4 3 4 5 4 3 3 5 5 4 4 4 3 5 3 5 4 3","12 10 15 6 9 18 14 2 11 4 17 13 5 8 3 1 16 7"
"Links of Sandpiper","FL","Lakeland, FL","Green","64.7","115","68.7","113","4882","4 3 4 5 4 3 3 5 5 4 4 4 3 5 3 5 4 3","12 10 15 6 9 18 14 2 11 4 17 13 5 8 3 1 16 7"
"Links of Sandpiper","FL","Lakeland, FL","Gold","61.8","110","65.8","108","4519","4 3 4 5 4 3 3 5 5 4 4 4 3 5 3 5 4 3","12 10 15 6 9 18 14 2 11 4 17 13 5 8 3 1 16 7"
"Black Bear Golf Club","FL","Eustis, FL","Championship","74.1","139","","","7041","4 5 3 5 3 4 4 4 4 4 3 4 4 5 3 5 4 4","9 3 15 13 7 1 11 17 5 12 14 6 16 2 18 4 8 10"
"Black Bear Golf Club","FL","Eustis, FL","Black","71.5","134","","","6453","4 5 3 5 3 4 4 4 4 4 3 4 4 5 3 5 4 4","9 3 15 13 7 1 11 17 5 12 14 6 16 2 18 4 8 10"
"Black Bear Golf Club","FL","Eustis, FL","White","69.7","126","75.8","128","6025","4 5 3 5 3 4 4 4 4 4 3 4 4 5 3 5 4 4","9 3 15 13 7 1 11 17 5 12 14 6 16 2 18 4 8 10"
"Black Bear Golf Club","FL","Eustis, FL","Yellow","66.6","120","69","125","5344","4 5 3 5 3 4 4 4 4 4 3 4 4 5 3 5 4 4","9 3 15 13 7 1 11 17 5 12 14 6 16 2 18 4 8 10"
"Black Bear Golf Club","FL","Eustis, FL","Green","64.5","116","69","125","4942","4 5 3 5 3 4 4 4 4 4 3 4 4 5 3 5 4 4","9 3 15 13 7 1 11 17 5 12 14 6 16 2 18 4 8 10"
"Black Bear Golf Club","FL","Eustis, FL","Red","60.1","106","62.3","110","3723","4 5 3 5 3 4 4 4 4 4 3 4 4 5 3 5 4 4","9 3 15 13 7 1 11 17 5 12 14 6 16 2 18 4 8 10"
"Palmetto Golf Course","FL","Miami, FL","Blue","72.2","128","","","6648","5 4 4 4 3 4 3 4 5 4 3 4 4 4 4 4 3 4","7 3 1 17 11 15 13 5 9 8 10 2 14 12 16 6 18 4"
"Palmetto Golf Course","FL","Miami, FL","White","70.2","123","","","6214","5 4 4 4 3 4 3 4 5 4 3 4 4 4 4 4 3 4","7 3 1 17 11 15 13 5 9 8 10 2 14 12 16 6 18 4"
"Palmetto Golf Course","FL","Miami, FL","Red","","","73.4","125","5710","5 4 4 4 3 4 3 4 5 4 3 4 4 4 4 4 3 4","7 3 1 17 11 15 13 5 9 8 10 2 14 12 16 6 18 4"
"Highlands Reserve","FL","Davenport, FL","Black","71.6","120","","","6702","4 4 4 3 4 3 4 5 5 4 4 3 5 4 4 4 3 5","15 9 3 17 5 11 1 13 7 6 14 16 12 2 4 8 18 10"
"Highlands Reserve","FL","Davenport, FL","White","69","117","","","6152","4 4 4 3 4 3 4 5 5 4 4 3 5 4 4 4 3 5","15 9 3 17 5 11 1 13 7 6 14 16 12 2 4 8 18 10"
"Highlands Reserve","FL","Davenport, FL","Gold","66.9","113","","","5675","4 4 4 3 4 3 4 5 5 4 4 3 5 4 4 4 3 5","15 9 3 17 5 11 1 13 7 6 14 16 12 2 4 8 18 10"
"Highlands Reserve","FL","Davenport, FL","Jade","61.6","101","","","4532","4 4 4 3 4 3 4 5 5 4 4 3 5 4 4 4 3 5","15 9 3 17 5 11 1 13 7 6 14 16 12 2 4 8 18 10"
"Esplanade Golf","FL","FL","Black","73.8","134","","","6983","4 5 4 3 4 5 4 3 4 4 5 3 5 4 3 4 4 4","15 7 1 13 17 11 3 9 5 18 6 10 16 14 12 2 4 8"
"Esplanade Golf","FL","FL","Gold","71.4","129","77.1","134","6457","4 5 4 3 4 5 4 3 4 4 5 3 5 4 3 4 4 4","15 7 1 13 17 11 3 9 5 18 6 10 16 14 12 2 4 8"
"Esplanade Golf","FL","FL","Gold/Silver","70.7","126","76.3","132","6226","4 5 4 3 4 5 4 3 4 4 5 3 5 4 3 4 4 4","15 7 1 13 17 11 3 9 5 18 6 10 16 14 12 2 4 8"
"Esplanade Golf","FL","FL","Silver","69.5","123","75","128","6061","4 5 4 3 4 5 4 3 4 4 5 3 5 4 3 4 4 4","15 7 1 13 17 11 3 9 5 18 6 10 16 14 12 2 4 8"
"Esplanade Golf","FL","FL","Silver/Copper","68.6","120","","","5802","4 5 4 3 4 5 4 3 4 4 5 3 5 4 3 4 4 4","15 7 1 13 17 11 3 9 5 18 6 10 16 14 12 2 4 8"
"Esplanade Golf","FL","FL","Copper","66.9","115","71.6","122","5460","4 5 4 3 4 5 4 3 4 4 5 3 5 4 3 4 4 4","15 7 1 13 17 11 3 9 5 18 6 10 16 14 12 2 4 8"
"Esplanade Golf","FL","FL","Copper/Jade","65.5","113","70.2","119","5109","4 5 4 3 4 5 4 3 4 4 5 3 5 4 3 4 4 4","15 7 1 13 17 11 3 9 5 18 6 10 16 14 12 2 4 8"
"Esplanade Golf","FL","FL","Jade","63.7","109","67.9","117","4770","4 5 4 3 4 5 4 3 4 4 5 3 5 4 3 4 4 4","15 7 1 13 17 11 3 9 5 18 6 10 16 14 12 2 4 8"
"Esplanade Golf","FL","FL","Silver/Coopper","","","73.7","127","5802","4 5 4 3 4 5 4 3 4 4 5 3 5 4 3 4 4 4","15 7 1 13 17 11 3 9 5 18 6 10 16 14 12 2 4 8"
"Green Valley Country Club","FL","Clermont, FL","Blue","71.5","124","","","6645","5 5 4 3 4 4 4 3 4 4 3 5 3 4 4 5 4 4","9 7 1 15 13 11 3 17 5 10 12 4 18 14 6 16 8 2"
"Green Valley Country Club","FL","Clermont, FL","White","68.6","122","","","6088","5 5 4 3 4 4 4 3 4 4 3 5 3 4 4 5 4 4","9 7 1 15 13 11 3 17 5 10 12 4 18 14 6 16 8 2"
"Green Valley Country Club","FL","Clermont, FL","Gold","65.9","115","","","5482","5 5 4 3 4 4 4 3 4 4 3 5 3 4 4 5 4 4","9 7 1 15 13 11 3 17 5 10 12 4 18 14 6 16 8 2"
"Green Valley Country Club","FL","Clermont, FL","Red","","","69.4","125","5205","5 5 4 3 4 4 4 3 4 4 3 5 3 4 4 5 4 4","9 7 1 15 13 11 3 17 5 10 12 4 18 14 6 16 8 2"
"Oaks National Golf Club","FL","Kissimmee","Blue","73.4","139","","","6796","4 5 3 4 5 3 4 4 4 4 5 3 4 3 5 4 4 4","9 17 13 3 7 15 1 11 5 6 12 10 2 16 4 8 18 14"
"Oaks National Golf Club","FL","Kissimmee","White","71.6","134","","","6383","4 5 3 4 5 3 4 4 4 4 5 3 4 3 5 4 4 4","9 17 13 3 7 15 1 11 5 6 12 10 2 16 4 8 18 14"
"Oaks National Golf Club","FL","Kissimmee","Gold","68.9","126","","","5829","4 5 3 4 5 3 4 4 4 4 5 3 4 3 5 4 4 4","9 17 13 3 7 15 1 11 5 6 12 10 2 16 4 8 18 14"
"Oaks National Golf Club","FL","Kissimmee","Red","","","68.9","123","4910","4 5 3 4 5 3 4 4 4 4 5 3 4 3 5 4 4 4","9 17 13 3 7 15 1 11 5 6 12 10 2 16 4 8 18 14"
