"name","state","city","tee","rating","slope","women_rating","women_slope","yardage","pars","sis"
"The Ravine Golf Course","AL","Demopolis","Blue","69.7","119","","","6401","4 4 4 3 4 4 3 5 4 5 4 4 3 4 3 4 4 5","9 7 3 15 5 11 17 13 1 4 8 6 16 14 18 10 12 2"
"The Ravine Golf Course","AL","Demopolis","White","68.2","115","","","5920","4 4 4 3 4 4 3 5 4 5 4 4 3 4 3 4 4 5","9 7 3 15 5 11 17 13 1 4 8 6 16 14 18 10 12 2"
"The Ravine Golf Course","AL","Demopolis","Gold","65.1","109","","","5278","4 4 4 3 4 4 3 5 4 5 4 4 3 4 3 4 4 5","9 7 3 15 5 11 17 13 1 4 8 6 16 14 18 10 12 2"
"The Ravine Golf Course","AL","Demopolis","Red","","","68.1","115","5086","4 4 4 3 4 4 3 5 4 5 4 4 3 4 3 4 4 5","9 7 3 15 5 11 17 13 1 4 8 6 16 14 18 10 12 2"
"Anderson Golf Club","AL","Anderson","White","65.1","109","","","5035","4 4 5 4 3 5 3 4 4 4 4 3 4 3 5 4 4 4","9 5 17 3 1 11 7 13 15 10 18 6 14 2 12 4 16 8"
"Anderson Golf Club","AL","Anderson","Red","","","65.9","107","4536","4 4 5 4 3 5 3 4 4 4 4 3 4 3 5 4 4 4","9 5 17 3 1 11 7 13 15 10 18 6 14 2 12 4 16 8"
"Willow Point Country Club","AL","Alexander City","Black","75.4","133","","","7465","4 4 5 3 4 5 4 3 4 4 3 5 3 4 4 4 4 5","5 11 1 7 15 13 9 17 3 12 18 4 8 2 14 16 6 10"
"Willow Point Country Club","AL","Alexander City","Blue","73.4","128","","","7033","4 4 5 3 4 5 4 3 4 4 3 5 3 4 4 4 4 5","5 11 1 7 15 13 9 17 3 12 18 4 8 2 14 16 6 10"
"Willow Point Country Club","AL","Alexander City","Willow","72.1","127","","","6776","4 4 5 3 4 5 4 3 4 4 3 5 3 4 4 4 4 5","5 11 1 7 15 13 9 17 3 12 18 4 8 2 14 16 6 10"
"Willow Point Country Club","AL","Alexander City","White","70.9","125","","","6528","4 4 5 3 4 5 4 3 4 4 3 5 3 4 4 4 4 5","5 11 1 7 15 13 9 17 3 12 18 4 8 2 14 16 6 10"
"Willow Point Country Club","AL","Alexander City","Mimosa","69.5","119","","","6275","4 4 5 3 4 5 4 3 4 4 3 5 3 4 4 4 4 5","5 11 1 7 15 13 9 17 3 12 18 4 8 2 14 16 6 10"
"Willow Point Country Club","AL","Alexander City","Gold","68.2","116","","","6018","4 4 5 3 4 5 4 3 4 4 3 5 3 4 4 4 4 5","5 11 1 7 15 13 9 17 3 12 18 4 8 2 14 16 6 10"
"Willow Point Country Club","AL","Alexander City","Weeping Willow","66","110","","","5632","4 4 5 3 4 5 4 3 4 4 3 5 3 4 4 4 4 5","5 11 1 7 15 13 9 17 3 12 18 4 8 2 14 16 6 10"
"Willow Point Country Club","AL","Alexander City","Silver","66","109","71.3","122","5554","4 4 5 3 4 5 4 3 4 4 3 5 3 4 4 4 4 5","5 11 1 7 15 13 9 17 3 12 18 4 8 2 14 16 6 10"
"Willow Point Country Club","AL","Alexander City","Red","64.1","105","69.1","117","5149","4 4 5 3 4 5 4 3 4 4 3 5 3 4 4 4 4 5","5 11 1 7 15 13 9 17 3 12 18 4 8 2 14 16 6 10"
"Willow Point Country Club","AL","Alexander City","Red/Green","62.1","100","66.3","111","4662","4 4 5 3 4 5 4 3 4 4 3 5 3 4 4 4 4 5","5 11 1 7 15 13 9 17 3 12 18 4 8 2 14 16 6 10"
"Willow Point Country Club","AL","Alexander City","Green","61.1","99","64.8","107","4387","4 4 5 3 4 5 4 3 4 4 3 5 3 4 4 4 4 5","5 11 1 7 15 13 9 17 3 12 18 4 8 2 14 16 6 10"
"Anniston Country Club","AL","Anniston","Blue","70.2","129","","","6254","4 4 4 3 3 4 4 4 4 4 5 3 4 4 4 3 5 4","5 3 15 9 13 1 17 11 7 6 18 4 14 2 8 12 16 10"
"Anniston Country Club","AL","Anniston","White","68.4","128","","","5883","4 4 4 3 3 4 4 4 4 4 5 3 4 4 4 3 5 4","5 3 15 9 13 1 17 11 7 6 18 4 14 2 8 12 16 10"
"Anniston Country Club","AL","Anniston","Gold","65.2","122","","","5214","4 4 4 3 3 4 4 4 4 4 5 3 4 4 4 3 5 4","5 3 15 9 13 1 17 11 7 6 18 4 14 2 8 12 16 10"
"Anniston Country Club","AL","Anniston","Red","","","69.5","118","5042","4 4 4 3 3 4 4 4 4 4 5 3 4 4 4 3 5 4","5 3 15 9 13 1 17 11 7 6 18 4 14 2 8 12 16 10"
"Andalusia Country Club","AL","Andalusia","Blue","70.3","123","","","6332","5 4 3 5 3 4 5 4 3 5 4 3 5 4 4 3 4 4","3 11 15 5 17 1 7 9 13 4 8 18 2 6 14 16 12 10"
"Andalusia Country Club","AL","Andalusia","White","69.6","119","","","6132","5 4 3 5 3 4 5 4 3 5 4 3 5 4 4 3 4 4","3 11 15 5 17 1 7 9 13 4 8 18 2 6 14 16 12 10"
"Andalusia Country Club","AL","Andalusia","Gold","66.2","109","","","5465","5 4 3 5 3 4 5 4 3 5 4 3 5 4 4 3 4 4","3 11 15 5 17 1 7 9 13 4 8 18 2 6 14 16 12 10"
"Andalusia Country Club","AL","Andalusia","Gold Short","65.2","107","","","5250","5 4 3 5 3 4 5 4 3 5 4 3 5 4 4 3 4 4","3 11 15 5 17 1 7 9 13 4 8 18 2 6 14 16 12 10"
"Andalusia Country Club","AL","Andalusia","Red","","","69.7","118","5188","5 4 3 5 3 4 5 4 3 5 4 3 5 4 4 3 4 4","3 11 15 5 17 1 7 9 13 4 8 18 2 6 14 16 12 10"
"Alpine Bay Resort","AL","Alpine","Blue","71.8","131","","","6558","4 4 5 3 4 4 4 3 5 4 5 4 4 3 4 5 3 4","8 16 6 10 14 2 12 4 18 17 9 1 5 3 7 15 13 11"
"Alpine Bay Resort","AL","Alpine","White","69.4","128","","","6149","4 4 5 3 4 4 4 3 5 4 5 4 4 3 4 5 3 4","8 16 6 10 14 2 12 4 18 17 9 1 5 3 7 15 13 11"
"Alpine Bay Resort","AL","Alpine","Gold","67.9","123","","","5782","4 4 5 3 4 4 4 3 5 4 5 4 4 3 4 5 3 4","8 16 6 10 14 2 12 4 18 17 9 1 5 3 7 15 13 11"
"Alpine Bay Resort","AL","Alpine","Red","66.4","120","71.3","128","5454","4 4 5 3 4 4 4 3 5 4 5 4 4 3 4 5 3 4","8 16 6 10 14 2 12 4 18 17 9 1 5 3 7 15 13 11"
"Alpine Bay Resort","AL","Alpine","Black","62.9","113","67.1","118","4690","4 4 5 3 4 4 4 3 5 4 5 4 4 3 4 5 3 4","8 16 6 10 14 2 12 4 18 17 9 1 5 3 7 15 13 11"
"Indian Oaks Golf Club","AL","Anniston","Blue","71.4","125","","","6549","4 5 3 4 4 3 5 4 4 3 4 4 5 4 4 4 3 5","17 9 5 3 15 13 1 7 11 16 2 14 10 12 6 4 18 8"
"Indian Oaks Golf Club","AL","Anniston","White","69","118","","","6015","4 5 3 4 4 3 5 4 4 3 4 4 5 4 4 4 3 5","17 9 5 3 15 13 1 7 11 16 2 14 10 12 6 4 18 8"
"Indian Oaks Golf Club","AL","Anniston","Red","","","68","106","5029","4 5 3 4 4 3 5 4 4 3 4 4 5 4 4 4 3 5","17 9 5 3 15 13 1 7 11 16 2 14 10 12 6 4 18 8"
"Big Spring Lake Golf","AL","Albertville","Blue","69.3","117","","","6108","4 4 4 4 4 3 5 5 3 4 4 4 5 5 3 4 4 3","13 7 1 5 15 11 9 17 3 14 12 2 16 6 18 8 10 4"
"Big Spring Lake Golf","AL","Albertville","White","67.9","115","","","5811","4 4 4 4 4 3 5 5 3 4 4 4 5 5 3 4 4 3","13 7 1 5 15 11 9 17 3 14 12 2 16 6 18 8 10 4"
"Big Spring Lake Golf","AL","Albertville","Gold","65.7","107","","","5345","4 4 4 4 4 3 5 5 3 4 4 4 5 5 3 4 4 3","13 7 1 5 15 11 9 17 3 14 12 2 16 6 18 8 10 4"
"Big Spring Lake Golf","AL","Albertville","Red","64.2","103","68.9","113","5022","4 4 4 4 4 3 5 5 3 4 4 4 5 5 3 4 4 3","13 7 1 5 15 11 9 17 3 14 12 2 16 6 18 8 10 4"
"Twin Lakes Golf Club","AL","Arab","Blue","73.1","123","","","6613","5 3 4 3 4 4 4 4 5 3 5 4 4 5 4 3 4 4","1 5 15 17 7 3 11 13 9 6 8 16 4 18 12 14 2 10"
"Twin Lakes Golf Club","AL","Arab","White","70.7","121","","","6322","5 3 4 3 4 4 4 4 5 3 5 4 4 5 4 3 4 4","1 5 15 17 7 3 11 13 9 6 8 16 4 18 12 14 2 10"
"Twin Lakes Golf Club","AL","Arab","Gold","69.2","117","","","5747","5 3 4 3 4 4 4 4 5 3 5 4 4 5 4 3 4 4","1 5 15 17 7 3 11 13 9 6 8 16 4 18 12 14 2 10"
"Twin Lakes Golf Club","AL","Arab","Red","","","70.2","119","5609","5 3 4 3 4 4 4 4 5 3 5 4 4 5 4 3 4 4","1 5 15 17 7 3 11 13 9 6 8 16 4 18 12 14 2 10"
"Brookside Golf Course","AL","Arab","Blue","67.8","129","","","5735","4 4 4 3 5 3 4 4 5 4 4 3 4 4 3 4 5 4","18 2 12 6 16 10 14 4 8 7 11 5 13 9 15 17 1 3"
"Brookside Golf Course","AL","Arab","White","66.9","126","","","5535","4 4 4 3 5 3 4 4 5 4 4 3 4 4 3 4 5 4","18 2 12 6 16 10 14 4 8 7 11 5 13 9 15 17 1 3"
"Brookside Golf Course","AL","Arab","Gold","63.3","116","65.9","107","4850","4 4 4 3 5 3 4 4 5 4 4 3 4 4 3 4 5 4","18 2 12 6 16 10 14 4 8 7 11 5 13 9 15 17 1 3"
"Brookside Golf Course","AL","Arab","Red","","","64.8","105","4765","4 4 4 3 5 3 4 4 5 4 4 3 4 4 3 4 5 4","18 2 12 6 16 10 14 4 8 7 11 5 13 9 15 17 1 3"
"Wills Creek Country Club","AL","Attalla","White","69.2","117","","","5980","4 3 4 5 5 4 4 4 3 5 3 5 4 4 4 3 4 4","12 2 18 4 10 6 8 16 14 3 1 5 9 13 11 15 17 7"
"Wills Creek Country Club","AL","Attalla","Red","","","66.9","109","4975","4 3 4 5 5 4 4 4 3 5 3 5 4 4 4 3 4 4","12 2 18 4 10 6 8 16 14 3 1 5 9 13 11 15 17 7"
"Pine Hill Country Club","AL","Anniston","Blue","70.3","125","","","6351","4 5 3 3 4 5 4 4 4 4 4 4 4 3 5 3 4 5","6 14 12 10 2 16 4 8 18 15 17 5 7 9 1 11 13 3"
"Pine Hill Country Club","AL","Anniston","White","68.8","122","","","6038","4 5 3 3 4 5 4 4 4 4 4 4 4 3 5 3 4 5","6 14 12 10 2 16 4 8 18 15 17 5 7 9 1 11 13 3"
"Pine Hill Country Club","AL","Anniston","Gold","65.4","106","","","5213","4 5 3 3 4 5 4 4 4 4 4 4 4 3 5 3 4 5","6 14 12 10 2 16 4 8 18 15 17 5 7 9 1 11 13 3"
"Pine Hill Country Club","AL","Anniston","Red","63.4","101","68.5","117","4976","4 5 3 3 4 5 4 4 4 4 4 4 4 3 5 3 4 5","6 14 12 10 2 16 4 8 18 15 17 5 7 9 1 11 13 3"
"Southern Gayles Golf Course","AL","Athens","Blue","73.3","124","","","7070","4 4 4 5 4 3 3 5 4 4 4 5 3 4 3 4 5 4","18 12 2 14 4 16 8 10 6 17 3 13 15 11 9 1 5 7"
"Southern Gayles Golf Course","AL","Athens","Orange","70.6","118","","","6491","4 4 4 5 4 3 3 5 4 4 4 5 3 4 3 4 5 4","18 12 2 14 4 16 8 10 6 17 3 13 15 11 9 1 5 7"
"Southern Gayles Golf Course","AL","Athens","White","68","108","","","5872","4 4 4 5 4 3 3 5 4 4 4 5 3 4 3 4 5 4","18 12 2 14 4 16 8 10 6 17 3 13 15 11 9 1 5 7"
"Southern Gayles Golf Course","AL","Athens","Yellow","65.3","100","70.2","112","5308","4 4 4 5 4 3 3 5 4 4 4 5 3 4 3 4 5 4","18 12 2 14 4 16 8 10 6 17 3 13 15 11 9 1 5 7"
"Southern Gayles Golf Course","AL","Athens","Red","","","67.1","105","4711","4 4 4 5 4 3 3 5 4 4 4 5 3 4 3 4 5 4","18 12 2 14 4 16 8 10 6 17 3 13 15 11 9 1 5 7"
"Pines Crossing Golf Course","AL","Auburn","Orange","73.9","128","","","7031","4 3 4 5 3 4 4 5 4 3 4 4 4 3 4 5 5 4","11 3 17 13 9 5 1 7 15 18 16 14 4 12 8 6 10 2"
"Pines Crossing Golf Course","AL","Auburn","Blue","71.8","123","","","6554","4 3 4 5 3 4 4 5 4 3 4 4 4 3 4 5 5 4","11 3 17 13 9 5 1 7 15 18 16 14 4 12 8 6 10 2"
"Pines Crossing Golf Course","AL","Auburn","White","69.1","119","","","6054","4 3 4 5 3 4 4 5 4 3 4 4 4 3 4 5 5 4","11 3 17 13 9 5 1 7 15 18 16 14 4 12 8 6 10 2"
"Pines Crossing Golf Course","AL","Auburn","Green","66.5","115","71.5","124","5504","4 3 4 5 3 4 4 5 4 3 4 4 4 3 4 5 5 4","11 3 17 13 9 5 1 7 15 18 16 14 4 12 8 6 10 2"
"Pines Crossing Golf Course","AL","Auburn","Red","64","109","68.5","117","4961","4 3 4 5 3 4 4 5 4 3 4 4 4 3 4 5 5 4","11 3 17 13 9 5 1 7 15 18 16 14 4 12 8 6 10 2"
"Pines Crossing Golf Course","AL","Auburn","Black","62.2","105","65.6","111","4447","4 3 4 5 3 4 4 5 4 3 4 4 4 3 4 5 5 4","11 3 17 13 9 5 1 7 15 18 16 14 4 12 8 6 10 2"
"Brook Graveyard at Bent Brook Golf Course","AL","Bessemer","I","74.2","134","","","7240","5 4 3 5 4 4 4 3 4 4 5 3 4 3 4 5 4 4","15 5 11 13 9 1 7 17 3 16 6 12 14 10 2 8 18 4"
"Brook Graveyard at Bent Brook Golf Course","AL","Bessemer","II","71","128","","","6559","5 4 3 5 4 4 4 3 4 4 5 3 4 3 4 5 4 4","15 5 11 13 9 1 7 17 3 16 6 12 14 10 2 8 18 4"
"Brook Graveyard at Bent Brook Golf Course","AL","Bessemer","III","67.3","117","72.8","129","5818","5 4 3 5 4 4 4 3 4 4 5 3 4 3 4 5 4 4","15 5 11 13 9 1 7 17 3 16 6 12 14 10 2 8 18 4"
"Brook Graveyard at Bent Brook Golf Course","AL","Bessemer","IV","63.8","111","68.5","120","5050","5 4 3 5 4 4 4 3 4 4 5 3 4 3 4 5 4 4","15 5 11 13 9 1 7 17 3 16 6 12 14 10 2 8 18 4"
"Brook Graveyard at Bent Brook Golf Course","AL","Bessemer","V","60.7","104","63.8","110","4202","5 4 3 5 4 4 4 3 4 4 5 3 4 3 4 5 4 4","15 5 11 13 9 1 7 17 3 16 6 12 14 10 2 8 18 4"
"Windmill Brook at Bent Brook Golf Course","AL","Bessemer","I","73.9","129","","","7203","5 4 3 5 4 4 4 3 4 4 4 4 4 3 4 3 5 4","15 5 11 13 9 1 7 17 3 4 16 8 14 18 2 12 10 6"
"Windmill Brook at Bent Brook Golf Course","AL","Bessemer","II","70.8","123","","","6538","5 4 3 5 4 4 4 3 4 4 4 4 4 3 4 3 5 4","15 5 11 13 9 1 7 17 3 4 16 8 14 18 2 12 10 6"
"Windmill Brook at Bent Brook Golf Course","AL","Bessemer","III","67.3","114","72.5","129","5805","5 4 3 5 4 4 4 3 4 4 4 4 4 3 4 3 5 4","15 5 11 13 9 1 7 17 3 4 16 8 14 18 2 12 10 6"
"Windmill Brook at Bent Brook Golf Course","AL","Bessemer","IV","63.6","106","67.9","119","4979","5 4 3 5 4 4 4 3 4 4 4 4 4 3 4 3 5 4","15 5 11 13 9 1 7 17 3 4 16 8 14 18 2 12 10 6"
"Windmill Brook at Bent Brook Golf Course","AL","Bessemer","V","60.4","99","62.8","108","4057","5 4 3 5 4 4 4 3 4 4 4 4 4 3 4 3 5 4","15 5 11 13 9 1 7 17 3 4 16 8 14 18 2 12 10 6"
"Graveyard Windmill at Bent Brook Golf Course","AL","Bessemer","I","73.1","127","","","7007","4 5 3 4 3 4 5 4 4 4 4 4 4 3 4 3 5 4","5 15 11 1 9 7 17 13 3 4 16 8 14 18 2 12 10 6"
"Graveyard Windmill at Bent Brook Golf Course","AL","Bessemer","II","70.4","122","","","6429","4 5 3 4 3 4 5 4 4 4 4 4 4 3 4 3 5 4","5 15 11 1 9 7 17 13 3 4 16 8 14 18 2 12 10 6"
"Graveyard Windmill at Bent Brook Golf Course","AL","Bessemer","III","67.2","115","72.3","126","5753","4 5 3 4 3 4 5 4 4 4 4 4 4 3 4 3 5 4","5 15 11 1 9 7 17 13 3 4 16 8 14 18 2 12 10 6"
"Graveyard Windmill at Bent Brook Golf Course","AL","Bessemer","IV","63.8","108","68.2","117","5003","4 5 3 4 3 4 5 4 4 4 4 4 4 3 4 3 5 4","5 15 11 1 9 7 17 13 3 4 16 8 14 18 2 12 10 6"
"Graveyard Windmill at Bent Brook Golf Course","AL","Bessemer","V","60.9","103","63.4","107","4145","4 5 3 4 3 4 5 4 4 4 4 4 4 3 4 3 5 4","5 15 11 1 9 7 17 13 3 4 16 8 14 18 2 12 10 6"
"Frank House Municipal Golf Course","AL","Bessemer","Blue","68.6","113","","","6346","4 4 5 4 3 5 4 3 4 4 3 5 4 5 4 4 3 4","11 10 7 8 17 5 14 16 3 4 15 1 18 12 6 9 13 2"
"Frank House Municipal Golf Course","AL","Bessemer","White","66.7","111","","","5857","4 4 5 4 3 5 4 3 4 4 3 5 4 5 4 4 3 4","11 10 7 8 17 5 14 16 3 4 15 1 18 12 6 9 13 2"
"Frank House Municipal Golf Course","AL","Bessemer","Gold","63","99","","","5100","4 4 5 4 3 5 4 3 4 4 3 5 4 5 4 4 3 4","11 10 7 8 17 5 14 16 3 4 15 1 18 12 6 9 13 2"
"Frank House Municipal Golf Course","AL","Bessemer","Red","","","62.1","95","4926","4 4 5 4 3 5 4 3 4 4 3 5 4 5 4 4 3 4","11 10 7 8 17 5 14 16 3 4 15 1 18 12 6 9 13 2"
"East at Country Club of Birmingham","AL","Birmingham","V","73.1","132","","","6642","4 4 3 4 4 5 3 4 4 4 5 4 3 4 3 4 4 4","3 17 15 7 1 5 13 11 9 10 2 4 18 6 14 16 8 12"
"East at Country Club of Birmingham","AL","Birmingham","IV","72","130","","","6412","4 4 3 4 4 5 3 4 4 4 5 4 3 4 3 4 4 4","3 17 15 7 1 5 13 11 9 10 2 4 18 6 14 16 8 12"
"East at Country Club of Birmingham","AL","Birmingham","III/IV","71","128","","","6258","4 4 3 4 4 5 3 4 4 4 5 4 3 4 3 4 4 4","3 17 15 7 1 5 13 11 9 10 2 4 18 6 14 16 8 12"
"East at Country Club of Birmingham","AL","Birmingham","III","69.8","125","75","135","6011","4 4 3 4 4 5 3 4 4 4 5 4 3 4 3 4 4 4","3 17 15 7 1 5 13 11 9 10 2 4 18 6 14 16 8 12"
"East at Country Club of Birmingham","AL","Birmingham","II/III","68.3","124","","","5735","4 4 3 4 4 5 3 4 4 4 5 4 3 4 3 4 4 4","3 17 15 7 1 5 13 11 9 10 2 4 18 6 14 16 8 12"
"East at Country Club of Birmingham","AL","Birmingham","II","66.6","122","71.7","128","5412","4 4 3 4 4 5 3 4 4 4 5 4 3 4 3 4 4 4","3 17 15 7 1 5 13 11 9 10 2 4 18 6 14 16 8 12"
"East at Country Club of Birmingham","AL","Birmingham","I","63.4","115","67.6","121","4756","4 4 3 4 4 5 3 4 4 4 5 4 3 4 3 4 4 4","3 17 15 7 1 5 13 11 9 10 2 4 18 6 14 16 8 12"
"East at Country Club of Birmingham","AL","Birmingham","Tees 1898","61.1","108","63.8","113","4074","4 4 3 4 4 5 3 4 4 4 5 4 3 4 3 4 4 4","3 17 15 7 1 5 13 11 9 10 2 4 18 6 14 16 8 12"
"Woodward Golf Club","AL","Bessemer","Blue","71.4","127","77.9","134","6526","4 3 4 4 4 5 3 4 5 4 4 3 4 4 4 3 4 5","5 17 7 13 11 3 15 1 9 8 14 18 10 4 2 16 12 6"
"Woodward Golf Club","AL","Bessemer","White","69.2","119","75.5","128","6076","4 3 4 4 4 5 3 4 5 4 4 3 4 4 4 3 4 5","5 17 7 13 11 3 15 1 9 8 14 18 10 4 2 16 12 6"
"Woodward Golf Club","AL","Bessemer","Gold","67.4","116","73.1","123","5657","4 3 4 4 4 5 3 4 5 4 4 3 4 4 4 3 4 5","5 17 7 13 11 3 15 1 9 8 14 18 10 4 2 16 12 6"
"Woodward Golf Club","AL","Bessemer","Red","65.7","113","71.1","118","5292","4 3 4 4 4 5 3 4 5 4 4 3 4 4 4 3 4 5","5 17 7 13 11 3 15 1 9 8 14 18 10 4 2 16 12 6"
"Woodward Golf Club","AL","Bessemer","Teal","","","66.1","110","4459","4 3 4 4 4 5 3 4 5 4 4 3 4 4 4 3 4 5","5 17 7 13 11 3 15 1 9 8 14 18 10 4 2 16 12 6"
"Founders at Greystone Golf Country Club","AL","Birmingham","Black","75.2","143","","","7293","4 5 4 3 5 4 3 4 4 3 4 4 5 3 5 4 3 5","13 5 1 17 3 7 15 9 11 14 12 6 8 18 2 10 16 4"
"Founders at Greystone Golf Country Club","AL","Birmingham","Black/Blue","74.1","141","","","6956","4 5 4 3 5 4 3 4 4 3 4 4 5 3 5 4 3 5","13 5 1 17 3 7 15 9 11 14 12 6 8 18 2 10 16 4"
"Founders at Greystone Golf Country Club","AL","Birmingham","Blue","73.3","140","","","6889","4 5 4 3 5 4 3 4 4 3 4 4 5 3 5 4 3 5","13 5 1 17 3 7 15 9 11 14 12 6 8 18 2 10 16 4"
"Founders at Greystone Golf Country Club","AL","Birmingham","Blue/White","72.4","137","","","6599","4 5 4 3 5 4 3 4 4 3 4 4 5 3 5 4 3 5","13 5 1 17 3 7 15 9 11 14 12 6 8 18 2 10 16 4"
"Founders at Greystone Golf Country Club","AL","Birmingham","White","70.9","137","77.2","139","6432","4 5 4 3 5 4 3 4 4 3 4 4 5 3 5 4 3 5","13 5 1 17 3 7 15 9 11 14 12 6 8 18 2 10 16 4"
"Founders at Greystone Golf Country Club","AL","Birmingham","White/Gold","69.9","131","75.5","136","6035","4 5 4 3 5 4 3 4 4 3 4 4 5 3 5 4 3 5","13 5 1 17 3 7 15 9 11 14 12 6 8 18 2 10 16 4"
"Founders at Greystone Golf Country Club","AL","Birmingham","Gold","68.5","126","74","132","5833","4 5 4 3 5 4 3 4 4 3 4 4 5 3 5 4 3 5","13 5 1 17 3 7 15 9 11 14 12 6 8 18 2 10 16 4"
"Founders at Greystone Golf Country Club","AL","Birmingham","Gold/Red","67.7","124","","","5641","4 5 4 3 5 4 3 4 4 3 4 4 5 3 5 4 3 5","13 5 1 17 3 7 15 9 11 14 12 6 8 18 2 10 16 4"
"Founders at Greystone Golf Country Club","AL","Birmingham","Red","66.5","122","71.6","127","5319","4 5 4 3 5 4 3 4 4 3 4 4 5 3 5 4 3 5","13 5 1 17 3 7 15 9 11 14 12 6 8 18 2 10 16 4"
"Founders at Greystone Golf Country Club","AL","Birmingham","Teal","","","70","124","5019","4 5 4 3 5 4 3 4 4 3 4 4 5 3 5 4 3 5","13 5 1 17 3 7 15 9 11 14 12 6 8 18 2 10 16 4"
"Grayson Valley Country Club","AL","Birmingham","Blue","72.5","133","","","6592","4 3 5 4 4 4 5 3 5 4 4 3 5 3 4 4 3 5","12 16 10 8 4 14 2 18 6 9 1 17 11 7 3 5 15 13"
"Grayson Valley Country Club","AL","Birmingham","White","70.3","132","","","6141","4 3 5 4 4 4 5 3 5 4 4 3 5 3 4 4 3 5","12 16 10 8 4 14 2 18 6 9 1 17 11 7 3 5 15 13"
"Grayson Valley Country Club","AL","Birmingham","Gold","68.5","126","","","5730","4 3 5 4 4 4 5 3 5 4 4 3 5 3 4 4 3 5","12 16 10 8 4 14 2 18 6 9 1 17 11 7 3 5 15 13"
"Grayson Valley Country Club","AL","Birmingham","Silver","66.2","121","71","129","5282","4 3 5 4 4 4 5 3 5 4 4 3 5 3 4 4 3 5","12 16 10 8 4 14 2 18 6 9 1 17 11 7 3 5 15 13"
"Grayson Valley Country Club","AL","Birmingham","Red","64.9","118","69.7","126","5028","4 3 5 4 4 4 5 3 5 4 4 3 5 3 4 4 3 5","12 16 10 8 4 14 2 18 6 9 1 17 11 7 3 5 15 13"
"Inverness Country Club","AL","Birmingham","Blue","73.3","138","","","6821","4 5 3 4 4 3 4 5 4 4 3 4 3 5 4 4 4 4","3 13 17 9 1 15 5 7 11 2 14 4 8 10 12 16 6 18"
"Inverness Country Club","AL","Birmingham","Blue/White","72.3","135","","","6618","4 5 3 4 4 3 4 5 4 4 3 4 3 5 4 4 4 4","3 13 17 9 1 15 5 7 11 2 14 4 8 10 12 16 6 18"
"Inverness Country Club","AL","Birmingham","White","71.6","133","77.3","135","6459","4 5 3 4 4 3 4 5 4 4 3 4 3 5 4 4 4 4","3 13 17 9 1 15 5 7 11 2 14 4 8 10 12 16 6 18"
"Inverness Country Club","AL","Birmingham","White/Gold","70.5","131","76.3","133","6273","4 5 3 4 4 3 4 5 4 4 3 4 3 5 4 4 4 4","3 13 17 9 1 15 5 7 11 2 14 4 8 10 12 16 6 18"
"Inverness Country Club","AL","Birmingham","Gold","68.9","127","74.1","128","5887","4 5 3 4 4 3 4 5 4 4 3 4 3 5 4 4 4 4","3 13 17 9 1 15 5 7 11 2 14 4 8 10 12 16 6 18"
"Inverness Country Club","AL","Birmingham","Gold/Silver","67.3","124","72.4","125","5590","4 5 3 4 4 3 4 5 4 4 3 4 3 5 4 4 4 4","3 13 17 9 1 15 5 7 11 2 14 4 8 10 12 16 6 18"
"Inverness Country Club","AL","Birmingham","Silver","65.8","118","70.6","121","5258","4 5 3 4 4 3 4 5 4 4 3 4 3 5 4 4 4 4","3 13 17 9 1 15 5 7 11 2 14 4 8 10 12 16 6 18"
"Inverness Country Club","AL","Birmingham","Silver/Green","64.8","117","69.6","119","5081","4 5 3 4 4 3 4 5 4 4 3 4 3 5 4 4 4 4","3 13 17 9 1 15 5 7 11 2 14 4 8 10 12 16 6 18"
"Inverness Country Club","AL","Birmingham","Green","64","114","68.3","116","4840","4 5 3 4 4 3 4 5 4 4 3 4 3 5 4 4 4 4","3 13 17 9 1 15 5 7 11 2 14 4 8 10 12 16 6 18"
"Inverness Country Club","AL","Birmingham","Junior","60.4","105","","","3853","4 5 3 4 4 3 4 5 4 4 3 4 3 5 4 4 4 4","3 13 17 9 1 15 5 7 11 2 14 4 8 10 12 16 6 18"
"Mountain Brook Club","AL","Birmingham","Blue","72.8","131","","","6819","4 4 4 3 5 4 3 4 5 4 5 4 4 4 3 4 3 4","11 3 9 13 7 5 15 1 17 4 10 16 2 8 18 6 12 14"
"Mountain Brook Club","AL","Birmingham","Chairmans","71.5","128","","","6503","4 4 4 3 5 4 3 4 5 4 5 4 4 4 3 4 3 4","11 3 9 13 7 5 15 1 17 4 10 16 2 8 18 6 12 14"
"Mountain Brook Club","AL","Birmingham","White","70.4","124","","","6200","4 4 4 3 5 4 3 4 5 4 5 4 4 4 3 4 3 4","11 3 9 13 7 5 15 1 17 4 10 16 2 8 18 6 12 14"
"Mountain Brook Club","AL","Birmingham","President","68.4","121","","","5702","4 4 4 3 5 4 3 4 5 4 5 4 4 4 3 4 3 4","11 3 9 13 7 5 15 1 17 4 10 16 2 8 18 6 12 14"
"Mountain Brook Club","AL","Birmingham","Purple","66.7","116","71.7","117","5355","4 4 4 3 5 4 3 4 5 4 5 4 4 4 3 4 3 4","11 3 9 13 7 5 15 1 17 4 10 16 2 8 18 6 12 14"
"Mountain Brook Club","AL","Birmingham","Red","","","68.2","109","4742","4 4 4 3 5 4 3 4 5 4 5 4 4 4 3 4 3 4","11 3 9 13 7 5 15 1 17 4 10 16 2 8 18 6 12 14"
"Mountain Brook Club","AL","Birmingham","Green","","","67.8","116","4468","4 4 4 3 5 4 3 4 5 4 5 4 4 4 3 4 3 4","11 3 9 13 7 5 15 1 17 4 10 16 2 8 18 6 12 14"
"Pine Tree Country Club","AL","Birmingham","Blue","74.4","135","","","7038","5 3 4 4 4 5 3 4 4 4 3 4 5 4 5 3 4 4","15 11 5 1 7 17 13 9 3 4 14 8 16 2 10 18 6 12"
"Pine Tree Country Club","AL","Birmingham","Purple","73.5","134","","","6851","5 3 4 4 4 5 3 4 4 4 3 4 5 4 5 3 4 4","15 11 5 1 7 17 13 9 3 4 14 8 16 2 10 18 6 12"
"Pine Tree Country Club","AL","Birmingham","Black","72.8","133","","","6704","5 3 4 4 4 5 3 4 4 4 3 4 5 4 5 3 4 4","15 11 5 1 7 17 13 9 3 4 14 8 16 2 10 18 6 12"
"Pine Tree Country Club","AL","Birmingham","Grey","71.5","132","","","6465","5 3 4 4 4 5 3 4 4 4 3 4 5 4 5 3 4 4","15 11 5 1 7 17 13 9 3 4 14 8 16 2 10 18 6 12"
"Pine Tree Country Club","AL","Birmingham","White","70.4","130","76.1","133","6228","5 3 4 4 4 5 3 4 4 4 3 4 5 4 5 3 4 4","15 11 5 1 7 17 13 9 3 4 14 8 16 2 10 18 6 12"
"Pine Tree Country Club","AL","Birmingham","Green","68.9","125","","","5882","5 3 4 4 4 5 3 4 4 4 3 4 5 4 5 3 4 4","15 11 5 1 7 17 13 9 3 4 14 8 16 2 10 18 6 12"
"Pine Tree Country Club","AL","Birmingham","Gold","67.7","116","72.5","125","5571","5 3 4 4 4 5 3 4 4 4 3 4 5 4 5 3 4 4","15 11 5 1 7 17 13 9 3 4 14 8 16 2 10 18 6 12"
"Pine Tree Country Club","AL","Birmingham","Orange","65.9","113","70.2","120","5155","5 3 4 4 4 5 3 4 4 4 3 4 5 4 5 3 4 4","15 11 5 1 7 17 13 9 3 4 14 8 16 2 10 18 6 12"
"Pine Tree Country Club","AL","Birmingham","Red","64.1","110","68.3","116","4806","5 3 4 4 4 5 3 4 4 4 3 4 5 4 5 3 4 4","15 11 5 1 7 17 13 9 3 4 14 8 16 2 10 18 6 12"
"Vestavia Country Club","AL","Birmingham","Tee I","73.3","142","","","6745","4 5 4 4 3 5 3 4 4 4 4 4 3 5 3 4 3 5","7 13 9 1 3 15 5 11 17 6 16 4 8 2 18 10 12 14"
"Vestavia Country Club","AL","Birmingham","Tee 1948","72","140","","","6525","4 5 4 4 3 5 3 4 4 4 4 4 3 5 3 4 3 5","7 13 9 1 3 15 5 11 17 6 16 4 8 2 18 10 12 14"
"Vestavia Country Club","AL","Birmingham","Tee II","71","138","","","6325","4 5 4 4 3 5 3 4 4 4 4 4 3 5 3 4 3 5","7 13 9 1 3 15 5 11 17 6 16 4 8 2 18 10 12 14"
"Vestavia Country Club","AL","Birmingham","Beaumont","69.2","132","","","5980","4 5 4 4 3 5 3 4 4 4 4 4 3 5 3 4 3 5","7 13 9 1 3 15 5 11 17 6 16 4 8 2 18 10 12 14"
"Vestavia Country Club","AL","Birmingham","Tee III","68.5","129","74.6","136","5745","4 5 4 4 3 5 3 4 4 4 4 4 3 5 3 4 3 5","7 13 9 1 3 15 5 11 17 6 16 4 8 2 18 10 12 14"
"Vestavia Country Club","AL","Birmingham","Boswell","66.3","124","72.5","132","5380","4 5 4 4 3 5 3 4 4 4 4 4 3 5 3 4 3 5","7 13 9 1 3 15 5 11 17 6 16 4 8 2 18 10 12 14"
"Vestavia Country Club","AL","Birmingham","Tee IV","65.1","122","70.6","128","5025","4 5 4 4 3 5 3 4 4 4 4 4 3 5 3 4 3 5","7 13 9 1 3 15 5 11 17 6 16 4 8 2 18 10 12 14"
"Vestavia Country Club","AL","Birmingham","Tee V","62","115","66","118","4215","4 5 4 4 3 5 3 4 4 4 4 4 3 5 3 4 3 5","7 13 9 1 3 15 5 11 17 6 16 4 8 2 18 10 12 14"
"Riverchase Country Club","AL","Birmingham","Tee 1","72.7","138","","","6842","4 5 3 4 4 3 4 5 4 4 5 3 4 4 3 5 4 4","7 13 15 9 5 17 1 11 3 10 12 18 8 2 16 14 6 4"
"Riverchase Country Club","AL","Birmingham","Tee 1/2","72","137","","","6646","4 5 3 4 4 3 4 5 4 4 5 3 4 4 3 5 4 4","7 13 15 9 5 17 1 11 3 10 12 18 8 2 16 14 6 4"
"Riverchase Country Club","AL","Birmingham","Tee 2","71.3","136","","","6480","4 5 3 4 4 3 4 5 4 4 5 3 4 4 3 5 4 4","7 13 15 9 5 17 1 11 3 10 12 18 8 2 16 14 6 4"
"Riverchase Country Club","AL","Birmingham","Tee 3","69.2","130","","","5981","4 5 3 4 4 3 4 5 4 4 5 3 4 4 3 5 4 4","7 13 15 9 5 17 1 11 3 10 12 18 8 2 16 14 6 4"
"Riverchase Country Club","AL","Birmingham","Tee 4","66.6","125","","","5424","4 5 3 4 4 3 4 5 4 4 5 3 4 4 3 5 4 4","7 13 15 9 5 17 1 11 3 10 12 18 8 2 16 14 6 4"
"Riverchase Country Club","AL","Birmingham","Tee 5","65.9","124","71.4","123","5300","4 5 3 4 4 3 4 5 4 4 5 3 4 4 3 5 4 4","7 13 15 9 5 17 1 11 3 10 12 18 8 2 16 14 6 4"
"Riverchase Country Club","AL","Birmingham","Tee 6","63.1","117","67.7","115","4657","4 5 3 4 4 3 4 5 4 4 5 3 4 4 3 5 4 4","7 13 15 9 5 17 1 11 3 10 12 18 8 2 16 14 6 4"
"Roebuck Municipal Golf Course","AL","Birmingham","Blue","69.9","126","","","6324","4 4 4 5 4 4 3 4 5 3 4 4 5 4 3 4 3 4","3 17 7 5 13 9 11 1 15 8 12 16 18 6 4 10 14 2"
"Roebuck Municipal Golf Course","AL","Birmingham","White","68.4","122","","","5974","4 4 4 5 4 4 3 4 5 3 4 4 5 4 3 4 3 4","3 17 7 5 13 9 11 1 15 8 12 16 18 6 4 10 14 2"
"Roebuck Municipal Golf Course","AL","Birmingham","Gold","65.5","114","70.3","123","5348","4 4 4 5 4 4 3 4 5 3 4 4 5 4 3 4 3 4","3 17 7 5 13 9 11 1 15 8 12 16 18 6 4 10 14 2"
"Roebuck Municipal Golf Course","AL","Birmingham","Red","","","69.3","121","5175","4 4 4 5 4 4 3 4 5 3 4 4 5 4 3 4 3 4","3 17 7 5 13 9 11 1 15 8 12 16 18 6 4 10 14 2"
"Hoover Country Club","AL","Birmingham","Tee V","73.7","139","","","6908","4 3 5 4 3 5 4 3 5 4 5 3 4 4 4 4 3 5","7 11 17 3 9 13 1 15 5 16 18 4 6 2 8 12 10 14"
"Hoover Country Club","AL","Birmingham","Chairman","72.7","138","","","6718","4 3 5 4 3 5 4 3 5 4 5 3 4 4 4 4 3 5","7 11 17 3 9 13 1 15 5 16 18 4 6 2 8 12 10 14"
"Hoover Country Club","AL","Birmingham","Tee IV","71.6","136","","","6478","4 3 5 4 3 5 4 3 5 4 5 3 4 4 4 4 3 5","7 11 17 3 9 13 1 15 5 16 18 4 6 2 8 12 10 14"
"Hoover Country Club","AL","Birmingham","Tee IV/III","70.1","134","","","6164","4 3 5 4 3 5 4 3 5 4 5 3 4 4 4 4 3 5","7 11 17 3 9 13 1 15 5 16 18 4 6 2 8 12 10 14"
"Hoover Country Club","AL","Birmingham","Tee III","69.1","130","74.6","134","5920","4 3 5 4 3 5 4 3 5 4 5 3 4 4 4 4 3 5","7 11 17 3 9 13 1 15 5 16 18 4 6 2 8 12 10 14"
"Hoover Country Club","AL","Birmingham","Tee III/II","67.7","127","","","5612","4 3 5 4 3 5 4 3 5 4 5 3 4 4 4 4 3 5","7 11 17 3 9 13 1 15 5 16 18 4 6 2 8 12 10 14"
"Hoover Country Club","AL","Birmingham","Tee II","66.6","124","71.4","128","5356","4 3 5 4 3 5 4 3 5 4 5 3 4 4 4 4 3 5","7 11 17 3 9 13 1 15 5 16 18 4 6 2 8 12 10 14"
"Hoover Country Club","AL","Birmingham","Tee II/I","66","123","70.8","126","5237","4 3 5 4 3 5 4 3 5 4 5 3 4 4 4 4 3 5","7 11 17 3 9 13 1 15 5 16 18 4 6 2 8 12 10 14"
"Hoover Country Club","AL","Birmingham","Tee I","64.7","121","69.2","123","4949","4 3 5 4 3 5 4 3 5 4 5 3 4 4 4 4 3 5","7 11 17 3 9 13 1 15 5 16 18 4 6 2 8 12 10 14"
"Hoover Country Club","AL","Birmingham","Tee I/O","","","67.2","119","4490","4 3 5 4 3 5 4 3 5 4 5 3 4 4 4 4 3 5","7 11 17 3 9 13 1 15 5 16 18 4 6 2 8 12 10 14"
"Hoover Country Club","AL","Birmingham","Tee O","61.7","114","64.4","112","3867","4 3 5 4 3 5 4 3 5 4 5 3 4 4 4 4 3 5","7 11 17 3 9 13 1 15 5 16 18 4 6 2 8 12 10 14"
"West at Country Club of Birmingham","AL","Birmingham","V","75.4","146","","","7215","4 4 4 5 3 4 4 3 4 5 3 4 3 4 5 4 4 4","11 1 9 3 15 7 5 17 13 8 18 14 16 2 6 4 10 12"
"West at Country Club of Birmingham","AL","Birmingham","V/IV","74.2","142","","","6946","4 4 4 5 3 4 4 3 4 5 3 4 3 4 5 4 4 4","11 1 9 3 15 7 5 17 13 8 18 14 16 2 6 4 10 12"
"West at Country Club of Birmingham","AL","Birmingham","IV","73.6","141","","","6793","4 4 4 5 3 4 4 3 4 5 3 4 3 4 5 4 4 4","11 1 9 3 15 7 5 17 13 8 18 14 16 2 6 4 10 12"
"West at Country Club of Birmingham","AL","Birmingham","III/IV","72.6","138","","","6557","4 4 4 5 3 4 4 3 4 5 3 4 3 4 5 4 4 4","11 1 9 3 15 7 5 17 13 8 18 14 16 2 6 4 10 12"
"West at Country Club of Birmingham","AL","Birmingham","III","71.5","136","77.8","145","6346","4 4 4 5 3 4 4 3 4 5 3 4 3 4 5 4 4 4","11 1 9 3 15 7 5 17 13 8 18 14 16 2 6 4 10 12"
"West at Country Club of Birmingham","AL","Birmingham","II/III","70.3","135","","","6115","4 4 4 5 3 4 4 3 4 5 3 4 3 4 5 4 4 4","11 1 9 3 15 7 5 17 13 8 18 14 16 2 6 4 10 12"
"West at Country Club of Birmingham","AL","Birmingham","II","68.7","134","74.8","139","5814","4 4 4 5 3 4 4 3 4 5 3 4 3 4 5 4 4 4","11 1 9 3 15 7 5 17 13 8 18 14 16 2 6 4 10 12"
"West at Country Club of Birmingham","AL","Birmingham","I","65.8","128","71.5","132","5221","4 4 4 5 3 4 4 3 4 5 3 4 3 4 5 4 4 4","11 1 9 3 15 7 5 17 13 8 18 14 16 2 6 4 10 12"
"Clear Creek Golf Club","AL","Boaz","Blue","70.6","121","","","6559","4 4 5 3 4 5 4 4 3 4 5 3 4 4 3 4 4 5","3 13 17 7 1 15 5 9 11 6 16 12 2 8 14 4 18 10"
"Clear Creek Golf Club","AL","Boaz","White","68.1","115","","","6005","4 4 5 3 4 5 4 4 3 4 5 3 4 4 3 4 4 5","3 13 17 7 1 15 5 9 11 6 16 12 2 8 14 4 18 10"
"Clear Creek Golf Club","AL","Boaz","Black","64.9","109","","","5314","4 4 5 3 4 5 4 4 3 4 5 3 4 4 3 4 4 5","3 13 17 7 1 15 5 9 11 6 16 12 2 8 14 4 18 10"
"Clear Creek Golf Club","AL","Boaz","Red","","","66","108","4690","4 4 5 3 4 5 4 4 3 4 5 3 4 4 3 4 4 5","3 13 17 7 1 15 5 9 11 6 16 12 2 8 14 4 18 10"
"Hidden Valley Golf Course","AL","Bryant","Blue","70.2","119","","","6101","4 4 4 4 4 3 5 3 5 4 4 3 4 4 3 5 4 5","1 9 3 7 11 5 15 17 13 2 16 6 18 4 10 14 12 8"
"Hidden Valley Golf Course","AL","Bryant","Red","","","71.2","121","5864","4 4 4 4 4 3 5 3 5 4 4 3 4 4 3 5 4 5","1 9 3 7 11 5 15 17 13 2 16 6 18 4 10 14 12 8"
"Cherokee Country Club","AL","Centre","Black","69.7","119","","","6088","4 4 4 4 3 5 4 3 4 4 4 3 4 5 4 5 3 4","5 17 13 1 11 15 3 7 9 18 6 10 12 14 16 2 4 8"
"Cherokee Country Club","AL","Centre","Blue","68.2","115","","","5491","4 4 4 4 3 5 4 3 4 4 4 3 4 5 4 5 3 4","5 17 13 1 11 15 3 7 9 18 6 10 12 14 16 2 4 8"
"Cherokee Country Club","AL","Centre","White","67.1","113","65.2","109","4777","4 4 4 4 3 5 4 3 4 4 4 3 4 5 4 5 3 4","5 17 13 1 11 15 3 7 9 18 6 10 12 14 16 2 4 8"
"Cherokee Country Club","AL","Centre","Red","65.1","109","65.9","107","4663","4 4 4 4 3 5 4 3 4 4 4 3 4 5 4 5 3 4","5 17 13 1 11 15 3 7 9 18 6 10 12 14 16 2 4 8"
"Juniper Creek Golf","AL","Brewton","Blue","74.1","136","","","7028","4 5 4 3 4 5 3 4 4 4 3 4 4 4 5 4 3 5","5 7 1 17 15 11 13 9 3 4 6 16 8 2 12 10 18 14"
"Juniper Creek Golf","AL","Brewton","White","72.2","133","","","6595","4 5 4 3 4 5 3 4 4 4 3 4 4 4 5 4 3 5","5 7 1 17 15 11 13 9 3 4 6 16 8 2 12 10 18 14"
"Juniper Creek Golf","AL","Brewton","Gold","69.6","130","","","6052","4 5 4 3 4 5 3 4 4 4 3 4 4 4 5 4 3 5","5 7 1 17 15 11 13 9 3 4 6 16 8 2 12 10 18 14"
"Juniper Creek Golf","AL","Brewton","Red","66.4","123","71.3","125","5332","4 5 4 3 4 5 3 4 4 4 3 4 4 4 5 4 3 5","5 7 1 17 15 11 13 9 3 4 6 16 8 2 12 10 18 14"
"Juniper Creek Golf","AL","Brewton","Ladies Senior","","","66.7","114","4490","4 5 4 3 4 5 3 4 4 4 3 4 4 4 5 4 3 5","5 7 1 17 15 11 13 9 3 4 6 16 8 2 12 10 18 14"
"Cahaba Falls Country Club","AL","Centreville","Blue","69.1","114","","","6078","4 3 4 3 4 4 4 4 4 5 4 5 4 5 3 4 3 4","16 12 6 14 10 18 2 4 8 17 1 11 9 15 13 7 5 3"
"Cahaba Falls Country Club","AL","Centreville","White","67","106","","","5650","4 3 4 3 4 4 4 4 4 5 4 5 4 5 3 4 3 4","16 12 6 14 10 18 2 4 8 17 1 11 9 15 13 7 5 3"
"Cahaba Falls Country Club","AL","Centreville","Gold","63.4","103","69","117","4767","4 3 4 3 4 4 4 4 4 5 4 5 4 5 3 4 3 4","16 12 6 14 10 18 2 4 8 17 1 11 9 15 13 7 5 3"
"Cahaba Falls Country Club","AL","Centreville","Red","","","67.1","114","4593","4 3 4 3 4 4 4 4 4 5 4 5 4 5 3 4 3 4","16 12 6 14 10 18 2 4 8 17 1 11 9 15 13 7 5 3"
"The Pines of Chatom Golf Course","AL","Chatom","Blue","70","120","","","6129","5 3 4 4 3 5 4 4 4 4 5 3 4 4 5 4 3 4","17 12 2 5 3 18 11 8 10 9 16 13 15 1 14 6 4 7"
"The Pines of Chatom Golf Course","AL","Chatom","White","68.6","117","","","5923","5 3 4 4 3 5 4 4 4 4 5 3 4 4 5 4 3 4","17 12 2 5 3 18 11 8 10 9 16 13 15 1 14 6 4 7"
"The Pines of Chatom Golf Course","AL","Chatom","Red","","","68.9","120","4951","5 3 4 4 3 5 4 4 4 4 5 3 4 4 5 4 3 4","17 12 2 5 3 18 11 8 10 9 16 13 15 1 14 6 4 7"
"Mill Creek Golf Course","AL","Citronelle","Blue","70","126","","","6271","4 3 4 5 3 4 5 3 5 4 3 4 5 4 4 4 3 4","5 11 9 15 3 1 17 7 13 6 12 4 14 16 8 10 18 2"
"Mill Creek Golf Course","AL","Citronelle","White","68.5","123","","","5916","4 3 4 5 3 4 5 3 5 4 3 4 5 4 4 4 3 4","5 11 9 15 3 1 17 7 13 6 12 4 14 16 8 10 18 2"
"Mill Creek Golf Course","AL","Citronelle","Red","","","69.4","116","5201","4 3 4 5 3 4 5 3 5 4 3 4 5 4 4 4 3 4","5 11 9 15 3 1 17 7 13 6 12 4 14 16 8 10 18 2"
"Coosa Pines Golf Club","AL","Coosa Pines","Blue","70.2","121","","","6429","4 4 3 4 4 3 5 4 5 4 3 4 5 4 4 5 3 4","5 3 13 7 9 17 11 1 15 6 8 10 2 16 18 12 14 4"
"Coosa Pines Golf Club","AL","Coosa Pines","Yellow","68.3","116","","","6046","4 4 3 4 4 3 5 4 5 4 3 4 5 4 4 5 3 4","5 3 13 7 9 17 11 1 15 6 8 10 2 16 18 12 14 4"
"Coosa Pines Golf Club","AL","Coosa Pines","White","66.7","111","","","5679","4 4 3 4 4 3 5 4 5 4 3 4 5 4 4 5 3 4","5 3 13 7 9 17 11 1 15 6 8 10 2 16 18 12 14 4"
"Coosa Pines Golf Club","AL","Coosa Pines","Red","","","70.2","116","5211","4 4 3 4 4 3 5 4 5 4 3 4 5 4 4 5 3 4","5 3 13 7 9 17 11 1 15 6 8 10 2 16 18 12 14 4"
"Point Mallard Golf Course","AL","Decatur","Blue","73.1","124","","","7064","4 5 3 4 4 4 5 3 4 4 3 5 3 4 5 4 4 4","9 17 3 15 1 7 13 11 5 2 18 8 6 12 16 10 14 4"
"Point Mallard Golf Course","AL","Decatur","White","71.2","118","","","6585","4 5 3 4 4 4 5 3 4 4 3 5 3 4 5 4 4 4","9 17 3 15 1 7 13 11 5 2 18 8 6 12 16 10 14 4"
"Point Mallard Golf Course","AL","Decatur","Gold","67.3","109","73.1","117","5881","4 5 3 4 4 4 5 3 4 4 3 5 3 4 5 4 4 4","9 17 3 15 1 7 13 11 5 2 18 8 6 12 16 10 14 4"
"Point Mallard Golf Course","AL","Decatur","Red","64.9","105","69.9","111","5325","4 5 3 4 4 4 5 3 4 4 3 5 3 4 5 4 4 4","9 17 3 15 1 7 13 11 5 2 18 8 6 12 16 10 14 4"
"Demopolis Country Club","AL","Demopolis","White","69.8","126","","","6256","5 4 4 4 4 3 4 5 3 5 4 3 4 3 4 4 5 4","17 7 1 5 15 9 3 13 11 12 18 8 16 6 14 4 2 10"
"Demopolis Country Club","AL","Demopolis","Gold","66.1","114","","","5746","5 4 4 4 4 3 4 5 3 5 4 3 4 3 4 4 5 4","17 7 1 5 15 9 3 13 11 12 18 8 16 6 14 4 2 10"
"Demopolis Country Club","AL","Demopolis","Red","","","66.1","108","5390","5 4 4 4 4 3 4 5 3 5 4 3 4 3 4 4 5 4","17 7 1 5 15 9 3 13 11 12 18 8 16 6 14 4 2 10"
"Chesley Oaks Golf Club","AL","Cullman","Yellow","71.7","125","","","6738","4 4 3 4 4 4 5 3 4 4 4 3 4 5 3 4 4 5","11 9 13 3 15 1 17 7 5 4 8 12 16 14 10 2 6 18"
"Chesley Oaks Golf Club","AL","Cullman","Blue","69.1","121","","","6152","4 4 3 4 4 4 5 3 4 4 4 3 4 5 3 4 4 5","11 9 13 3 15 1 17 7 5 4 8 12 16 14 10 2 6 18"
"Chesley Oaks Golf Club","AL","Cullman","White","66.5","109","","","5547","4 4 3 4 4 4 5 3 4 4 4 3 4 5 3 4 4 5","11 9 13 3 15 1 17 7 5 4 8 12 16 14 10 2 6 18"
"Chesley Oaks Golf Club","AL","Cullman","Red","","","67.9","107","4981","4 4 3 4 4 4 5 3 4 4 4 3 4 5 3 4 4 5","11 9 13 3 15 1 17 7 5 4 8 12 16 14 10 2 6 18"
"Lake Forest Golf Club","AL","Daphne","Blue","71","123","","","6324","5 4 4 3 4 4 4 5 3 4 4 5 3 5 4 4 3 4","17 11 5 13 1 3 15 9 7 6 18 12 16 10 4 2 14 8"
"Lake Forest Golf Club","AL","Daphne","White","69.6","118","","","5984","5 4 4 3 4 4 4 5 3 4 4 5 3 5 4 4 3 4","17 11 5 13 1 3 15 9 7 6 18 12 16 10 4 2 14 8"
"Lake Forest Golf Club","AL","Daphne","White/Green","68","112","","","5667","5 4 4 3 4 4 4 5 3 4 4 5 3 5 4 4 3 4","17 11 5 13 1 3 15 9 7 6 18 12 16 10 4 2 14 8"
"Lake Forest Golf Club","AL","Daphne","Green","66.9","111","","","5391","5 4 4 3 4 4 4 5 3 4 4 5 3 5 4 4 3 4","17 11 5 13 1 3 15 9 7 6 18 12 16 10 4 2 14 8"
"Lake Forest Golf Club","AL","Daphne","Red","64.8","107","69.6","112","4984","5 4 4 3 4 4 4 5 3 4 4 5 3 5 4 4 3 4","17 11 5 13 1 3 15 9 7 6 18 12 16 10 4 2 14 8"
"Lake Forest Golf Club","AL","Daphne","Gold","","","68.6","111","4840","5 4 4 3 4 4 4 5 3 4 4 5 3 5 4 4 3 4","17 11 5 13 1 3 15 9 7 6 18 12 16 10 4 2 14 8"
"Dothan Country Club","AL","Dothan","Tee I","71.4","130","","","6537","4 4 3 5 3 4 4 4 4 5 3 4 3 4 4 4 4 4","15 7 13 1 17 5 3 9 11 2 18 10 14 4 12 6 16 8"
"Dothan Country Club","AL","Dothan","Rookie","71","130","","","6415","4 4 3 5 3 4 4 4 4 5 3 4 3 4 4 4 4 4","15 7 13 1 17 5 3 9 11 2 18 10 14 4 12 6 16 8"
"Dothan Country Club","AL","Dothan","Tee II","69.7","128","","","6134","4 4 3 5 3 4 4 4 4 5 3 4 3 4 4 4 4 4","15 7 13 1 17 5 3 9 11 2 18 10 14 4 12 6 16 8"
"Dothan Country Club","AL","Dothan","Rebel","68.1","128","","","5845","4 4 3 5 3 4 4 4 4 5 3 4 3 4 4 4 4 4","15 7 13 1 17 5 3 9 11 2 18 10 14 4 12 6 16 8"
"Dothan Country Club","AL","Dothan","Tee III","67.2","126","72","128","5587","4 4 3 5 3 4 4 4 4 5 3 4 3 4 4 4 4 4","15 7 13 1 17 5 3 9 11 2 18 10 14 4 12 6 16 8"
"Dothan Country Club","AL","Dothan","Bucks","65.1","122","69.6","122","5164","4 4 3 5 3 4 4 4 4 5 3 4 3 4 4 4 4 4","15 7 13 1 17 5 3 9 11 2 18 10 14 4 12 6 16 8"
"Dothan Country Club","AL","Dothan","Tee IV","63.8","119","68","119","4839","4 4 3 5 3 4 4 4 4 5 3 4 3 4 4 4 4 4","15 7 13 1 17 5 3 9 11 2 18 10 14 4 12 6 16 8"
"Dothan Country Club","AL","Dothan","Church","62.2","114","65.9","114","4409","4 4 3 5 3 4 4 4 4 5 3 4 3 4 4 4 4 4","15 7 13 1 17 5 3 9 11 2 18 10 14 4 12 6 16 8"
"Dothan Country Club","AL","Dothan","Tee V","61","113","63.9","110","4071","4 4 3 5 3 4 4 4 4 5 3 4 3 4 4 4 4 4","15 7 13 1 17 5 3 9 11 2 18 10 14 4 12 6 16 8"
"Terri Pines Country Club","AL","Cullman","Black","72.6","133","","","6709","5 4 4 4 3 4 4 3 5 4 4 3 4 5 4 4 3 5","17 5 13 1 7 9 3 11 15 4 8 10 2 14 6 16 12 18"
"Terri Pines Country Club","AL","Cullman","Blue","71.4","131","","","6451","5 4 4 4 3 4 4 3 5 4 4 3 4 5 4 4 3 5","17 5 13 1 7 9 3 11 15 4 8 10 2 14 6 16 12 18"
"Terri Pines Country Club","AL","Cullman","White","69.2","131","75","136","6002","5 4 4 4 3 4 4 3 5 4 4 3 4 5 4 4 3 5","17 5 13 1 7 9 3 11 15 4 8 10 2 14 6 16 12 18"
"Terri Pines Country Club","AL","Cullman","Gold","67","120","71.9","130","5453","5 4 4 4 3 4 4 3 5 4 4 3 4 5 4 4 3 5","17 5 13 1 7 9 3 11 15 4 8 10 2 14 6 16 12 18"
"Terri Pines Country Club","AL","Cullman","Red","64.4","114","68.5","122","4869","5 4 4 4 3 4 4 3 5 4 4 3 4 5 4 4 3 5","17 5 13 1 7 9 3 11 15 4 8 10 2 14 6 16 12 18"
"Dogwood Pines at Timbercreek Golf Club","AL","Daphne","Gold","73.5","132","","","7049","4 5 4 3 4 3 5 4 4 4 4 4 3 4 5 4 3 5","13 5 9 15 7 11 1 17 3 16 6 12 18 8 14 4 10 2"
"Dogwood Pines at Timbercreek Golf Club","AL","Daphne","Blue","71.1","128","","","6512","4 5 4 3 4 3 5 4 4 4 4 4 3 4 5 4 3 5","13 5 9 15 7 11 1 17 3 16 6 12 18 8 14 4 10 2"
"Dogwood Pines at Timbercreek Golf Club","AL","Daphne","White","68.7","123","74","125","6001","4 5 4 3 4 3 5 4 4 4 4 4 3 4 5 4 3 5","13 5 9 15 7 11 1 17 3 16 6 12 18 8 14 4 10 2"
"Dogwood Pines at Timbercreek Golf Club","AL","Daphne","Green","66.4","112","71.1","119","5471","4 5 4 3 4 3 5 4 4 4 4 4 3 4 5 4 3 5","13 5 9 15 7 11 1 17 3 16 6 12 18 8 14 4 10 2"
"Dogwood Pines at Timbercreek Golf Club","AL","Daphne","Red","64.3","108","68.5","114","5020","4 5 4 3 4 3 5 4 4 4 4 4 3 4 5 4 3 5","13 5 9 15 7 11 1 17 3 16 6 12 18 8 14 4 10 2"
"Pines Magnolia at Timbercreek Golf Club","AL","Daphne","Gold","74.5","137","","","7225","4 4 4 3 4 5 4 3 5 5 4 3 5 3 4 4 4 4","6 12 14 16 10 18 2 4 8 5 1 15 3 13 9 17 7 11"
"Pines Magnolia at Timbercreek Golf Club","AL","Daphne","Blue","72.2","132","","","6693","4 4 4 3 4 5 4 3 5 5 4 3 5 3 4 4 4 4","6 12 14 16 10 18 2 4 8 5 1 15 3 13 9 17 7 11"
"Pines Magnolia at Timbercreek Golf Club","AL","Daphne","White","69.3","127","75","129","6113","4 4 4 3 4 5 4 3 5 5 4 3 5 3 4 4 4 4","6 12 14 16 10 18 2 4 8 5 1 15 3 13 9 17 7 11"
"Pines Magnolia at Timbercreek Golf Club","AL","Daphne","Green","67.4","117","72.4","124","5648","4 4 4 3 4 5 4 3 5 5 4 3 5 3 4 4 4 4","6 12 14 16 10 18 2 4 8 5 1 15 3 13 9 17 7 11"
"Pines Magnolia at Timbercreek Golf Club","AL","Daphne","Red","65.2","113","69.6","118","5154","4 4 4 3 4 5 4 3 5 5 4 3 5 3 4 4 4 4","6 12 14 16 10 18 2 4 8 5 1 15 3 13 9 17 7 11"
"Percy Marcum Golf Course","AL","Empire","Blue","65.1","109","","","5265","4 3 4 3 5 4 4 3 4 3 4 5 4 5 5 3 3 5","8 4 10 16 2 6 14 12 18 1 17 13 9 15 7 11 3 5"
"Percy Marcum Golf Course","AL","Empire","White","63.9","108","","","5019","4 3 4 3 5 4 4 3 4 3 4 5 4 5 5 3 3 5","8 4 10 16 2 6 14 12 18 1 17 13 9 15 7 11 3 5"
"Percy Marcum Golf Course","AL","Empire","Red","","","65.9","107","4808","4 3 4 3 5 4 4 3 4 3 4 5 4 5 5 3 3 5","8 4 10 16 2 6 14 12 18 1 17 13 9 15 7 11 3 5"
"Eufaula Country Club","AL","Eufaula","Blue","70.5","126","","","6352","4 3 4 3 5 4 5 4 4 4 4 5 3 4 5 4 3 4","14 16 6 10 4 2 8 18 12 1 5 7 11 13 17 3 15 9"
"Eufaula Country Club","AL","Eufaula","White","68.9","119","","","6008","4 3 4 3 5 4 5 4 4 4 4 5 3 4 5 4 3 4","14 16 6 10 4 2 8 18 12 1 5 7 11 13 17 3 15 9"
"Eufaula Country Club","AL","Eufaula","Gold","65.1","109","","","5300","4 3 4 3 5 4 5 4 4 4 4 5 3 4 5 4 3 4","14 16 6 10 4 2 8 18 12 1 5 7 11 13 17 3 15 9"
"Eufaula Country Club","AL","Eufaula","Red","62.5","102","67.6","108","4675","4 3 4 3 5 4 5 4 4 4 4 5 3 4 5 4 3 4","14 16 6 10 4 2 8 18 12 1 5 7 11 13 17 3 15 9"
"Eufaula Country Club","AL","Eufaula","Purple","","","63.8","103","4093","4 3 4 3 5 4 5 4 4 4 4 5 3 4 5 4 3 4","14 16 6 10 4 2 8 18 12 1 5 7 11 13 17 3 15 9"
"Enterprise Country Club","AL","Enterprise","Blue","71.1","122","","","6448","4 3 5 4 3 5 4 3 5 4 3 4 4 5 4 5 4 3","12 16 8 4 18 10 6 14 2 7 15 1 5 3 11 13 9 17"
"Enterprise Country Club","AL","Enterprise","White","70","118","","","6133","4 3 5 4 3 5 4 3 5 4 3 4 4 5 4 5 4 3","12 16 8 4 18 10 6 14 2 7 15 1 5 3 11 13 9 17"
"Enterprise Country Club","AL","Enterprise","Silver","67.2","111","","","5596","4 3 5 4 3 5 4 3 5 4 3 4 4 5 4 5 4 3","12 16 8 4 18 10 6 14 2 7 15 1 5 3 11 13 9 17"
"Enterprise Country Club","AL","Enterprise","Gold","64.8","107","69.9","119","5235","4 3 5 4 3 5 4 3 5 4 3 4 4 5 4 5 4 3","12 16 8 4 18 10 6 14 2 7 15 1 5 3 11 13 9 17"
"Enterprise Country Club","AL","Enterprise","Red","","","68","116","4917","4 3 5 4 3 5 4 3 5 4 3 4 4 5 4 5 4 3","12 16 8 4 18 10 6 14 2 7 15 1 5 3 11 13 9 17"
"Terrapin Hills Country Club","AL","Fort Payne","Blue","70.9","128","76.6","139","6432","4 3 5 5 3 4 4 4 4 3 4 5 3 4 4 3 4 5","13 17 3 5 11 1 7 15 9 6 10 4 14 2 18 16 8 12"
"Terrapin Hills Country Club","AL","Fort Payne","White","68.8","127","74.3","135","6009","4 3 5 5 3 4 4 4 4 3 4 5 3 4 4 3 4 5","13 17 3 5 11 1 7 15 9 6 10 4 14 2 18 16 8 12"
"Terrapin Hills Country Club","AL","Fort Payne","Gold","66.2","121","71.3","128","5448","4 3 5 5 3 4 4 4 4 3 4 5 3 4 4 3 4 5","13 17 3 5 11 1 7 15 9 6 10 4 14 2 18 16 8 12"
"Terrapin Hills Country Club","AL","Fort Payne","Red","63.2","114","67.6","121","4798","4 3 5 5 3 4 4 4 4 3 4 5 3 4 4 3 4 5","13 17 3 5 11 1 7 15 9 6 10 4 14 2 18 16 8 12"
"Country Club of Alabama","AL","Eufaula","Blue","70.8","133","","","6566","4 5 3 4 4 3 4 4 5 4 4 4 3 5 4 3 4 5","17 3 1 15 5 11 13 9 7 8 6 10 16 12 14 18 2 4"
"Country Club of Alabama","AL","Eufaula","White","69.1","124","","","6158","4 5 3 4 4 3 4 4 5 4 4 4 3 5 4 3 4 5","17 3 1 15 5 11 13 9 7 8 6 10 16 12 14 18 2 4"
"Country Club of Alabama","AL","Eufaula","Gold","67.4","119","","","5789","4 5 3 4 4 3 4 4 5 4 4 4 3 5 4 3 4 5","17 3 1 15 5 11 13 9 7 8 6 10 16 12 14 18 2 4"
"Country Club of Alabama","AL","Eufaula","Red Long","65.7","115","70.4","119","5415","4 5 3 4 4 3 4 4 5 4 4 4 3 5 4 3 4 5","17 3 1 15 5 11 13 9 7 8 6 10 16 12 14 18 2 4"
"Country Club of Alabama","AL","Eufaula","Red","64","113","68.3","116","5051","4 5 3 4 4 3 4 4 5 4 4 4 3 5 4 3 4 5","17 3 1 15 5 11 13 9 7 8 6 10 16 12 14 18 2 4"
"Cane Creek Golf Course","AL","Anniston","Blue","73.3","136","","","6881","4 4 3 4 5 3 4 5 4 4 4 3 4 5 3 4 4 5","15 7 17 3 9 11 5 1 13 6 2 10 8 14 12 4 18 16"
"Cane Creek Golf Course","AL","Anniston","White","70.8","133","","","6371","4 4 3 4 5 3 4 5 4 4 4 3 4 5 3 4 4 5","15 7 17 3 9 11 5 1 13 6 2 10 8 14 12 4 18 16"
"Cane Creek Golf Course","AL","Anniston","Gold","68.4","118","","","5761","4 4 3 4 5 3 4 5 4 4 4 3 4 5 3 4 4 5","15 7 17 3 9 11 5 1 13 6 2 10 8 14 12 4 18 16"
"Cane Creek Golf Course","AL","Anniston","Red","64.2","110","69","120","4910","4 4 3 4 5 3 4 5 4 4 4 3 4 5 3 4 4 5","15 7 17 3 9 11 5 1 13 6 2 10 8 14 12 4 18 16"
"Gadsden Country Club","AL","Gadsden","Gold","72.3","130","","","6575","4 3 5 4 4 3 4 4 4 4 4 5 3 5 3 4 4 4","5 13 15 9 3 11 1 7 17 12 8 18 10 16 14 6 4 2"
"Gadsden Country Club","AL","Gadsden","Blue","69.5","128","75.1","129","6073","4 3 5 4 4 3 4 4 4 4 4 5 3 5 3 4 4 4","5 13 15 9 3 11 1 7 17 12 8 18 10 16 14 6 4 2"
"Gadsden Country Club","AL","Gadsden","White","67.2","123","72.3","123","5635","4 3 5 4 4 3 4 4 4 4 4 5 3 5 3 4 4 4","5 13 15 9 3 11 1 7 17 12 8 18 10 16 14 6 4 2"
"Gadsden Country Club","AL","Gadsden","Green","65.7","121","70.9","120","5353","4 3 5 4 4 3 4 4 4 4 4 5 3 5 3 4 4 4","5 13 15 9 3 11 1 7 17 12 8 18 10 16 14 6 4 2"
"Gadsden Country Club","AL","Gadsden","Red","63.6","116","68.2","114","4884","4 3 5 4 4 3 4 4 4 4 4 5 3 5 3 4 4 4","5 13 15 9 3 11 1 7 17 12 8 18 10 16 14 6 4 2"
"Dogwood Hills Golf Club","AL","Flat Rock","Gold","69.7","115","","","6670","4 4 3 5 4 5 4 3 4 4 4 4 4 3 5 3 5 4","15 1 5 7 13 3 11 17 9 12 4 8 16 6 14 18 10 2"
"Dogwood Hills Golf Club","AL","Flat Rock","Blue","67.7","111","","","6297","4 4 3 5 4 5 4 3 4 4 4 4 4 3 5 3 5 4","15 1 5 7 13 3 11 17 9 12 4 8 16 6 14 18 10 2"
"Dogwood Hills Golf Club","AL","Flat Rock","White","65.8","106","67.1","108","5940","4 4 3 5 4 5 4 3 4 4 4 4 4 3 5 3 5 4","15 1 5 7 13 3 11 17 9 12 4 8 16 6 14 18 10 2"
"Dogwood Hills Golf Club","AL","Flat Rock","Red","63.7","102","65","104","5029","4 4 3 5 4 5 4 3 4 4 4 4 4 3 5 3 5 4","15 1 5 7 13 3 11 17 9 12 4 8 16 6 14 18 10 2"
"Castle Pines Country Club","AL","Gardendale","Blue","70.6","124","","","6537","4 4 4 5 3 4 4 3 5 4 3 5 4 4 4 4 3 5","1 3 5 7 9 11 13 15 17 2 4 6 8 10 12 14 16 18"
"Castle Pines Country Club","AL","Gardendale","White","68.4","121","","","6095","4 4 4 5 3 4 4 3 5 4 3 5 4 4 4 4 3 5","1 3 5 7 9 11 13 15 17 2 4 6 8 10 12 14 16 18"
"Castle Pines Country Club","AL","Gardendale","Gold","63.8","109","","","5166","4 4 4 5 3 4 4 3 5 4 3 5 4 4 4 4 3 5","1 3 5 7 9 11 13 15 17 2 4 6 8 10 12 14 16 18"
"Castle Pines Country Club","AL","Gardendale","Red","","","69.7","126","5081","4 4 4 5 3 4 4 3 5 4 3 5 4 4 4 4 3 5","1 3 5 7 9 11 13 15 17 2 4 6 8 10 12 14 16 18"
"White Blue at Silver Wings Golf Course","AL","Fort Rucker","Blue","71.1","126","","","6536","5 3 4 4 4 4 3 4 4 4 4 3 4 4 5 4 3 5","9 17 1 5 11 15 7 13 3 12 10 18 14 6 2 4 16 8"
"White Blue at Silver Wings Golf Course","AL","Fort Rucker","White","70","122","","","6164","5 3 4 4 4 4 3 4 4 4 4 3 4 4 5 4 3 5","9 17 1 5 11 15 7 13 3 12 10 18 14 6 2 4 16 8"
"White Blue at Silver Wings Golf Course","AL","Fort Rucker","Gold","66.6","114","","","5428","5 3 4 4 4 4 3 4 4 4 4 3 4 4 5 4 3 5","9 17 1 5 11 15 7 13 3 12 10 18 14 6 2 4 16 8"
"White Blue at Silver Wings Golf Course","AL","Fort Rucker","Red","63.6","108","68.1","116","4919","5 3 4 4 4 4 3 4 4 4 4 3 4 4 5 4 3 5","9 17 1 5 11 15 7 13 3 12 10 18 14 6 2 4 16 8"
"Blue Red at Silver Wings Golf Course","AL","Fort Rucker","Blue","72.3","128","","","6825","4 4 3 4 4 5 4 3 5 5 4 4 3 4 4 5 3 4","12 10 18 14 6 2 4 16 8 5 1 13 17 7 11 3 9 15"
"Blue Red at Silver Wings Golf Course","AL","Fort Rucker","White","71.1","125","","","6504","4 4 3 4 4 5 4 3 5 5 4 4 3 4 4 5 3 4","12 10 18 14 6 2 4 16 8 5 1 13 17 7 11 3 9 15"
"Blue Red at Silver Wings Golf Course","AL","Fort Rucker","Gold","67.6","115","","","5797","4 4 3 4 4 5 4 3 5 5 4 4 3 4 4 5 3 4","12 10 18 14 6 2 4 16 8 5 1 13 17 7 11 3 9 15"
"Blue Red at Silver Wings Golf Course","AL","Fort Rucker","Red","65.4","111","70.5","120","5337","4 4 3 4 4 5 4 3 5 5 4 4 3 4 4 5 3 4","12 10 18 14 6 2 4 16 8 5 1 13 17 7 11 3 9 15"
"Red White at Silver Wings Golf Course","AL","Fort Rucker","Blue","71","124","","","6531","5 4 4 3 4 4 5 3 4 5 3 4 4 4 4 3 4 4","5 1 11 17 13 9 7 3 15 10 18 2 6 12 16 8 14 4"
"Red White at Silver Wings Golf Course","AL","Fort Rucker","White","69.9","122","","","6210","5 4 4 3 4 4 5 3 4 5 3 4 4 4 4 3 4 4","5 1 11 17 13 9 7 3 15 10 18 2 6 12 16 8 14 4"
"Red White at Silver Wings Golf Course","AL","Fort Rucker","Gold","66.4","115","","","5621","5 4 4 3 4 4 5 3 4 5 3 4 4 4 4 3 4 4","5 1 11 17 13 9 7 3 15 10 18 2 6 12 16 8 14 4"
"Red White at Silver Wings Golf Course","AL","Fort Rucker","Red","64.4","110","69","116","5190","5 4 4 3 4 4 5 3 4 5 3 4 4 4 4 3 4 4","5 1 11 17 13 9 7 3 15 10 18 2 6 12 16 8 14 4"
"White Blue at Mountain View Golf Course","AL","Graysville","Grey","67.3","113","","","5888","3 4 4 4 4 3 5 3 5 4 3 4 3 4 5 4 3 5","5 7 11 1 13 3 15 9 17 6 8 12 2 14 4 16 10 18"
"White Blue at Mountain View Golf Course","AL","Graysville","Blue","66.4","112","","","5684","3 4 4 4 4 3 5 3 5 4 3 4 3 4 5 4 3 5","5 7 11 1 13 3 15 9 17 6 8 12 2 14 4 16 10 18"
"White Blue at Mountain View Golf Course","AL","Graysville","White","64.5","109","","","5305","3 4 4 4 4 3 5 3 5 4 3 4 3 4 5 4 3 5","5 7 11 1 13 3 15 9 17 6 8 12 2 14 4 16 10 18"
"White Blue at Mountain View Golf Course","AL","Graysville","Gold","62.3","99","","","4785","3 4 4 4 4 3 5 3 5 4 3 4 3 4 5 4 3 5","5 7 11 1 13 3 15 9 17 6 8 12 2 14 4 16 10 18"
"White Blue at Mountain View Golf Course","AL","Graysville","Red","","","65.3","110","4600","3 4 4 4 4 3 5 3 5 4 3 4 3 4 5 4 3 5","5 7 11 1 13 3 15 9 17 6 8 12 2 14 4 16 10 18"
"Links at Briarmeade","AL","Glencoe","Blue","69","116","","","6066","5 4 4 4 3 4 4 4 3 4 3 4 4 5 3 4 5 4","17 11 12 6 15 16 7 10 1 8 9 5 4 18 13 2 3 14"
"Links at Briarmeade","AL","Glencoe","White","65.8","116","","","5490","5 4 4 4 3 4 4 4 3 4 3 4 4 5 3 4 5 4","17 11 12 6 15 16 7 10 1 8 9 5 4 18 13 2 3 14"
"Links at Briarmeade","AL","Glencoe","Red","","","67.6","112","4949","5 4 4 4 3 4 4 4 3 4 3 4 4 5 3 4 5 4","17 11 12 6 15 16 7 10 1 8 9 5 4 18 13 2 3 14"
"Blue Red at Mountain View Golf Course","AL","Graysville","Gray","69.1","119","","","6195","3 4 4 4 4 3 5 3 5 5 3 4 3 5 4 4 4 4","6 2 10 8 12 4 14 16 18 5 1 9 7 11 3 13 15 17"
"Blue Red at Mountain View Golf Course","AL","Graysville","Blue","67.7","115","","","5946","3 4 4 4 4 3 5 3 5 5 3 4 3 5 4 4 4 4","6 2 10 8 12 4 14 16 18 5 1 9 7 11 3 13 15 17"
"Blue Red at Mountain View Golf Course","AL","Graysville","White","65.7","111","","","5495","3 4 4 4 4 3 5 3 5 5 3 4 3 5 4 4 4 4","6 2 10 8 12 4 14 16 18 5 1 9 7 11 3 13 15 17"
"Blue Red at Mountain View Golf Course","AL","Graysville","Red","","","66.2","110","4789","3 4 4 4 4 3 5 3 5 5 3 4 3 5 4 4 4 4","6 2 10 8 12 4 14 16 18 5 1 9 7 11 3 13 15 17"
"Red White at Mountain View Golf Course","AL","Graysville","Grey","68.4","117","","","6018","4 3 4 3 4 5 4 3 5 5 3 4 3 5 4 4 4 4","4 12 14 10 16 18 6 8 2 3 11 13 9 15 17 5 7 1"
"Red White at Mountain View Golf Course","AL","Graysville","Blue","67.1","115","","","5800","4 3 4 3 4 5 4 3 5 5 3 4 3 5 4 4 4 4","4 12 14 10 16 18 6 8 2 3 11 13 9 15 17 5 7 1"
"Red White at Mountain View Golf Course","AL","Graysville","White","65","109","","","5325","4 3 4 3 4 5 4 3 5 5 3 4 3 5 4 4 4 4","4 12 14 10 16 18 6 8 2 3 11 13 9 15 17 5 7 1"
"Red White at Mountain View Golf Course","AL","Graysville","Gold","63.1","101","","","4888","4 3 4 3 4 5 4 3 5 5 3 4 3 5 4 4 4 4","4 12 14 10 16 18 6 8 2 3 11 13 9 15 17 5 7 1"
"Red White at Mountain View Golf Course","AL","Graysville","Red","","","65.4","109","4660","4 3 4 3 4 5 4 3 5 5 3 4 3 5 4 4 4 4","4 12 14 10 16 18 6 8 2 3 11 13 9 15 17 5 7 1"
"Pikeville Country Club","AL","Guin","Blue","70.7","120","","","6502","5 4 3 4 4 5 4 3 4 4 4 5 4 3 5 4 3 4","16 6 8 10 2 18 4 12 14 11 9 17 13 5 15 1 3 7"
"Pikeville Country Club","AL","Guin","White","69.4","116","","","6228","5 4 3 4 4 5 4 3 4 4 4 5 4 3 5 4 3 4","16 6 8 10 2 18 4 12 14 11 9 17 13 5 15 1 3 7"
"Pikeville Country Club","AL","Guin","Gold","63.6","104","","","4968","5 4 3 4 4 5 4 3 4 4 4 5 4 3 5 4 3 4","16 6 8 10 2 18 4 12 14 11 9 17 13 5 15 1 3 7"
"Pikeville Country Club","AL","Guin","Red","","","67.1","107","4746","5 4 3 4 4 5 4 3 4 4 4 5 4 3 5 4 3 4","16 6 8 10 2 18 4 12 14 11 9 17 13 5 15 1 3 7"
"Haleyville Country Club","AL","Haleyville","Blue","71","133","","","6385","5 3 4 4 4 4 4 3 5 3 5 4 3 5 4 4 4 4","11 17 9 13 15 3 5 1 7 12 14 16 10 6 8 4 18 2"
"Haleyville Country Club","AL","Haleyville","Gold","68.4","129","","","5930","5 3 4 4 4 4 4 3 5 3 5 4 3 5 4 4 4 4","11 17 9 13 15 3 5 1 7 12 14 16 10 6 8 4 18 2"
"Haleyville Country Club","AL","Haleyville","Red","","","69.9","131","4629","5 3 4 4 4 4 4 3 5 3 5 4 3 5 4 4 4 4","11 17 9 13 15 3 5 1 7 12 14 16 10 6 8 4 18 2"
"Stoney Mountain Golf Club","AL","Guntersville","Blue","67.6","118","","","5931","4 5 3 4 4 4 4 3 5 5 3 4 4 4 3 5 4 4","0 0 0 0 0 0 0 0 0 0 0 0 0 0 0 0 0 0"
"Stoney Mountain Golf Club","AL","Guntersville","White","66.2","115","","","5608","4 5 3 4 4 4 4 3 5 5 3 4 4 4 3 5 4 4","0 0 0 0 0 0 0 0 0 0 0 0 0 0 0 0 0 0"
"Stoney Mountain Golf Club","AL","Guntersville","Red","","","66.2","117","4711","4 5 3 4 4 4 4 3 5 5 3 4 4 4 3 5 4 4","0 0 0 0 0 0 0 0 0 0 0 0 0 0 0 0 0 0"
"The Meadows Golf Course","AL","Harpersville","Blue","73.1","123","","","6843","4 4 3 4 5 4 4 3 5 5 4 3 4 4 5 4 3 4","5 7 13 1 15 17 3 9 11 16 4 10 6 14 12 2 18 8"
"The Meadows Golf Course","AL","Harpersville","White","70.7","121","","","6409","4 4 3 4 5 4 4 3 5 5 4 3 4 4 5 4 3 4","5 7 13 1 15 17 3 9 11 16 4 10 6 14 12 2 18 8"
"The Meadows Golf Course","AL","Harpersville","Yellow","70","119","","","6065","4 4 3 4 5 4 4 3 5 5 4 3 4 4 5 4 3 4","5 7 13 1 15 17 3 9 11 16 4 10 6 14 12 2 18 8"
"The Meadows Golf Course","AL","Harpersville","Red","","","67.1","113","5316","4 4 3 4 5 4 4 3 5 5 4 3 4 4 5 4 3 4","5 7 13 1 15 17 3 9 11 16 4 10 6 14 12 2 18 8"
"Eagles Nest Golf Course at Lake Guntersville State Park","AL","Guntersville","Blue","71.4","118","","","6810","4 4 3 5 4 3 4 4 5 4 4 3 5 3 5 4 4 4","12 8 10 4 6 16 18 14 2 11 17 15 1 13 3 9 5 7"
"Eagles Nest Golf Course at Lake Guntersville State Park","AL","Guntersville","White","69.2","112","","","6278","4 4 3 5 4 3 4 4 5 4 4 3 5 3 5 4 4 4","12 8 10 4 6 16 18 14 2 11 17 15 1 13 3 9 5 7"
"Eagles Nest Golf Course at Lake Guntersville State Park","AL","Guntersville","Gold","67","107","","","5798","4 4 3 5 4 3 4 4 5 4 4 3 5 3 5 4 4 4","12 8 10 4 6 16 18 14 2 11 17 15 1 13 3 9 5 7"
"Eagles Nest Golf Course at Lake Guntersville State Park","AL","Guntersville","Red","","","69.8","116","5410","4 4 3 5 4 3 4 4 5 4 4 3 5 3 5 4 4 4","12 8 10 4 6 16 18 14 2 11 17 15 1 13 3 9 5 7"
"Silver Ridge Golf Club","AL","Horton","Blue","68.6","122","","","5984","4 4 4 4 4 3 3 5 4 4 4 5 4 3 4 5 3 4","1 3 5 7 9 11 13 15 17 2 4 6 8 10 12 14 16 18"
"Silver Ridge Golf Club","AL","Horton","Silver","66.2","120","","","5812","4 4 4 4 4 3 3 5 4 4 4 5 4 3 4 5 3 4","1 3 5 7 9 11 13 15 17 2 4 6 8 10 12 14 16 18"
"Silver Ridge Golf Club","AL","Horton","Red","","","65.2","119","4847","4 4 4 4 4 3 3 5 4 4 4 5 4 3 4 5 3 4","1 3 5 7 9 11 13 15 17 2 4 6 8 10 12 14 16 18"
"Silver King Golf Club","AL","Irvington","Blue","69.3","126","","","6587","4 4 5 5 3 4 3 4 4 4 4 3 4 5 4 3 4 5","11 15 7 13 9 1 17 5 3 14 6 16 4 2 8 18 12 10"
"Silver King Golf Club","AL","Irvington","White","67.3","122","","","6134","4 4 5 5 3 4 3 4 4 4 4 3 4 5 4 3 4 5","11 15 7 13 9 1 17 5 3 14 6 16 4 2 8 18 12 10"
"Silver King Golf Club","AL","Irvington","Yellow","66.3","120","71","116","5784","4 4 5 5 3 4 3 4 4 4 4 3 4 5 4 3 4 5","11 15 7 13 9 1 17 5 3 14 6 16 4 2 8 18 12 10"
"Silver King Golf Club","AL","Irvington","Red","","","70.3","114","5513","4 4 5 5 3 4 3 4 4 4 4 3 4 5 4 3 4 5","11 15 7 13 9 1 17 5 3 14 6 16 4 2 8 18 12 10"
"Gulf Shores Golf Club","AL","Gulf Shores","Gold","72.9","127","","","6812","4 4 5 3 4 3 5 3 4 4 4 4 3 5 3 4 4 5","17 3 5 9 11 13 1 15 7 4 16 12 18 8 14 10 2 6"
"Gulf Shores Golf Club","AL","Gulf Shores","Blue","70.7","121","","","6365","4 4 5 3 4 3 5 3 4 4 4 4 3 5 3 4 4 5","17 3 5 9 11 13 1 15 7 4 16 12 18 8 14 10 2 6"
"Gulf Shores Golf Club","AL","Gulf Shores","White","68.8","119","74.4","129","5950","4 4 5 3 4 3 5 3 4 4 4 4 3 5 3 4 4 5","17 3 5 9 11 13 1 15 7 4 16 12 18 8 14 10 2 6"
"Gulf Shores Golf Club","AL","Gulf Shores","Green","66","114","71.3","121","5362","4 4 5 3 4 3 5 3 4 4 4 4 3 5 3 4 4 5","17 3 5 9 11 13 1 15 7 4 16 12 18 8 14 10 2 6"
"Gulf Shores Golf Club","AL","Gulf Shores","Red","63.3","107","67.9","114","4790","4 4 5 3 4 3 5 3 4 4 4 4 3 5 3 4 4 5","17 3 5 9 11 13 1 15 7 4 16 12 18 8 14 10 2 6"
"Huntsville Country Club","AL","Huntsville","I","72.3","129","","","6602","4 5 4 3 4 5 4 3 4 3 5 4 4 5 3 4 3 4","13 11 1 17 5 15 3 7 9 18 16 2 4 14 10 8 12 6"
"Huntsville Country Club","AL","Huntsville","I/II","71.6","128","","","6417","4 5 4 3 4 5 4 3 4 3 5 4 4 5 3 4 3 4","13 11 1 17 5 15 3 7 9 18 16 2 4 14 10 8 12 6"
"Huntsville Country Club","AL","Huntsville","II","70.3","128","","","6171","4 5 4 3 4 5 4 3 4 3 5 4 4 5 3 4 3 4","13 11 1 17 5 15 3 7 9 18 16 2 4 14 10 8 12 6"
"Huntsville Country Club","AL","Huntsville","II/III","69.2","126","","","5932","4 5 4 3 4 5 4 3 4 3 5 4 4 5 3 4 3 4","13 11 1 17 5 15 3 7 9 18 16 2 4 14 10 8 12 6"
"Huntsville Country Club","AL","Huntsville","III","68","122","73.3","127","5637","4 5 4 3 4 5 4 3 4 3 5 4 4 5 3 4 3 4","13 11 1 17 5 15 3 7 9 18 16 2 4 14 10 8 12 6"
"Huntsville Country Club","AL","Huntsville","III/IV","66.4","119","71.3","123","5278","4 5 4 3 4 5 4 3 4 3 5 4 4 5 3 4 3 4","13 11 1 17 5 15 3 7 9 18 16 2 4 14 10 8 12 6"
"Huntsville Country Club","AL","Huntsville","IV","64.6","115","69.2","118","4891","4 5 4 3 4 5 4 3 4 3 5 4 4 5 3 4 3 4","13 11 1 17 5 15 3 7 9 18 16 2 4 14 10 8 12 6"
"Musgrove Country Club","AL","Jasper","Blue","71.3","126","","","6603","4 4 3 4 5 3 5 4 3 4 5 3 4 4 3 4 4 5","15 3 11 1 5 13 7 9 17 4 16 14 2 12 10 8 6 18"
"Musgrove Country Club","AL","Jasper","White","69.5","125","","","6132","4 4 3 4 5 3 5 4 3 4 5 3 4 4 3 4 4 5","15 3 11 1 5 13 7 9 17 4 16 14 2 12 10 8 6 18"
"Musgrove Country Club","AL","Jasper","Silver","67.3","122","","","5664","4 4 3 4 5 3 5 4 3 4 5 3 4 4 3 4 4 5","15 3 11 1 5 13 7 9 17 4 16 14 2 12 10 8 6 18"
"Musgrove Country Club","AL","Jasper","Gold","65.7","114","","","5143","4 4 3 4 5 3 5 4 3 4 5 3 4 4 3 4 4 5","15 3 11 1 5 13 7 9 17 4 16 14 2 12 10 8 6 18"
"Musgrove Country Club","AL","Jasper","Red","","","68.5","117","5059","4 4 3 4 5 3 5 4 3 4 5 3 4 4 3 4 4 5","15 3 11 1 5 13 7 9 17 4 16 14 2 12 10 8 6 18"
"Cross Creek Golf Course","AL","Hanceville","Black","70.8","121","","","6394","4 4 3 5 4 4 4 4 5 3 4 4 3 4 4 3 5 5","14 16 6 12 4 2 10 8 18 3 17 13 15 7 1 11 9 5"
"Cross Creek Golf Course","AL","Hanceville","Blue","68.9","120","","","6031","4 4 3 5 4 4 4 4 5 3 4 4 3 4 4 3 5 5","14 16 6 12 4 2 10 8 18 3 17 13 15 7 1 11 9 5"
"Cross Creek Golf Course","AL","Hanceville","White","63.8","102","68.2","116","4944","4 4 3 5 4 4 4 4 5 3 4 4 3 4 4 3 5 5","14 16 6 12 4 2 10 8 18 3 17 13 15 7 1 11 9 5"
"Cross Creek Golf Course","AL","Hanceville","Red","","","65.4","110","4527","4 4 3 5 4 4 4 4 5 3 4 4 3 4 4 3 5 5","14 16 6 12 4 2 10 8 18 3 17 13 15 7 1 11 9 5"
"Turtle Point Yacht Country Club","AL","Killen","Blue","74.8","134","","","7133","4 3 4 4 5 4 5 3 4 3 5 4 4 4 4 3 5 4","5 11 1 15 9 3 17 13 7 10 16 2 18 12 4 14 6 8"
"Turtle Point Yacht Country Club","AL","Killen","White","72.1","128","","","6585","4 3 4 4 5 4 5 3 4 3 5 4 4 4 4 3 5 4","5 11 1 15 9 3 17 13 7 10 16 2 18 12 4 14 6 8"
"Turtle Point Yacht Country Club","AL","Killen","Green","70.7","123","","","6302","4 3 4 4 5 4 5 3 4 3 5 4 4 4 4 3 5 4","5 11 1 15 9 3 17 13 7 10 16 2 18 12 4 14 6 8"
"Turtle Point Yacht Country Club","AL","Killen","Gold","69.3","119","75","129","6013","4 3 4 4 5 4 5 3 4 3 5 4 4 4 4 3 5 4","5 11 1 15 9 3 17 13 7 10 16 2 18 12 4 14 6 8"
"Turtle Point Yacht Country Club","AL","Killen","Red","67.2","114","72.5","124","5569","4 3 4 4 5 4 5 3 4 3 5 4 4 4 4 3 5 4","5 11 1 15 9 3 17 13 7 10 16 2 18 12 4 14 6 8"
"Turtle Point Yacht Country Club","AL","Killen","Silver","62.4","104","66.3","108","4459","4 3 4 4 5 4 5 3 4 3 5 4 4 4 4 3 5 4","5 11 1 15 9 3 17 13 7 10 16 2 18 12 4 14 6 8"
"Sunset Landing Golf Course","AL","Huntsville","Black","72.2","126","","","6803","4 5 3 4 4 4 4 3 5 4 3 4 5 4 3 5 4 4","12 2 18 6 8 14 10 16 4 13 17 9 1 7 15 3 11 5"
"Sunset Landing Golf Course","AL","Huntsville","Blue","69.9","122","","","6305","4 5 3 4 4 4 4 3 5 4 3 4 5 4 3 5 4 4","12 2 18 6 8 14 10 16 4 13 17 9 1 7 15 3 11 5"
"Sunset Landing Golf Course","AL","Huntsville","White","67.5","116","72.3","120","5769","4 5 3 4 4 4 4 3 5 4 3 4 5 4 3 5 4 4","12 2 18 6 8 14 10 16 4 13 17 9 1 7 15 3 11 5"
"Sunset Landing Golf Course","AL","Huntsville","Gold","64.4","110","68.1","111","5075","4 5 3 4 4 4 4 3 5 4 3 4 5 4 3 5 4 4","12 2 18 6 8 14 10 16 4 13 17 9 1 7 15 3 11 5"
"Steelwood","AL","Loxley","Gold","75.2","137","","","7032","4 3 4 5 4 3 4 4 5 5 4 3 4 4 4 4 3 5","9 5 11 13 17 7 1 3 15 16 4 18 2 12 8 6 10 14"
"Steelwood","AL","Loxley","Blue","73.6","133","","","6654","4 3 4 5 4 3 4 4 5 5 4 3 4 4 4 4 3 5","9 5 11 13 17 7 1 3 15 16 4 18 2 12 8 6 10 14"
"Steelwood","AL","Loxley","White","71","130","76.1","137","6113","4 3 4 5 4 3 4 4 5 5 4 3 4 4 4 4 3 5","9 5 11 13 17 7 1 3 15 16 4 18 2 12 8 6 10 14"
"Steelwood","AL","Loxley","Green","68.1","126","","","5582","4 3 4 5 4 3 4 4 5 5 4 3 4 4 4 4 3 5","9 5 11 13 17 7 1 3 15 16 4 18 2 12 8 6 10 14"
"Steelwood","AL","Loxley","Red","65.2","120","70.1","122","4980","4 3 4 5 4 3 4 4 5 5 4 3 4 4 4 4 3 5","9 5 11 13 17 7 1 3 15 16 4 18 2 12 8 6 10 14"
"Steelwood","AL","Loxley","Forward","","","67.7","118","4557","4 3 4 5 4 3 4 4 5 5 4 3 4 4 4 4 3 5","9 5 11 13 17 7 1 3 15 16 4 18 2 12 8 6 10 14"
"Point University Golf Club","AL","Lanett","Skyhawk","70.5","125","","","6350","5 4 3 4 5 3 4 4 4 4 3 4 3 4 5 5 3 4","9 13 15 3 11 17 5 7 1 2 10 4 16 14 8 6 18 12"
"Point University Golf Club","AL","Lanett","White","68.2","122","","","5860","5 4 3 4 5 3 4 4 4 4 3 4 3 4 5 5 3 4","9 13 15 3 11 17 5 7 1 2 10 4 16 14 8 6 18 12"
"Point University Golf Club","AL","Lanett","Gold","66.2","115","71.3","120","5446","5 4 3 4 5 3 4 4 4 4 3 4 3 4 5 5 3 4","9 13 15 3 11 17 5 7 1 2 10 4 16 14 8 6 18 12"
"Point University Golf Club","AL","Lanett","Gold/Green","64.8","112","69.3","116","5128","5 4 3 4 5 3 4 4 4 4 3 4 3 4 5 5 3 4","9 13 15 3 11 17 5 7 1 2 10 4 16 14 8 6 18 12"
"Point University Golf Club","AL","Lanett","Red","","","67.9","112","4852","5 4 3 4 5 3 4 4 4 4 3 4 3 4 5 5 3 4","9 13 15 3 11 17 5 7 1 2 10 4 16 14 8 6 18 12"
"Lakewinds Golf Course","AL","Jacksons Gap","Black","64.1","107","","","5326","4 3 4 4 4 4 4 5 3 4 3 5 4 3 4 3 5 4","7 9 1 5 17 15 13 3 11 6 8 14 18 10 4 12 2 16"
"Lakewinds Golf Course","AL","Jacksons Gap","White","63","105","","","5160","4 3 4 4 4 4 4 5 3 4 3 5 4 3 4 3 5 4","7 9 1 5 17 15 13 3 11 6 8 14 18 10 4 12 2 16"
"Lakewinds Golf Course","AL","Jacksons Gap","Red","","","64.1","101","4064","4 3 4 4 4 4 4 5 3 4 3 5 4 3 4 3 5 4","7 9 1 5 17 15 13 3 11 6 8 14 18 10 4 12 2 16"
"Colonial Golf Course","AL","Meridianville","Blue","71.1","120","","","6583","4 4 3 4 3 5 4 5 5 4 4 4 3 5 4 4 3 4","1 7 13 15 3 17 11 5 9 12 2 16 10 14 18 8 4 6"
"Colonial Golf Course","AL","Meridianville","White","68.7","116","","","6089","4 4 3 4 3 5 4 5 5 4 4 4 3 5 4 4 3 4","1 7 13 15 3 17 11 5 9 12 2 16 10 14 18 8 4 6"
"Colonial Golf Course","AL","Meridianville","Gold","66.7","109","72.2","120","5663","4 4 3 4 3 5 4 5 5 4 4 4 3 5 4 4 3 4","1 7 13 15 3 17 11 5 9 12 2 16 10 14 18 8 4 6"
"Colonial Golf Course","AL","Meridianville","Red","","","70","116","5307","4 4 3 4 3 5 4 5 5 4 4 4 3 5 4 4 3 4","1 7 13 15 3 17 11 5 9 12 2 16 10 14 18 8 4 6"
"Montgomery Country Club","AL","Montgomery","Blue","71.7","134","","","6439","4 3 4 3 5 4 4 4 4 4 3 5 4 3 4 4 4 4","9 17 3 15 11 7 1 5 13 14 8 18 2 12 16 4 6 10"
"Montgomery Country Club","AL","Montgomery","White","69.6","132","75","138","6003","4 3 4 3 5 4 4 4 4 4 3 5 4 3 4 4 4 4","9 17 3 15 11 7 1 5 13 14 8 18 2 12 16 4 6 10"
"Montgomery Country Club","AL","Montgomery","Gold","67.1","127","72.2","131","5394","4 3 4 3 5 4 4 4 4 4 3 5 4 3 4 4 4 4","9 17 3 15 11 7 1 5 13 14 8 18 2 12 16 4 6 10"
"Montgomery Country Club","AL","Montgomery","Maroon","65.6","123","70.3","128","5147","4 3 4 3 5 4 4 4 4 4 3 5 4 3 4 4 4 4","9 17 3 15 11 7 1 5 13 14 8 18 2 12 16 4 6 10"
"East at Cypress Tree Golf Course","AL","Maxwell AFB","Black","69.7","119","","","6217","3 5 4 4 4 4 4 5 3 4 3 4 5 5 4 3 3 4","15 7 9 3 5 1 13 11 17 14 16 8 2 4 10 12 18 6"
"East at Cypress Tree Golf Course","AL","Maxwell AFB","Gold","68.2","115","","","5937","3 5 4 4 4 4 4 5 3 4 3 4 5 5 4 3 3 4","15 7 9 3 5 1 13 11 17 14 16 8 2 4 10 12 18 6"
"East at Cypress Tree Golf Course","AL","Maxwell AFB","White","67.8","113","69.2","117","5615","3 5 4 4 4 4 4 5 3 4 3 4 5 5 4 3 3 4","15 7 9 3 5 1 13 11 17 14 16 8 2 4 10 12 18 6"
"East at Cypress Tree Golf Course","AL","Maxwell AFB","Green","65.1","109","66.1","111","5090","3 5 4 4 4 4 4 5 3 4 3 4 5 5 4 3 3 4","15 7 9 3 5 1 13 11 17 14 16 8 2 4 10 12 18 6"
"West at Cypress Tree Golf Course","AL","Maxwell AFB","Black","72.9","125","","","6917","4 5 3 4 4 4 4 5 3 4 4 4 3 4 4 4 5 4","11 3 15 9 5 13 7 1 17 12 16 2 10 8 14 6 18 4"
"West at Cypress Tree Golf Course","AL","Maxwell AFB","Gold","71.3","122","","","6620","4 5 3 4 4 4 4 5 3 4 4 4 3 4 4 4 5 4","11 3 15 9 5 13 7 1 17 12 16 2 10 8 14 6 18 4"
"West at Cypress Tree Golf Course","AL","Maxwell AFB","Silver","68.3","114","","","5798","4 5 3 4 4 4 4 5 3 4 4 4 3 4 4 4 5 4","11 3 15 9 5 13 7 1 17 12 16 2 10 8 14 6 18 4"
"West at Cypress Tree Golf Course","AL","Maxwell AFB","Green","65.4","107","69.7","117","5246","4 5 3 4 4 4 4 5 3 4 4 4 3 4 4 4 5 4","11 3 15 9 5 13 7 1 17 12 16 2 10 8 14 6 18 4"
"Fox Run Golf Course","AL","Meridianville","Blue","69.1","109","","","6257","4 5 4 4 3 4 5 4 3 4 3 5 3 5 4 4 4 4","3 15 17 5 13 11 1 7 9 2 14 16 10 18 4 12 8 6"
"Fox Run Golf Course","AL","Meridianville","White","67.6","109","","","5866","4 5 4 4 3 4 5 4 3 4 3 5 3 5 4 4 4 4","3 15 17 5 13 11 1 7 9 2 14 16 10 18 4 12 8 6"
"Fox Run Golf Course","AL","Meridianville","Gold","64.3","101","70.3","113","5253","4 5 4 4 3 4 5 4 3 4 3 5 3 5 4 4 4 4","3 15 17 5 13 11 1 7 9 2 14 16 10 18 4 12 8 6"
"Fox Run Golf Course","AL","Meridianville","Red","","","68.6","109","4939","4 5 4 4 3 4 5 4 3 4 3 5 3 5 4 4 4 4","3 15 17 5 13 11 1 7 9 2 14 16 10 18 4 12 8 6"
"Regulation at Country Club of Mobile","AL","Mobile","Blue","73.6","132","","","7063","4 3 4 5 4 3 4 4 4 4 4 3 4 3 4 4 5 4","13 17 9 7 5 15 1 11 3 14 12 16 2 18 4 10 8 6"
"Regulation at Country Club of Mobile","AL","Mobile","Blue/Gold","71.8","128","","","6676","4 3 4 5 4 3 4 4 4 4 4 3 4 3 4 4 5 4","13 17 9 7 5 15 1 11 3 14 12 16 2 18 4 10 8 6"
"Regulation at Country Club of Mobile","AL","Mobile","Gold","70.9","126","","","6486","4 3 4 5 4 3 4 4 4 4 4 3 4 3 4 4 5 4","13 17 9 7 5 15 1 11 3 14 12 16 2 18 4 10 8 6"
"Regulation at Country Club of Mobile","AL","Mobile","Gold/White","69.1","124","","","6044","4 3 4 5 4 3 4 4 4 4 4 3 4 3 4 4 5 4","13 17 9 7 5 15 1 11 3 14 12 16 2 18 4 10 8 6"
"Regulation at Country Club of Mobile","AL","Mobile","Black","68.6","123","","","5960","4 3 4 5 4 3 4 4 4 4 4 3 4 3 4 4 5 4","13 17 9 7 5 15 1 11 3 14 12 16 2 18 4 10 8 6"
"Regulation at Country Club of Mobile","AL","Mobile","White","68.2","122","","","5859","4 3 4 5 4 3 4 4 4 4 4 3 4 3 4 4 5 4","13 17 9 7 5 15 1 11 3 14 12 16 2 18 4 10 8 6"
"Regulation at Country Club of Mobile","AL","Mobile","White/Green","65.2","120","","","5244","4 3 4 5 4 3 4 4 4 4 4 3 4 3 4 4 5 4","13 17 9 7 5 15 1 11 3 14 12 16 2 18 4 10 8 6"
"Regulation at Country Club of Mobile","AL","Mobile","Green","63.7","115","69","121","4939","4 3 4 5 4 3 4 4 4 4 4 3 4 3 4 4 5 4","13 17 9 7 5 15 1 11 3 14 12 16 2 18 4 10 8 6"
"Regulation at Country Club of Mobile","AL","Mobile","Red","62.4","112","67.1","116","4604","4 3 4 5 4 3 4 4 4 4 4 3 4 3 4 4 5 4","13 17 9 7 5 15 1 11 3 14 12 16 2 18 4 10 8 6"
"Azalea City Golf Course","AL","Mobile","Blue","72.5","127","","","6850","4 5 4 3 4 5 4 3 4 4 5 4 3 4 5 4 3 4","7 13 11 15 1 9 5 17 3 10 14 6 18 16 12 2 8 4"
"Azalea City Golf Course","AL","Mobile","White","71.1","124","","","6548","4 5 4 3 4 5 4 3 4 4 5 4 3 4 5 4 3 4","7 13 11 15 1 9 5 17 3 10 14 6 18 16 12 2 8 4"
"Azalea City Golf Course","AL","Mobile","Gold","68.1","116","73.2","127","5821","4 5 4 3 4 5 4 3 4 4 5 4 3 4 5 4 3 4","7 13 11 15 1 9 5 17 3 10 14 6 18 16 12 2 8 4"
"Azalea City Golf Course","AL","Mobile","Red","66","112","70.7","121","5347","4 5 4 3 4 5 4 3 4 4 5 4 3 4 5 4 3 4","7 13 11 15 1 9 5 17 3 10 14 6 18 16 12 2 8 4"
"Montevallo Golf Club","AL","Montevallo","Blue","68.1","116","","","5815","5 4 3 4 4 4 3 4 3 4 4 4 3 5 4 5 3 5","10 6 12 16 8 18 14 2 4 13 17 5 11 1 15 3 9 7"
"Montevallo Golf Club","AL","Montevallo","White","66.7","115","","","5564","5 4 3 4 4 4 3 4 3 4 4 4 3 5 4 5 3 5","10 6 12 16 8 18 14 2 4 13 17 5 11 1 15 3 9 7"
"Montevallo Golf Club","AL","Montevallo","Gold","63.9","103","","","4978","5 4 3 4 4 4 3 4 3 4 4 4 3 5 4 5 3 5","10 6 12 16 8 18 14 2 4 13 17 5 11 1 15 3 9 7"
"Montevallo Golf Club","AL","Montevallo","Red","","","70","113","4715","5 4 3 4 4 4 3 4 3 4 4 4 3 5 4 5 3 5","10 6 12 16 8 18 14 2 4 13 17 5 11 1 15 3 9 7"
"Arrowhead Country Club","AL","Montgomery","Tee 1","72.7","130","","","6718","4 3 5 4 5 4 3 4 4 4 3 4 4 4 5 3 4 5","5 11 17 13 9 1 15 7 3 6 18 8 4 12 16 10 2 14"
"Arrowhead Country Club","AL","Montgomery","Tee 2","70.5","131","","","6283","4 3 5 4 5 4 3 4 4 4 3 4 4 4 5 3 4 5","5 11 17 13 9 1 15 7 3 6 18 8 4 12 16 10 2 14"
"Arrowhead Country Club","AL","Montgomery","Tee 3","66.9","121","72.1","130","5545","4 3 5 4 5 4 3 4 4 4 3 4 4 4 5 3 4 5","5 11 17 13 9 1 15 7 3 6 18 8 4 12 16 10 2 14"
"Arrowhead Country Club","AL","Montgomery","Tee 4","64.1","116","68.8","123","4935","4 3 5 4 5 4 3 4 4 4 3 4 4 4 5 3 4 5","5 11 17 13 9 1 15 7 3 6 18 8 4 12 16 10 2 14"
"Arrowhead Country Club","AL","Montgomery","Tee 5","","","68","122","4882","4 3 5 4 5 4 3 4 4 4 3 4 4 4 5 3 4 5","5 11 17 13 9 1 15 7 3 6 18 8 4 12 16 10 2 14"
"Arrowhead Country Club","AL","Montgomery","Teal","","","59.5","103","3496","4 3 5 4 5 4 3 4 4 4 3 4 4 4 5 3 4 5","5 11 17 13 9 1 15 7 3 6 18 8 4 12 16 10 2 14"
"Wynlakes Golf Country Club","AL","Montgomery","Championship","74.3","137","","","7033","5 4 4 3 4 4 3 4 5 4 3 4 5 4 4 5 3 4","11 3 7 13 9 1 17 5 15 8 14 2 12 16 6 10 18 4"
"Wynlakes Golf Country Club","AL","Montgomery","Chairman","72.3","136","","","6633","5 4 4 3 4 4 3 4 5 4 3 4 5 4 4 5 3 4","11 3 7 13 9 1 17 5 15 8 14 2 12 16 6 10 18 4"
"Wynlakes Golf Country Club","AL","Montgomery","Member","70.8","129","76.9","135","6347","5 4 4 3 4 4 3 4 5 4 3 4 5 4 4 5 3 4","11 3 7 13 9 1 17 5 15 8 14 2 12 16 6 10 18 4"
"Wynlakes Golf Country Club","AL","Montgomery","Founders","67.7","121","72.9","126","5625","5 4 4 3 4 4 3 4 5 4 3 4 5 4 4 5 3 4","11 3 7 13 9 1 17 5 15 8 14 2 12 16 6 10 18 4"
"Wynlakes Golf Country Club","AL","Montgomery","Forward","63.4","114","68.5","116","4826","5 4 4 3 4 4 3 4 5 4 3 4 5 4 4 5 3 4","11 3 7 13 9 1 17 5 15 8 14 2 12 16 6 10 18 4"
"Wynlakes Golf Country Club","AL","Montgomery","Green","61.7","109","66.1","113","4354","5 4 4 3 4 4 3 4 5 4 3 4 5 4 4 5 3 4","11 3 7 13 9 1 17 5 15 8 14 2 12 16 6 10 18 4"
"Hidden Meadows Golf Course","AL","Northport","Black","72","133","","","6802","4 3 4 5 3 4 4 5 4 5 4 5 4 3 4 3 4 4","16 4 2 10 12 6 14 18 8 9 11 1 13 7 17 15 5 3"
"Hidden Meadows Golf Course","AL","Northport","Blue","69","122","","","6111","4 3 4 5 3 4 4 5 4 5 4 5 4 3 4 3 4 4","16 4 2 10 12 6 14 18 8 9 11 1 13 7 17 15 5 3"
"Hidden Meadows Golf Course","AL","Northport","White","58","118","","","5613","4 3 4 5 3 4 4 5 4 5 4 5 4 3 4 3 4 4","16 4 2 10 12 6 14 18 8 9 11 1 13 7 17 15 5 3"
"Hidden Meadows Golf Course","AL","Northport","Red","","","65","107","5067","4 3 4 5 3 4 4 5 4 5 4 5 4 3 4 3 4 4","16 4 2 10 12 6 14 18 8 9 11 1 13 7 17 15 5 3"
"Troy Country Club","AL","Troy","Blue","69.1","125","","","6161","4 3 4 4 4 5 5 3 4 5 4 3 4 3 4 4 3 5","3 15 9 11 13 1 5 17 7 2 8 16 10 18 4 12 14 6"
"Troy Country Club","AL","Troy","White","67.9","124","","","5826","4 3 4 4 4 5 5 3 4 5 4 3 4 3 4 4 3 5","3 15 9 11 13 1 5 17 7 2 8 16 10 18 4 12 14 6"
"Troy Country Club","AL","Troy","Red","","","67.6","121","5698","4 3 4 4 4 5 5 3 4 5 4 3 4 3 4 4 3 5","3 15 9 11 13 1 5 17 7 2 8 16 10 18 4 12 14 6"
"Troy Country Club","AL","Troy","Gold","63.1","104","","","4826","4 3 4 4 4 5 5 3 4 5 4 3 4 3 4 4 3 5","3 15 9 11 13 1 5 17 7 2 8 16 10 18 4 12 14 6"
"Troy Country Club","AL","Troy","Silver","","","64.8","111","4327","4 3 4 4 4 5 5 3 4 5 4 3 4 3 4 4 3 5","3 15 9 11 13 1 5 17 7 2 8 16 10 18 4 12 14 6"
"Cypress Lakes Golf Country Club","AL","Muscle Shoals","Blue","72","134","","","6523","4 4 4 5 3 5 3 4 4 4 4 3 4 5 4 4 3 4","14 5 10 9 18 12 3 2 15 7 17 13 1 8 16 11 6 4"
"Cypress Lakes Golf Country Club","AL","Muscle Shoals","White","69.1","129","74.3","137","6051","4 4 4 5 3 5 3 4 4 4 4 3 4 5 4 4 3 4","14 5 10 9 18 12 3 2 15 7 17 13 1 8 16 11 6 4"
"Cypress Lakes Golf Country Club","AL","Muscle Shoals","Gold","67","124","72","133","5619","4 4 4 5 3 5 3 4 4 4 4 3 4 5 4 4 3 4","14 5 10 9 18 12 3 2 15 7 17 13 1 8 16 11 6 4"
"Cypress Lakes Golf Country Club","AL","Muscle Shoals","Silver","64.6","119","","","5211","4 4 4 5 3 5 3 4 4 4 4 3 4 5 4 4 3 4","14 5 10 9 18 12 3 2 15 7 17 13 1 8 16 11 6 4"
"Cypress Lakes Golf Country Club","AL","Muscle Shoals","Red","","","68.3","125","5031","4 4 4 5 3 5 3 4 4 4 4 3 4 5 4 4 3 4","14 5 10 9 18 12 3 2 15 7 17 13 1 8 16 11 6 4"
"Heron Lakes Country Club","AL","Mobile","Gold","72.4","125","","","6860","4 4 5 3 4 3 4 4 5 4 5 4 3 4 5 4 3 4","5 9 1 13 3 17 7 11 15 8 6 12 14 4 16 2 18 10"
"Heron Lakes Country Club","AL","Mobile","Blue","70.8","121","76.7","129","6473","4 4 5 3 4 3 4 4 5 4 5 4 3 4 5 4 3 4","5 9 1 13 3 17 7 11 15 8 6 12 14 4 16 2 18 10"
"Heron Lakes Country Club","AL","Mobile","Blue/White","69.7","122","75.5","126","6193","4 4 5 3 4 3 4 4 5 4 5 4 3 4 5 4 3 4","5 9 1 13 3 17 7 11 15 8 6 12 14 4 16 2 18 10"
"Heron Lakes Country Club","AL","Mobile","White","69","119","74.3","124","5953","4 4 5 3 4 3 4 4 5 4 5 4 3 4 5 4 3 4","5 9 1 13 3 17 7 11 15 8 6 12 14 4 16 2 18 10"
"Heron Lakes Country Club","AL","Mobile","Green","66.3","113","71","116","5366","4 4 5 3 4 3 4 4 5 4 5 4 3 4 5 4 3 4","5 9 1 13 3 17 7 11 15 8 6 12 14 4 16 2 18 10"
"Heron Lakes Country Club","AL","Mobile","Red","63.5","107","68","110","4960","4 4 5 3 4 3 4 4 5 4 5 4 3 4 5 4 3 4","5 9 1 13 3 17 7 11 15 8 6 12 14 4 16 2 18 10"
"Deer Run Golf Course","AL","Moulton","Blue","74.1","119","","","6745","4 4 4 4 5 3 4 3 5 4 3 5 4 3 5 4 4 4","8 2 4 14 10 18 6 16 12 1 7 17 9 3 11 15 13 5"
"Deer Run Golf Course","AL","Moulton","White","72","113","","","6121","4 4 4 4 5 3 4 3 5 4 3 5 4 3 5 4 4 4","8 2 4 14 10 18 6 16 12 1 7 17 9 3 11 15 13 5"
"Deer Run Golf Course","AL","Moulton","Red","","","70.8","122","5457","4 4 4 4 5 3 4 3 5 4 3 5 4 3 5 4 4 4","8 2 4 14 10 18 6 16 12 1 7 17 9 3 11 15 13 5"
"Heritage Golf Course","AL","Oneonta","Blue","69","122","","","5960","5 4 3 5 4 3 4 4 3 4 3 5 5 4 4 4 3 5","7 11 3 13 5 15 1 17 9 18 12 4 2 14 8 10 16 6"
"Heritage Golf Course","AL","Oneonta","White","66","113","","","5345","5 4 3 5 4 3 4 4 3 4 3 5 5 4 4 4 3 5","7 11 3 13 5 15 1 17 9 18 12 4 2 14 8 10 16 6"
"Heritage Golf Course","AL","Oneonta","Red","","","66","108","4718","5 4 3 5 4 3 4 4 3 4 3 5 5 4 4 4 3 5","7 11 3 13 5 15 1 17 9 18 12 4 2 14 8 10 16 6"
"Saugahatchee Country Club","AL","Opelika","Tee 4","73.8","131","","","7017","5 4 4 3 4 4 3 5 4 5 4 4 3 4 5 3 4 4","5 7 1 11 17 9 15 13 3 12 10 2 14 6 16 18 8 4"
"Saugahatchee Country Club","AL","Opelika","Tee 4/3","72.7","129","","","6775","5 4 4 3 4 4 3 5 4 5 4 4 3 4 5 3 4 4","5 7 1 11 17 9 15 13 3 12 10 2 14 6 16 18 8 4"
"Saugahatchee Country Club","AL","Opelika","Tee 3","71.2","126","","","6435","5 4 4 3 4 4 3 5 4 5 4 4 3 4 5 3 4 4","5 7 1 11 17 9 15 13 3 12 10 2 14 6 16 18 8 4"
"Saugahatchee Country Club","AL","Opelika","Tee 3/2","69.5","120","","","6033","5 4 4 3 4 4 3 5 4 5 4 4 3 4 5 3 4 4","5 7 1 11 17 9 15 13 3 12 10 2 14 6 16 18 8 4"
"Saugahatchee Country Club","AL","Opelika","Tee 2","66.7","118","71.3","119","5456","5 4 4 3 4 4 3 5 4 5 4 4 3 4 5 3 4 4","5 7 1 11 17 9 15 13 3 12 10 2 14 6 16 18 8 4"
"Saugahatchee Country Club","AL","Opelika","Tee 2/1","64.6","111","68.2","113","4910","5 4 4 3 4 4 3 5 4 5 4 4 3 4 5 3 4 4","5 7 1 11 17 9 15 13 3 12 10 2 14 6 16 18 8 4"
"Saugahatchee Country Club","AL","Opelika","Tee 1","61.4","107","64","104","4160","5 4 4 3 4 4 3 5 4 5 4 4 3 4 5 3 4 4","5 7 1 11 17 9 15 13 3 12 10 2 14 6 16 18 8 4"
"Cumberland Lake Golf Course","AL","Pinson","Blue","72.6","136","","","6901","5 4 4 3 4 5 4 3 4 4 4 4 3 5 3 4 5 4","16 4 18 12 2 6 10 14 8 3 11 1 9 7 13 15 17 5"
"Cumberland Lake Golf Course","AL","Pinson","White","70.9","130","","","6470","5 4 4 3 4 5 4 3 4 4 4 4 3 5 3 4 5 4","16 4 18 12 2 6 10 14 8 3 11 1 9 7 13 15 17 5"
"Cumberland Lake Golf Course","AL","Pinson","Gold","67.7","125","","","5658","5 4 4 3 4 5 4 3 4 4 4 4 3 5 3 4 5 4","16 4 18 12 2 6 10 14 8 3 11 1 9 7 13 15 17 5"
"Cumberland Lake Golf Course","AL","Pinson","Silver","63.1","115","67.3","119","4974","5 4 4 3 4 5 4 3 4 4 4 4 3 5 3 4 5 4","16 4 18 12 2 6 10 14 8 3 11 1 9 7 13 15 17 5"
"Cumberland Lake Golf Course","AL","Pinson","Red","62","113","66","117","4386","5 4 4 3 4 5 4 3 4 4 4 4 3 5 3 4 5 4","16 4 18 12 2 6 10 14 8 3 11 1 9 7 13 15 17 5"
"Fox Ridge Golf Course","AL","Ozark","Black","71.3","123","","","6756","4 3 5 5 3 4 4 5 4 4 3 4 5 3 4 4 4 5","4 12 6 8 18 16 14 10 2 5 15 13 1 11 17 3 9 7"
"Fox Ridge Golf Course","AL","Ozark","Blue","70.2","119","","","6410","4 3 5 5 3 4 4 5 4 4 3 4 5 3 4 4 4 5","4 12 6 8 18 16 14 10 2 5 15 13 1 11 17 3 9 7"
"Fox Ridge Golf Course","AL","Ozark","White","69.1","114","","","6024","4 3 5 5 3 4 4 5 4 4 3 4 5 3 4 4 4 5","4 12 6 8 18 16 14 10 2 5 15 13 1 11 17 3 9 7"
"Fox Ridge Golf Course","AL","Ozark","Gold","66.4","108","","","5573","4 3 5 5 3 4 4 5 4 4 3 4 5 3 4 4 4 5","4 12 6 8 18 16 14 10 2 5 15 13 1 11 17 3 9 7"
"Fox Ridge Golf Course","AL","Ozark","Red","","","70","115","5106","4 3 5 5 3 4 4 5 4 4 3 4 5 3 4 4 4 5","4 12 6 8 18 16 14 10 2 5 15 13 1 11 17 3 9 7"
"Lakewood Golf Course","AL","Phenix City","Blue","71","130","","","6517","5 3 4 4 4 4 3 5 4 5 4 4 4 4 3 4 3 5","1 15 5 11 7 9 17 3 13 2 8 4 14 12 16 10 18 6"
"Lakewood Golf Course","AL","Phenix City","White","68.2","124","","","6000","5 3 4 4 4 4 3 5 4 5 4 4 4 4 3 4 3 5","1 15 5 11 7 9 17 3 13 2 8 4 14 12 16 10 18 6"
"Lakewood Golf Course","AL","Phenix City","Gold","66","112","","","5394","5 3 4 4 4 4 3 5 4 5 4 4 4 4 3 4 3 5","1 15 5 11 7 9 17 3 13 2 8 4 14 12 16 10 18 6"
"Lakewood Golf Course","AL","Phenix City","Red","","","69.1","115","5134","5 3 4 4 4 4 3 5 4 5 4 4 4 4 3 4 3 5","1 15 5 11 7 9 17 3 13 2 8 4 14 12 16 10 18 6"
"Oaks Golf Club at Oak Mountain State Park","AL","Pelham","Blue","72.3","124","","","6842","4 4 3 5 4 3 5 4 4 4 3 4 5 4 4 4 3 5","3 9 7 5 13 17 11 15 1 8 16 14 12 10 4 2 18 6"
"Oaks Golf Club at Oak Mountain State Park","AL","Pelham","White","70.1","119","","","6341","4 4 3 5 4 3 5 4 4 4 3 4 5 4 4 4 3 5","3 9 7 5 13 17 11 15 1 8 16 14 12 10 4 2 18 6"
"Oaks Golf Club at Oak Mountain State Park","AL","Pelham","Grey","68.9","118","","","6102","4 4 3 5 4 3 5 4 4 4 3 4 5 4 4 4 3 5","3 9 7 5 13 17 11 15 1 8 16 14 12 10 4 2 18 6"
"Oaks Golf Club at Oak Mountain State Park","AL","Pelham","Gold","65.7","105","","","5392","4 4 3 5 4 3 5 4 4 4 3 4 5 4 4 4 3 5","3 9 7 5 13 17 11 15 1 8 16 14 12 10 4 2 18 6"
"Oaks Golf Club at Oak Mountain State Park","AL","Pelham","Red","","","71.1","109","5392","4 4 3 5 4 3 5 4 4 4 3 4 5 4 4 4 3 5","3 9 7 5 13 17 11 15 1 8 16 14 12 10 4 2 18 6"
"Capitol Hill Golf Club Legislator Course","AL","Prattville","Black","76.9","149","","","7477","5 4 3 4 5 3 4 4 4 4 3 4 5 4 4 3 5 4","3 13 17 7 1 15 11 5 9 10 16 12 4 6 14 18 2 8"
"Capitol Hill Golf Club Legislator Course","AL","Prattville","Purple","74","143","","","6836","5 4 3 4 5 3 4 4 4 4 3 4 5 4 4 3 5 4","3 13 17 7 1 15 11 5 9 10 16 12 4 6 14 18 2 8"
"Capitol Hill Golf Club Legislator Course","AL","Prattville","Orange","71.4","139","","","6366","5 4 3 4 5 3 4 4 4 4 3 4 5 4 4 3 5 4","3 13 17 7 1 15 11 5 9 10 16 12 4 6 14 18 2 8"
"Capitol Hill Golf Club Legislator Course","AL","Prattville","White","69.4","131","74.3","133","5901","5 4 3 4 5 3 4 4 4 4 3 4 5 4 4 3 5 4","3 13 17 7 1 15 11 5 9 10 16 12 4 6 14 18 2 8"
"Capitol Hill Golf Club Legislator Course","AL","Prattville","Teal","66.1","117","70.4","121","5253","5 4 3 4 5 3 4 4 4 4 3 4 5 4 4 3 5 4","3 13 17 7 1 15 11 5 9 10 16 12 4 6 14 18 2 8"
"Capitol Hill Golf Club Senator Course","AL","Prattville","Black","77.7","133","","","7724","4 3 4 4 5 4 3 5 4 5 4 4 3 4 4 3 5 4","11 17 13 5 1 7 15 3 9 4 14 6 18 12 8 16 2 10"
"Capitol Hill Golf Club Senator Course","AL","Prattville","Purple","74.3","126","","","6984","4 3 4 4 5 4 3 5 4 5 4 4 3 4 4 3 5 4","11 17 13 5 1 7 15 3 9 4 14 6 18 12 8 16 2 10"
"Capitol Hill Golf Club Senator Course","AL","Prattville","Orange","71.1","126","","","6440","4 3 4 4 5 4 3 5 4 5 4 4 3 4 4 3 5 4","11 17 13 5 1 7 15 3 9 4 14 6 18 12 8 16 2 10"
"Capitol Hill Golf Club Senator Course","AL","Prattville","White","68.1","121","73.6","123","5840","4 3 4 4 5 4 3 5 4 5 4 4 3 4 4 3 5 4","11 17 13 5 1 7 15 3 9 4 14 6 18 12 8 16 2 10"
"Capitol Hill Golf Club Senator Course","AL","Prattville","Teal","64.7","110","69.7","116","5155","4 3 4 4 5 4 3 5 4 5 4 4 3 4 4 3 5 4","11 17 13 5 1 7 15 3 9 4 14 6 18 12 8 16 2 10"
"Redmont Country Club","AL","Red Bay","Blue","72.2","123","","","6534","4 5 3 4 4 3 5 4 4 4 4 3 4 4 4 3 5 5","11 7 15 1 3 13 9 5 17 4 2 12 10 14 18 16 8 6"
"Redmont Country Club","AL","Red Bay","White","70.6","120","","","6300","4 5 3 4 4 3 5 4 4 4 4 3 4 4 4 3 5 5","11 7 15 1 3 13 9 5 17 4 2 12 10 14 18 16 8 6"
"Redmont Country Club","AL","Red Bay","Gold","68.5","117","","","5886","4 5 3 4 4 3 5 4 4 4 4 3 4 4 4 3 5 5","11 7 15 1 3 13 9 5 17 4 2 12 10 14 18 16 8 6"
"Redmont Country Club","AL","Red Bay","Black","66.2","113","","","5373","4 5 3 4 4 3 5 4 4 4 4 3 4 4 4 3 5 5","11 7 15 1 3 13 9 5 17 4 2 12 10 14 18 16 8 6"
"Redmont Country Club","AL","Red Bay","Red","","","68.5","115","5122","4 5 3 4 4 3 5 4 4 4 4 3 4 4 4 3 5 5","11 7 15 1 3 13 9 5 17 4 2 12 10 14 18 16 8 6"
"Capitol Hill Golf Club Judge Course","AL","Prattville","Black","78.5","147","","","7813","4 4 3 5 4 3 5 4 4 5 4 3 4 4 5 3 4 4","11 5 17 3 7 15 1 9 13 2 10 18 12 6 4 16 8 14"
"Capitol Hill Golf Club Judge Course","AL","Prattville","Purple","75.1","142","","","7082","4 4 3 5 4 3 5 4 4 5 4 3 4 4 5 3 4 4","11 5 17 3 7 15 1 9 13 2 10 18 12 6 4 16 8 14"
"Capitol Hill Golf Club Judge Course","AL","Prattville","Orange","71.7","131","","","6517","4 4 3 5 4 3 5 4 4 5 4 3 4 4 5 3 4 4","11 5 17 3 7 15 1 9 13 2 10 18 12 6 4 16 8 14"
"Capitol Hill Golf Club Judge Course","AL","Prattville","White","68.7","128","74.4","137","5910","4 4 3 5 4 3 5 4 4 5 4 3 4 4 5 3 4 4","11 5 17 3 7 15 1 9 13 2 10 18 12 6 4 16 8 14"
"Capitol Hill Golf Club Judge Course","AL","Prattville","Teal","64.7","115","68.4","123","4951","4 4 3 5 4 3 5 4 4 5 4 3 4 4 5 3 4 4","11 5 17 3 7 15 1 9 13 2 10 18 12 6 4 16 8 14"
"Prattville Country Club","AL","Prattville","Blue","71.4","124","","","6488","5 3 4 4 3 4 4 4 4 4 4 5 3 4 3 4 5 4","11 9 5 3 13 7 17 15 1 14 2 12 10 4 16 8 18 6"
"Prattville Country Club","AL","Prattville","White","69.4","121","","","6057","5 3 4 4 3 4 4 4 4 4 4 5 3 4 3 4 5 4","11 9 5 3 13 7 17 15 1 14 2 12 10 4 16 8 18 6"
"Prattville Country Club","AL","Prattville","Gold","66.7","113","","","5455","5 3 4 4 3 4 4 4 4 4 4 5 3 4 3 4 5 4","11 9 5 3 13 7 17 15 1 14 2 12 10 4 16 8 18 6"
"Prattville Country Club","AL","Prattville","Red","65.2","110","70.6","119","5171","5 3 4 4 3 4 4 4 4 4 4 5 3 4 3 4 5 4","11 9 5 3 13 7 17 15 1 14 2 12 10 4 16 8 18 6"
"Prattville Country Club","AL","Prattville","Green","62.9","103","66.8","118","4532","5 3 4 4 3 4 4 4 4 4 4 5 3 4 3 4 5 4","11 9 5 3 13 7 17 15 1 14 2 12 10 4 16 8 18 6"
"Valley Grande Golf Course","AL","Valley Grande","Mens Orange","70.7","121","","","6161","4 4 5 3 5 3 3 5 4 4 3 4 4 5 3 4 5 4","9 3 7 13 5 11 17 15 1 12 18 8 10 16 4 2 14 6"
"Valley Grande Golf Course","AL","Valley Grande","Ladies Orange","","","71.7","123","6161","4 4 5 3 5 3 3 5 4 4 3 4 4 5 3 4 5 4","9 3 7 13 5 11 17 15 1 12 18 8 10 16 4 2 14 6"
"Twin Pines Country Club","AL","Russellville","Blue","69.9","122","","","6234","4 3 5 3 4 5 4 3 4 5 4 3 5 4 3 4 4 4","7 13 3 17 9 1 15 11 5 2 10 18 4 12 14 16 8 6"
"Twin Pines Country Club","AL","Russellville","White","68.1","119","","","5864","4 3 5 3 4 5 4 3 4 5 4 3 5 4 3 4 4 4","7 13 3 17 9 1 15 11 5 2 10 18 4 12 14 16 8 6"
"Twin Pines Country Club","AL","Russellville","Red","66.2","114","","","5427","4 3 5 3 4 5 4 3 4 5 4 3 5 4 3 4 4 4","7 13 3 17 9 1 15 11 5 2 10 18 4 12 14 16 8 6"
"Twin Pines Country Club","AL","Russellville","Yellow","62.6","106","63.9","108","4553","4 3 5 3 4 5 4 3 4 5 4 3 5 4 3 4 4 4","7 13 3 17 9 1 15 11 5 2 10 18 4 12 14 16 8 6"
"The General Golf Course at Joe Wheeler State Park","AL","Rogersville","Blue","74.9","131","","","7251","4 4 3 4 4 5 4 3 5 4 4 4 5 3 4 3 4 5","12 14 4 16 18 8 2 10 6 15 11 7 3 5 13 17 1 9"
"The General Golf Course at Joe Wheeler State Park","AL","Rogersville","White","73.1","123","","","6564","4 4 3 4 4 5 4 3 5 4 4 4 5 3 4 3 4 5","12 14 4 16 18 8 2 10 6 15 11 7 3 5 13 17 1 9"
"The General Golf Course at Joe Wheeler State Park","AL","Rogersville","Gold","70.7","121","71.7","123","6021","4 4 3 4 4 5 4 3 5 4 4 4 5 3 4 3 4 5","12 14 4 16 18 8 2 10 6 15 11 7 3 5 13 17 1 9"
"The General Golf Course at Joe Wheeler State Park","AL","Rogersville","Red","","","67.1","113","5334","4 4 3 4 4 5 4 3 5 4 4 4 5 3 4 3 4 5","12 14 4 16 18 8 2 10 6 15 11 7 3 5 13 17 1 9"
"Selma Country Club","AL","Selma","Blue","70.3","115","","","6342","5 3 4 3 4 4 4 4 4 4 4 3 4 5 3 4 5 4","1 3 5 7 9 11 13 15 17 2 4 6 8 10 12 14 16 18"
"Selma Country Club","AL","Selma","White","69.3","113","","","6128","5 3 4 3 4 4 4 4 4 4 4 3 4 5 3 4 5 4","1 3 5 7 9 11 13 15 17 2 4 6 8 10 12 14 16 18"
"Selma Country Club","AL","Selma","Gold","65.6","108","","","5799","5 3 4 3 4 4 4 4 4 4 4 3 4 5 3 4 5 4","1 3 5 7 9 11 13 15 17 2 4 6 8 10 12 14 16 18"
"Selma Country Club","AL","Selma","Red","","","68.6","110","5705","5 3 4 3 4 4 4 4 4 4 4 3 4 5 3 4 5 4","1 3 5 7 9 11 13 15 17 2 4 6 8 10 12 14 16 18"
"The Links at Redstone Warrior Course","AL","Redstone Arsenal","Black","73.3","129","","","6940","4 4 3 4 5 4 5 3 4 4 3 4 4 5 4 3 4 5","7 9 17 11 1 13 3 15 5 8 18 4 12 2 16 14 10 6"
"The Links at Redstone Warrior Course","AL","Redstone Arsenal","Black/Blue","71.8","123","","","6610","4 4 3 4 5 4 5 3 4 4 3 4 4 5 4 3 4 5","7 9 17 11 1 13 3 15 5 8 18 4 12 2 16 14 10 6"
"The Links at Redstone Warrior Course","AL","Redstone Arsenal","Blue","70.6","118","77.5","134","6290","4 4 3 4 5 4 5 3 4 4 3 4 4 5 4 3 4 5","7 9 17 11 1 13 3 15 5 8 18 4 12 2 16 14 10 6"
"The Links at Redstone Warrior Course","AL","Redstone Arsenal","White","67.8","113","73.4","125","5750","4 4 3 4 5 4 5 3 4 4 3 4 4 5 4 3 4 5","7 9 17 11 1 13 3 15 5 8 18 4 12 2 16 14 10 6"
"The Links at Redstone Warrior Course","AL","Redstone Arsenal","Gold","64.1","102","69","111","5020","4 4 3 4 5 4 5 3 4 4 3 4 4 5 4 3 4 5","7 9 17 11 1 13 3 15 5 8 18 4 12 2 16 14 10 6"
"The Links at Redstone Warrior Course","AL","Redstone Arsenal","Gold/Green","62.5","101","65.8","104","4468","4 4 3 4 5 4 5 3 4 4 3 4 4 5 4 3 4 5","7 9 17 11 1 13 3 15 5 8 18 4 12 2 16 14 10 6"
"The Links at Redstone Warrior Course","AL","Redstone Arsenal","Green","60.8","96","61.6","96","3736","4 4 3 4 5 4 5 3 4 4 3 4 4 5 4 3 4 5","7 9 17 11 1 13 3 15 5 8 18 4 12 2 16 14 10 6"
"Sylacauga Country Club","AL","Sylacauga","Blue","70.7","121","","","6425","4 5 3 4 4 4 5 4 3 4 4 3 5 4 4 4 3 5","17 3 7 5 11 15 9 1 13 14 16 10 4 6 2 8 18 12"
"Sylacauga Country Club","AL","Sylacauga","White","69.2","117","","","6042","4 5 3 4 4 4 5 4 3 4 4 3 5 4 4 4 3 5","17 3 7 5 11 15 9 1 13 14 16 10 4 6 2 8 18 12"
"Sylacauga Country Club","AL","Sylacauga","Black","66.1","111","","","5427","4 5 3 4 4 4 5 4 3 4 4 3 5 4 4 4 3 5","17 3 7 5 11 15 9 1 13 14 16 10 4 6 2 8 18 12"
"Sylacauga Country Club","AL","Sylacauga","Yellow","","","67.1","113","5052","4 5 3 4 4 4 5 4 3 4 4 3 5 4 4 4 3 5","17 3 7 5 11 15 9 1 13 14 16 10 4 6 2 8 18 12"
"Sylacauga Country Club","AL","Sylacauga","Red","","","66.9","109","4746","4 5 3 4 4 4 5 4 3 4 4 3 5 4 4 4 3 5","17 3 7 5 11 15 9 1 13 14 16 10 4 6 2 8 18 12"
"The Links at Redstone Patriot Course","AL","Redstone Arsenal","Black","72.4","123","","","6854","4 4 3 5 4 3 4 4 5 4 5 3 4 5 4 3 4 4","9 11 15 1 7 17 13 3 5 12 4 16 6 2 8 18 10 14"
"The Links at Redstone Patriot Course","AL","Redstone Arsenal","Black/Blue","70.8","123","","","6505","4 4 3 5 4 3 4 4 5 4 5 3 4 5 4 3 4 4","9 11 15 1 7 17 13 3 5 12 4 16 6 2 8 18 10 14"
"The Links at Redstone Patriot Course","AL","Redstone Arsenal","Blue","70.1","120","","","6322","4 4 3 5 4 3 4 4 5 4 5 3 4 5 4 3 4 4","9 11 15 1 7 17 13 3 5 12 4 16 6 2 8 18 10 14"
"The Links at Redstone Patriot Course","AL","Redstone Arsenal","White","67.3","115","72.6","120","5739","4 4 3 5 4 3 4 4 5 4 5 3 4 5 4 3 4 4","9 11 15 1 7 17 13 3 5 12 4 16 6 2 8 18 10 14"
"The Links at Redstone Patriot Course","AL","Redstone Arsenal","Gold","64.7","111","69.6","116","5237","4 4 3 5 4 3 4 4 5 4 5 3 4 5 4 3 4 4","9 11 15 1 7 17 13 3 5 12 4 16 6 2 8 18 10 14"
"The Links at Redstone Patriot Course","AL","Redstone Arsenal","Gold/Green","","","66.3","109","4630","4 4 3 5 4 3 4 4 5 4 5 3 4 5 4 3 4 4","9 11 15 1 7 17 13 3 5 12 4 16 6 2 8 18 10 14"
"The Links at Redstone Patriot Course","AL","Redstone Arsenal","Green","","","61.5","98","3767","4 4 3 5 4 3 4 4 5 4 5 3 4 5 4 3 4 4","9 11 15 1 7 17 13 3 5 12 4 16 6 2 8 18 10 14"
"Timber Ridge Golf Club","AL","Talladega","Blue","71.2","126","","","6590","4 4 4 5 4 3 4 3 5 4 3 5 4 5 4 4 3 4","11 1 5 15 7 3 9 13 17 8 14 16 12 18 4 2 10 6"
"Timber Ridge Golf Club","AL","Talladega","White","68.4","121","","","6150","4 4 4 5 4 3 4 3 5 4 3 5 4 5 4 4 3 4","11 1 5 15 7 3 9 13 17 8 14 16 12 18 4 2 10 6"
"Timber Ridge Golf Club","AL","Talladega","Gold","65.8","115","72.1","125","5550","4 4 4 5 4 3 4 3 5 4 3 5 4 5 4 4 3 4","11 1 5 15 7 3 9 13 17 8 14 16 12 18 4 2 10 6"
"Timber Ridge Golf Club","AL","Talladega","Red","","","70.9","122","5000","4 4 4 5 4 3 4 3 5 4 3 5 4 5 4 4 3 4","11 1 5 15 7 3 9 13 17 8 14 16 12 18 4 2 10 6"
"Tall Pines Golf Course","AL","Tuscaloosa","Blue","72.1","121","","","6561","5 3 4 4 3 4 4 3 5 4 4 5 3 4 4 4 3 5","8 16 6 10 14 4 2 18 12 13 3 9 7 5 11 1 17 15"
"Tall Pines Golf Course","AL","Tuscaloosa","White","69.7","119","","","6141","5 3 4 4 3 4 4 3 5 4 4 5 3 4 4 4 3 5","8 16 6 10 14 4 2 18 12 13 3 9 7 5 11 1 17 15"
"Tall Pines Golf Course","AL","Tuscaloosa","Gold","68.2","115","","","5547","5 3 4 4 3 4 4 3 5 4 4 5 3 4 4 4 3 5","8 16 6 10 14 4 2 18 12 13 3 9 7 5 11 1 17 15"
"Tall Pines Golf Course","AL","Tuscaloosa","Ladies","","","65.9","107","4978","5 3 4 4 3 4 4 3 5 4 4 5 3 4 4 4 3 5","8 16 6 10 14 4 2 18 12 13 3 9 7 5 11 1 17 15"
"Indian Hills Country Club","AL","Tuscaloosa","Gold","72.3","129","","","6510","4 3 5 4 4 4 4 4 3 4 3 4 5 3 4 4 4 5","1 13 17 3 9 5 11 15 7 2 12 8 6 18 14 4 10 16"
"Indian Hills Country Club","AL","Tuscaloosa","Gold/Blue","70.7","124","","","6132","4 3 5 4 4 4 4 4 3 4 3 4 5 3 4 4 4 5","1 13 17 3 9 5 11 15 7 2 12 8 6 18 14 4 10 16"
"Indian Hills Country Club","AL","Tuscaloosa","Blue","69.5","122","","","5912","4 3 5 4 4 4 4 4 3 4 3 4 5 3 4 4 4 5","1 13 17 3 9 5 11 15 7 2 12 8 6 18 14 4 10 16"
"Indian Hills Country Club","AL","Tuscaloosa","Blue/White","68.2","119","","","5617","4 3 5 4 4 4 4 4 3 4 3 4 5 3 4 4 4 5","1 13 17 3 9 5 11 15 7 2 12 8 6 18 14 4 10 16"
"Indian Hills Country Club","AL","Tuscaloosa","White","66.4","116","71.7","121","5313","4 3 5 4 4 4 4 4 3 4 3 4 5 3 4 4 4 5","1 13 17 3 9 5 11 15 7 2 12 8 6 18 14 4 10 16"
"Indian Hills Country Club","AL","Tuscaloosa","Green","64.1","112","68.8","116","4972","4 3 5 4 4 4 4 4 3 4 3 4 5 3 4 4 4 5","1 13 17 3 9 5 11 15 7 2 12 8 6 18 14 4 10 16"
"Indian Hills Country Club","AL","Tuscaloosa","Red","62.9","110","67.5","111","4659","4 3 5 4 4 4 4 4 3 4 3 4 5 3 4 4 4 5","1 13 17 3 9 5 11 15 7 2 12 8 6 18 14 4 10 16"
"Northriver Yacht Club","AL","Tuscaloosa","Gold","73.4","137","","","6831","5 4 3 4 4 3 4 4 5 5 4 3 4 4 4 4 3 4","17 3 9 13 11 15 1 5 7 16 12 14 18 4 2 8 10 6"
"Northriver Yacht Club","AL","Tuscaloosa","Blue","70.9","130","76.9","139","6318","5 4 3 4 4 3 4 4 5 5 4 3 4 4 4 4 3 4","17 3 9 13 11 15 1 5 7 16 12 14 18 4 2 8 10 6"
"Northriver Yacht Club","AL","Tuscaloosa","Blue/White","70.1","125","75.5","136","6062","5 4 3 4 4 3 4 4 5 5 4 3 4 4 4 4 3 4","17 3 9 13 11 15 1 5 7 16 12 14 18 4 2 8 10 6"
"Northriver Yacht Club","AL","Tuscaloosa","White","68.9","122","74","132","5788","5 4 3 4 4 3 4 4 5 5 4 3 4 4 4 4 3 4","17 3 9 13 11 15 1 5 7 16 12 14 18 4 2 8 10 6"
"Northriver Yacht Club","AL","Tuscaloosa","Green/White","67.8","122","72.8","134","5611","5 4 3 4 4 3 4 4 5 5 4 3 4 4 4 4 3 4","17 3 9 13 11 15 1 5 7 16 12 14 18 4 2 8 10 6"
"Northriver Yacht Club","AL","Tuscaloosa","Green","65.9","114","70.2","125","5135","5 4 3 4 4 3 4 4 5 5 4 3 4 4 4 4 3 4","17 3 9 13 11 15 1 5 7 16 12 14 18 4 2 8 10 6"
"Northriver Yacht Club","AL","Tuscaloosa","Red","65","113","69.2","123","4944","5 4 3 4 4 3 4 4 5 5 4 3 4 4 4 4 3 4","17 3 9 13 11 15 1 5 7 16 12 14 18 4 2 8 10 6"
"Tennessee Valley Country Club","AL","Tuscumbia","Mens","68.7","117","","","6001","3 5 4 4 3 4 5 4 3 3 5 4 4 3 4 5 4 3","17 5 1 9 15 3 7 11 13 14 8 4 12 18 2 6 10 16"
"Tennessee Valley Country Club","AL","Tuscumbia","Senior","67.2","113","","","5741","3 5 4 4 3 4 5 4 3 3 5 4 4 3 4 5 4 3","17 5 1 9 15 3 7 11 13 14 8 4 12 18 2 6 10 16"
"Tennessee Valley Country Club","AL","Tuscumbia","Ladies","","","65.1","109","5196","3 5 4 4 3 4 5 4 3 3 5 4 4 3 4 5 4 3","17 5 1 9 15 3 7 11 13 14 8 4 12 18 2 6 10 16"
"Tennessee Valley Country Club","AL","Tuscumbia","Super Sr.","64.1","107","","","5196","3 5 4 4 3 4 5 4 3 3 5 4 4 3 4 5 4 3","17 5 1 9 15 3 7 11 13 14 8 4 12 18 2 6 10 16"
"The Silos Golf Club","AL","Trussville","Blue","70","124","","","6292","4 4 3 4 5 4 5 4 3 5 4 3 4 5 3 4 4 3","16 12 6 2 8 18 4 14 10 1 3 17 7 15 11 13 5 9"
"The Silos Golf Club","AL","Trussville","White","68.6","121","","","5979","4 4 3 4 5 4 5 4 3 5 4 3 4 5 3 4 4 3","16 12 6 2 8 18 4 14 10 1 3 17 7 15 11 13 5 9"
"The Silos Golf Club","AL","Trussville","Gold","64.3","112","68.6","115","5062","4 4 3 4 5 4 5 4 3 5 4 3 4 5 3 4 4 3","16 12 6 2 8 18 4 14 10 1 3 17 7 15 11 13 5 9"
"The Silos Golf Club","AL","Trussville","Red","","","67.8","114","5042","4 4 3 4 5 4 5 4 3 5 4 3 4 5 3 4 4 3","16 12 6 2 8 18 4 14 10 1 3 17 7 15 11 13 5 9"
"Quail Walk Golf Course","AL","Wetumpka","Blue","70.5","118","","","6534","5 4 3 4 4 3 4 4 5 4 4 4 3 4 5 3 5 4","3 1 15 9 7 17 11 13 5 8 14 12 18 6 10 16 4 2"
"Quail Walk Golf Course","AL","Wetumpka","White","68.5","113","","","6155","5 4 3 4 4 3 4 4 5 4 4 4 3 4 5 3 5 4","3 1 15 9 7 17 11 13 5 8 14 12 18 6 10 16 4 2"
"Quail Walk Golf Course","AL","Wetumpka","Red","64.3","103","69.3","110","5251","5 4 3 4 4 3 4 4 5 4 4 4 3 4 5 3 5 4","3 1 15 9 7 17 11 13 5 8 14 12 18 6 10 16 4 2"
"The Links at Tuscaloosa","AL","Tuscaloosa","Blue","69.7","121","","","6195","4 4 3 4 4 5 4 3 4 3 4 4 5 4 5 3 4 4","6 8 12 16 4 2 10 18 14 15 3 9 7 11 1 17 13 5"
"The Links at Tuscaloosa","AL","Tuscaloosa","White","67.8","117","","","5760","4 4 3 4 4 5 4 3 4 3 4 4 5 4 5 3 4 4","6 8 12 16 4 2 10 18 14 15 3 9 7 11 1 17 13 5"
"The Links at Tuscaloosa","AL","Tuscaloosa","Gold","65.2","107","","","5284","4 4 3 4 4 5 4 3 4 3 4 4 5 4 5 3 4 4","6 8 12 16 4 2 10 18 14 15 3 9 7 11 1 17 13 5"
"The Links at Tuscaloosa","AL","Tuscaloosa","Red","62.6","101","66.4","109","4709","4 4 3 4 4 5 4 3 4 3 4 4 5 4 5 3 4 4","6 8 12 16 4 2 10 18 14 15 3 9 7 11 1 17 13 5"
"Old Overton Club","AL","Vestavia Hills","Black","74.6","134","","","7228","4 5 3 4 4 4 4 3 4 5 4 3 4 4 4 5 3 4","9 11 17 1 7 13 3 15 5 14 2 10 8 6 18 12 16 4"
"Old Overton Club","AL","Vestavia Hills","Blue","71.8","131","77.6","142","6516","4 5 3 4 4 4 4 3 4 5 4 3 4 4 4 5 3 4","9 11 17 1 7 13 3 15 5 14 2 10 8 6 18 12 16 4"
"Old Overton Club","AL","Vestavia Hills","Blue/White","70.2","129","","","6203","4 5 3 4 4 4 4 3 4 5 4 3 4 4 4 5 3 4","9 11 17 1 7 13 3 15 5 14 2 10 8 6 18 12 16 4"
"Old Overton Club","AL","Vestavia Hills","White","69.2","127","74.8","136","6015","4 5 3 4 4 4 4 3 4 5 4 3 4 4 4 5 3 4","9 11 17 1 7 13 3 15 5 14 2 10 8 6 18 12 16 4"
"Old Overton Club","AL","Vestavia Hills","White/Gold","68","125","","","5791","4 5 3 4 4 4 4 3 4 5 4 3 4 4 4 5 3 4","9 11 17 1 7 13 3 15 5 14 2 10 8 6 18 12 16 4"
"Old Overton Club","AL","Vestavia Hills","Gold","65.8","110","","","5291","4 5 3 4 4 4 4 3 4 5 4 3 4 4 4 5 3 4","9 11 17 1 7 13 3 15 5 14 2 10 8 6 18 12 16 4"
"Old Overton Club","AL","Vestavia Hills","Red","","","69.4","122","5017","4 5 3 4 4 4 4 3 4 5 4 3 4 4 4 5 3 4","9 11 17 1 7 13 3 15 5 14 2 10 8 6 18 12 16 4"
"Old Overton Club","AL","Vestavia Hills","Family","60.2","105","63","110","3894","4 5 3 4 4 4 4 3 4 5 4 3 4 4 4 5 3 4","9 11 17 1 7 13 3 15 5 14 2 10 8 6 18 12 16 4"
"Cherokee Ridge Country Club","AL","Union Grove","Black","73.3","140","","","6728","4 4 5 4 3 5 4 3 4 5 3 4 4 5 3 4 4 4","18 4 10 8 16 12 6 14 2 3 15 11 7 1 17 5 13 9"
"Cherokee Ridge Country Club","AL","Union Grove","Blue","71.8","140","77.4","139","6385","4 4 5 4 3 5 4 3 4 5 3 4 4 5 3 4 4 4","18 4 10 8 16 12 6 14 2 3 15 11 7 1 17 5 13 9"
"Cherokee Ridge Country Club","AL","Union Grove","White","70","134","75.2","135","5901","4 4 5 4 3 5 4 3 4 5 3 4 4 5 3 4 4 4","18 4 10 8 16 12 6 14 2 3 15 11 7 1 17 5 13 9"
"Cherokee Ridge Country Club","AL","Union Grove","Combo","68.8","128","","","5659","4 4 5 4 3 5 4 3 4 5 3 4 4 5 3 4 4 4","18 4 10 8 16 12 6 14 2 3 15 11 7 1 17 5 13 9"
"Cherokee Ridge Country Club","AL","Union Grove","Gold","67.5","123","72.6","129","5417","4 4 5 4 3 5 4 3 4 5 3 4 4 5 3 4 4 4","18 4 10 8 16 12 6 14 2 3 15 11 7 1 17 5 13 9"
"Cherokee Ridge Country Club","AL","Union Grove","Red","65.6","120","70.4","125","5086","4 4 5 4 3 5 4 3 4 5 3 4 4 5 3 4 4 4","18 4 10 8 16 12 6 14 2 3 15 11 7 1 17 5 13 9"
"Canebrake Golf Club","AL","Athens","Green","74.8","142","","","7237","4 5 3 4 4 4 5 3 4 4 4 5 3 4 4 4 3 5","13 11 9 15 3 17 5 7 1 6 4 16 10 12 8 2 14 18"
"Canebrake Golf Club","AL","Athens","Blue","72.6","139","","","6774","4 5 3 4 4 4 5 3 4 4 4 5 3 4 4 4 3 5","13 11 9 15 3 17 5 7 1 6 4 16 10 12 8 2 14 18"
"Canebrake Golf Club","AL","Athens","White","69.9","134","","","6260","4 5 3 4 4 4 5 3 4 4 4 5 3 4 4 4 3 5","13 11 9 15 3 17 5 7 1 6 4 16 10 12 8 2 14 18"
"Canebrake Golf Club","AL","Athens","Gold","68.2","128","73.9","132","5758","4 5 3 4 4 4 5 3 4 4 4 5 3 4 4 4 3 5","13 11 9 15 3 17 5 7 1 6 4 16 10 12 8 2 14 18"
"Canebrake Golf Club","AL","Athens","Red","64.3","112","68.7","119","4858","4 5 3 4 4 4 5 3 4 4 4 5 3 4 4 4 3 5","13 11 9 15 3 17 5 7 1 6 4 16 10 12 8 2 14 18"
"Canebrake Golf Club","AL","Athens","Purple","61.7","105","64.5","106","4332","4 5 3 4 4 4 5 3 4 4 4 5 3 4 4 4 3 5","13 11 9 15 3 17 5 7 1 6 4 16 10 12 8 2 14 18"
"Burningtree Country Club","AL","Decatur","Inferno","74.6","137","","","7128","4 5 3 4 4 3 5 4 4 4 4 3 5 3 4 5 4 4","7 13 17 1 3 15 11 9 5 6 2 10 16 14 8 18 12 4"
"Burningtree Country Club","AL","Decatur","Blaze","71.5","130","","","6445","4 5 3 4 4 3 5 4 4 4 4 3 5 3 4 5 4 4","7 13 17 1 3 15 11 9 5 6 2 10 16 14 8 18 12 4"
"Burningtree Country Club","AL","Decatur","Fire","68.8","113","","","5718","4 5 3 4 4 3 5 4 4 4 4 3 5 3 4 5 4 4","7 13 17 1 3 15 11 9 5 6 2 10 16 14 8 18 12 4"
"Burningtree Country Club","AL","Decatur","Flame","66.7","111","71.1","120","5258","4 5 3 4 4 3 5 4 4 4 4 3 5 3 4 5 4 4","7 13 17 1 3 15 11 9 5 6 2 10 16 14 8 18 12 4"
"Burningtree Country Club","AL","Decatur","Embers","63.9","105","67.4","113","4628","4 5 3 4 4 3 5 4 4 4 4 3 5 3 4 5 4 4","7 13 17 1 3 15 11 9 5 6 2 10 16 14 8 18 12 4"
"Stillwaters Golf Club the Highlands Course","AL","Dadeville","Green","73.6","135","","","6906","4 4 3 5 4 4 4 3 5 4 5 4 5 3 4 3 4 4","7 11 17 1 9 13 15 5 3 2 14 6 8 16 12 18 10 4"
"Stillwaters Golf Club the Highlands Course","AL","Dadeville","Blue","71.6","135","","","6507","4 4 3 5 4 4 4 3 5 4 5 4 5 3 4 3 4 4","7 11 17 1 9 13 15 5 3 2 14 6 8 16 12 18 10 4"
"Stillwaters Golf Club the Highlands Course","AL","Dadeville","White","69.1","128","74.5","132","5946","4 4 3 5 4 4 4 3 5 4 5 4 5 3 4 3 4 4","7 11 17 1 9 13 15 5 3 2 14 6 8 16 12 18 10 4"
"Stillwaters Golf Club the Highlands Course","AL","Dadeville","Gold","64.4","119","68.9","121","4958","4 4 3 5 4 4 4 3 5 4 5 4 5 3 4 3 4 4","7 11 17 1 9 13 15 5 3 2 14 6 8 16 12 18 10 4"
"Stillwaters Golf Club the Highlands Course","AL","Dadeville","Red","","","67.3","117","4651","4 4 3 5 4 4 4 3 5 4 5 4 5 3 4 3 4 4","7 11 17 1 9 13 15 5 3 2 14 6 8 16 12 18 10 4"
"Cottonwood Golf Club","AL","Montgomery","Nelson","71.7","134","","","6939","5 4 3 4 4 5 4 3 4 4 3 4 4 5 3 4 4 5","6 2 8 16 4 12 10 18 14 3 17 11 15 5 13 1 9 7"
"Cottonwood Golf Club","AL","Montgomery","Blue","69.6","132","","","6652","5 4 3 4 4 5 4 3 4 4 3 4 4 5 3 4 4 5","6 2 8 16 4 12 10 18 14 3 17 11 15 5 13 1 9 7"
"Cottonwood Golf Club","AL","Montgomery","White","67.1","127","75","138","6360","5 4 3 4 4 5 4 3 4 4 3 4 4 5 3 4 4 5","6 2 8 16 4 12 10 18 14 3 17 11 15 5 13 1 9 7"
"Cottonwood Golf Club","AL","Montgomery","Gold","65.6","123","72.2","131","5789","5 4 3 4 4 5 4 3 4 4 3 4 4 5 3 4 4 5","6 2 8 16 4 12 10 18 14 3 17 11 15 5 13 1 9 7"
"Cottonwood Golf Club","AL","Montgomery","Red","","","70.3","128","5265","5 4 3 4 4 5 4 3 4 4 3 4 4 5 3 4 4 5","6 2 8 16 4 12 10 18 14 3 17 11 15 5 13 1 9 7"
"Heatherwood Hills Country Club","AL","Birmingham","Black","70.9","141","","","6351","4 3 4 4 5 4 4 4 5 5 4 3 4 4 4 3 4 4","17 7 1 3 9 13 5 15 11 4 8 10 6 2 18 14 16 12"
"Heatherwood Hills Country Club","AL","Birmingham","Gold","69","135","","","6000","4 3 4 4 5 4 4 4 5 5 4 3 4 4 4 3 4 4","17 7 1 3 9 13 5 15 11 4 8 10 6 2 18 14 16 12"
"Heatherwood Hills Country Club","AL","Birmingham","Blue","65","127","","","5561","4 3 4 4 5 4 4 4 5 5 4 3 4 4 4 3 4 4","17 7 1 3 9 13 5 15 11 4 8 10 6 2 18 14 16 12"
"Heatherwood Hills Country Club","AL","Birmingham","Green","64.1","125","67.9","132","4887","4 3 4 4 5 4 4 4 5 5 4 3 4 4 4 3 4 4","17 7 1 3 9 13 5 15 11 4 8 10 6 2 18 14 16 12"
"Dothan National Golf Club","AL","Dothan","Black","75.4","132","","","7425","4 4 5 3 5 4 3 4 4 5 3 4 4 5 4 3 4 4","5 7 3 17 13 11 1 9 15 6 16 4 2 18 14 10 8 12"
"Dothan National Golf Club","AL","Dothan","Blue","72.7","129","","","6837","4 4 5 3 5 4 3 4 4 5 3 4 4 5 4 3 4 4","5 7 3 17 13 11 1 9 15 6 16 4 2 18 14 10 8 12"
"Dothan National Golf Club","AL","Dothan","White","69.6","128","","","6233","4 4 5 3 5 4 3 4 4 5 3 4 4 5 4 3 4 4","5 7 3 17 13 11 1 9 15 6 16 4 2 18 14 10 8 12"
"Dothan National Golf Club","AL","Dothan","Gold","67.3","120","","","5694","4 4 5 3 5 4 3 4 4 5 3 4 4 5 4 3 4 4","5 7 3 17 13 11 1 9 15 6 16 4 2 18 14 10 8 12"
"Dothan National Golf Club","AL","Dothan","Red","61","113","72","124","5307","4 4 5 3 5 4 3 4 4 5 3 4 4 5 4 3 4 4","5 7 3 17 13 11 1 9 15 6 16 4 2 18 14 10 8 12"
"Dogwood at Marriotts Grand Hotel Lakewood Golf Club","AL","Point Clear","Purple","73.7","136","","","7034","5 4 3 4 5 4 4 3 4 4 4 5 3 4 4 5 3 4","17 5 9 1 13 3 15 7 11 8 2 14 12 6 4 18 16 10"
"Dogwood at Marriotts Grand Hotel Lakewood Golf Club","AL","Point Clear","Purple/Orange","73","134","","","6890","5 4 3 4 5 4 4 3 4 4 4 5 3 4 4 5 3 4","17 5 9 1 13 3 15 7 11 8 2 14 12 6 4 18 16 10"
"Dogwood at Marriotts Grand Hotel Lakewood Golf Club","AL","Point Clear","Orange","71.2","130","","","6483","5 4 3 4 5 4 4 3 4 4 4 5 3 4 4 5 3 4","17 5 9 1 13 3 15 7 11 8 2 14 12 6 4 18 16 10"
"Dogwood at Marriotts Grand Hotel Lakewood Golf Club","AL","Point Clear","Orange/White","70","131","","","6276","5 4 3 4 5 4 4 3 4 4 4 5 3 4 4 5 3 4","17 5 9 1 13 3 15 7 11 8 2 14 12 6 4 18 16 10"
"Dogwood at Marriotts Grand Hotel Lakewood Golf Club","AL","Point Clear","White","68.5","126","74.8","125","5933","5 4 3 4 5 4 4 3 4 4 4 5 3 4 4 5 3 4","17 5 9 1 13 3 15 7 11 8 2 14 12 6 4 18 16 10"
"Dogwood at Marriotts Grand Hotel Lakewood Golf Club","AL","Point Clear","White/Teal","67","122","","","5664","5 4 3 4 5 4 4 3 4 4 4 5 3 4 4 5 3 4","17 5 9 1 13 3 15 7 11 8 2 14 12 6 4 18 16 10"
"Dogwood at Marriotts Grand Hotel Lakewood Golf Club","AL","Point Clear","Teal","64.5","112","70.2","115","5113","5 4 3 4 5 4 4 3 4 4 4 5 3 4 4 5 3 4","17 5 9 1 13 3 15 7 11 8 2 14 12 6 4 18 16 10"
"Dogwood at Marriotts Grand Hotel Lakewood Golf Club","AL","Point Clear","Teal/Red","63.7","110","","","4927","5 4 3 4 5 4 4 3 4 4 4 5 3 4 4 5 3 4","17 5 9 1 13 3 15 7 11 8 2 14 12 6 4 18 16 10"
"Dogwood at Marriotts Grand Hotel Lakewood Golf Club","AL","Point Clear","Red","61.6","105","66.2","107","4393","5 4 3 4 5 4 4 3 4 4 4 5 3 4 4 5 3 4","17 5 9 1 13 3 15 7 11 8 2 14 12 6 4 18 16 10"
"Dogwood at Marriotts Grand Hotel Lakewood Golf Club","AL","Point Clear","Red/Yellow","","","65.9","106","4331","5 4 3 4 5 4 4 3 4 4 4 5 3 4 4 5 3 4","17 5 9 1 13 3 15 7 11 8 2 14 12 6 4 18 16 10"
"The Bridges at Tartan Pines","AL","Enterprise","Black","73","131","","","6787","5 3 4 4 4 4 3 4 5 4 3 4 5 4 4 4 3 5","8 10 12 4 16 2 14 6 18 3 15 7 5 9 1 11 13 17"
"The Bridges at Tartan Pines","AL","Enterprise","Blue","69.5","123","","","6055","5 3 4 4 4 4 3 4 5 4 3 4 5 4 4 4 3 5","8 10 12 4 16 2 14 6 18 3 15 7 5 9 1 11 13 17"
"The Bridges at Tartan Pines","AL","Enterprise","White","66.8","114","","","5475","5 3 4 4 4 4 3 4 5 4 3 4 5 4 4 4 3 5","8 10 12 4 16 2 14 6 18 3 15 7 5 9 1 11 13 17"
"The Bridges at Tartan Pines","AL","Enterprise","Red","","","66.4","113","4619","5 3 4 4 4 4 3 4 5 4 3 4 5 4 4 4 3 5","8 10 12 4 16 2 14 6 18 3 15 7 5 9 1 11 13 17"
"Azalea at Marriotts Grand Hotel Lakewood Golf Club","AL","Point Clear","Purple","74.4","131","","","7156","5 4 4 3 4 5 3 4 4 4 5 4 3 5 3 4 4 4","5 3 7 9 13 17 15 1 11 4 14 2 18 12 16 10 8 6"
"Azalea at Marriotts Grand Hotel Lakewood Golf Club","AL","Point Clear","Orange","71.8","126","","","6595","5 4 4 3 4 5 3 4 4 4 5 4 3 5 3 4 4 4","5 3 7 9 13 17 15 1 11 4 14 2 18 12 16 10 8 6"
"Azalea at Marriotts Grand Hotel Lakewood Golf Club","AL","Point Clear","Orange/White","70.5","127","","","6357","5 4 4 3 4 5 3 4 4 4 5 4 3 5 3 4 4 4","5 3 7 9 13 17 15 1 11 4 14 2 18 12 16 10 8 6"
"Azalea at Marriotts Grand Hotel Lakewood Golf Club","AL","Point Clear","White","69.4","123","74.7","128","6085","5 4 4 3 4 5 3 4 4 4 5 4 3 5 3 4 4 4","5 3 7 9 13 17 15 1 11 4 14 2 18 12 16 10 8 6"
"Azalea at Marriotts Grand Hotel Lakewood Golf Club","AL","Point Clear","White/Teal","68.1","121","","","5834","5 4 4 3 4 5 3 4 4 4 5 4 3 5 3 4 4 4","5 3 7 9 13 17 15 1 11 4 14 2 18 12 16 10 8 6"
"Azalea at Marriotts Grand Hotel Lakewood Golf Club","AL","Point Clear","Teal","65.7","110","70.3","118","5270","5 4 4 3 4 5 3 4 4 4 5 4 3 5 3 4 4 4","5 3 7 9 13 17 15 1 11 4 14 2 18 12 16 10 8 6"
"Azalea at Marriotts Grand Hotel Lakewood Golf Club","AL","Point Clear","Teal/Red","64.7","107","","","5050","5 4 4 3 4 5 3 4 4 4 5 4 3 5 3 4 4 4","5 3 7 9 13 17 15 1 11 4 14 2 18 12 16 10 8 6"
"Azalea at Marriotts Grand Hotel Lakewood Golf Club","AL","Point Clear","Red","62.5","105","66.5","109","4548","5 4 4 3 4 5 3 4 4 4 5 4 3 5 3 4 4 4","5 3 7 9 13 17 15 1 11 4 14 2 18 12 16 10 8 6"
"Vanity Fair Golf Tennis Club","AL","Monroeville","Blue","69.7","119","","","6203","5 4 4 3 4 5 3 3 4 5 4 3 4 4 5 3 4 4","4 6 12 14 2 8 18 16 10 9 13 15 1 11 5 17 3 7"
"Vanity Fair Golf Tennis Club","AL","Monroeville","Gold","68.2","117","","","6028","5 4 4 3 4 5 3 3 4 5 4 3 4 4 5 3 4 4","4 6 12 14 2 8 18 16 10 9 13 15 1 11 5 17 3 7"
"Vanity Fair Golf Tennis Club","AL","Monroeville","Red","66.5","113","69.2","117","5810","5 4 4 3 4 5 3 3 4 5 4 3 4 4 5 3 4 4","4 6 12 14 2 8 18 16 10 9 13 15 1 11 5 17 3 7"
"Vanity Fair Golf Tennis Club","AL","Monroeville","White","65.9","115","","","5374","5 4 4 3 4 5 3 3 4 5 4 3 4 4 5 3 4 4","4 6 12 14 2 8 18 16 10 9 13 15 1 11 5 17 3 7"
"Vanity Fair Golf Tennis Club","AL","Monroeville","Red/white","","","69.8","118","5287","5 4 4 3 4 5 3 3 4 5 4 3 4 4 5 3 4 4","4 6 12 14 2 8 18 16 10 9 13 15 1 11 5 17 3 7"
"Qc Golf Rv","AL","Hartselle","Blue","70.5","124","","","6127","4 4 3 3 4 4 3 4 4 5 5 4 4 3 5 3 4 4","13 3 17 15 5 11 7 9 1 18 14 2 16 4 12 10 6 8"
"Qc Golf Rv","AL","Hartselle","White","68.3","119","","","5719","4 4 3 3 4 4 3 4 4 5 5 4 4 3 5 3 4 4","13 3 17 15 5 11 7 9 1 18 14 2 16 4 12 10 6 8"
"Qc Golf Rv","AL","Hartselle","Gold","65.6","112","","","5204","4 4 3 3 4 4 3 4 4 5 5 4 4 3 5 3 4 4","13 3 17 15 5 11 7 9 1 18 14 2 16 4 12 10 6 8"
"Qc Golf Rv","AL","Hartselle","Red","62.2","103","72","113","4834","4 4 3 3 4 4 3 4 4 5 5 4 4 3 5 3 4 4","13 3 17 15 5 11 7 9 1 18 14 2 16 4 12 10 6 8"
"Gunters Landing Golf Club","AL","Guntersville","Gold","73.2","137","","","6863","4 4 3 5 3 4 4 5 4 3 5 4 4 4 3 4 4 5","8 16 14 6 10 18 12 4 2 9 3 7 11 1 13 15 17 5"
"Gunters Landing Golf Club","AL","Guntersville","Blue","71.1","132","","","6419","4 4 3 5 3 4 4 5 4 3 5 4 4 4 3 4 4 5","8 16 14 6 10 18 12 4 2 9 3 7 11 1 13 15 17 5"
"Gunters Landing Golf Club","AL","Guntersville","White","68.9","128","75","135","5922","4 4 3 5 3 4 4 5 4 3 5 4 4 4 3 4 4 5","8 16 14 6 10 18 12 4 2 9 3 7 11 1 13 15 17 5"
"Gunters Landing Golf Club","AL","Guntersville","Red","65.9","122","71.3","127","5259","4 4 3 5 3 4 4 5 4 3 5 4 4 4 3 4 4 5","8 16 14 6 10 18 12 4 2 9 3 7 11 1 13 15 17 5"
"Ridge at Oxmoor Valley Golf Course","AL","Birmingham","Purple","74.3","141","","","7055","4 5 5 4 3 4 4 3 4 4 4 5 3 4 4 3 4 5","8 4 2 12 16 6 14 18 10 9 7 3 17 13 11 15 5 1"
"Ridge at Oxmoor Valley Golf Course","AL","Birmingham","Orange","72.1","136","78.6","141","6527","4 5 5 4 3 4 4 3 4 4 4 5 3 4 4 3 4 5","8 4 2 12 16 6 14 18 10 9 7 3 17 13 11 15 5 1"
"Ridge at Oxmoor Valley Golf Course","AL","Birmingham","White","70.3","133","76.4","137","6148","4 5 5 4 3 4 4 3 4 4 4 5 3 4 4 3 4 5","8 4 2 12 16 6 14 18 10 9 7 3 17 13 11 15 5 1"
"Ridge at Oxmoor Valley Golf Course","AL","Birmingham","Gold","67.3","128","72.8","128","5546","4 5 5 4 3 4 4 3 4 4 4 5 3 4 4 3 4 5","8 4 2 12 16 6 14 18 10 9 7 3 17 13 11 15 5 1"
"Ridge at Oxmoor Valley Golf Course","AL","Birmingham","Teal","64.9","120","69.4","122","4974","4 5 5 4 3 4 4 3 4 4 4 5 3 4 4 3 4 5","8 4 2 12 16 6 14 18 10 9 7 3 17 13 11 15 5 1"
"Shoal Creek Golf Club","AL","Birmingham","Five Star","76.2","145","","","7400","4 4 5 4 3 5 4 3 4 4 5 4 3 4 4 3 5 4","9 7 11 5 17 13 3 15 1 6 14 2 16 12 8 18 10 4"
"Shoal Creek Golf Club","AL","Birmingham","Four Star","74.2","142","","","6970","4 4 5 4 3 5 4 3 4 4 5 4 3 4 4 3 5 4","9 7 11 5 17 13 3 15 1 6 14 2 16 12 8 18 10 4"
"Shoal Creek Golf Club","AL","Birmingham","Chairman","73.1","140","","","6740","4 4 5 4 3 5 4 3 4 4 5 4 3 4 4 3 5 4","9 7 11 5 17 13 3 15 1 6 14 2 16 12 8 18 10 4"
"Shoal Creek Golf Club","AL","Birmingham","Three Star","72.3","138","78.4","143","6535","4 4 5 4 3 5 4 3 4 4 5 4 3 4 4 3 5 4","9 7 11 5 17 13 3 15 1 6 14 2 16 12 8 18 10 4"
"Shoal Creek Golf Club","AL","Birmingham","Two Star","69.1","130","74.6","135","5880","4 4 5 4 3 5 4 3 4 4 5 4 3 4 4 3 5 4","9 7 11 5 17 13 3 15 1 6 14 2 16 12 8 18 10 4"
"Shoal Creek Golf Club","AL","Birmingham","One Star","65.6","124","70.4","126","5125","4 4 5 4 3 5 4 3 4 4 5 4 3 4 4 3 5 4","9 7 11 5 17 13 3 15 1 6 14 2 16 12 8 18 10 4"
"Valley at Oxmoor Valley Golf Course","AL","Birmingham","Purple","75.6","147","","","7327","4 3 4 3 4 4 5 4 5 4 4 5 3 5 4 3 4 4","5 15 9 17 7 13 3 11 1 6 14 4 18 2 10 16 12 8"
"Valley at Oxmoor Valley Golf Course","AL","Birmingham","Orange","72.1","141","78.9","147","6624","4 3 4 3 4 4 5 4 5 4 4 5 3 5 4 3 4 4","5 15 9 17 7 13 3 11 1 6 14 4 18 2 10 16 12 8"
"Valley at Oxmoor Valley Golf Course","AL","Birmingham","White","69.3","130","75.4","143","6043","4 3 4 3 4 4 5 4 5 4 4 5 3 5 4 3 4 4","5 15 9 17 7 13 3 11 1 6 14 4 18 2 10 16 12 8"
"Valley at Oxmoor Valley Golf Course","AL","Birmingham","Gold","65.9","124","71.3","133","5297","4 3 4 3 4 4 5 4 5 4 4 5 3 5 4 3 4 4","5 15 9 17 7 13 3 11 1 6 14 4 18 2 10 16 12 8"
"Valley at Oxmoor Valley Golf Course","AL","Birmingham","Teal","62.9","112","67.1","115","4625","4 3 4 3 4 4 5 4 5 4 4 5 3 5 4 3 4 4","5 15 9 17 7 13 3 11 1 6 14 4 18 2 10 16 12 8"
"The Lake at Grand National Golf Course","AL","Opelika","Purple","76.2","139","","","7314","4 4 3 5 4 4 5 3 4 4 4 5 4 5 3 4 3 4","11 1 15 9 5 13 3 17 7 4 16 12 2 8 6 14 18 10"
"The Lake at Grand National Golf Course","AL","Opelika","Orange","73.2","133","78.9","142","6648","4 4 3 5 4 4 5 3 4 4 4 5 4 5 3 4 3 4","11 1 15 9 5 13 3 17 7 4 16 12 2 8 6 14 18 10"
"The Lake at Grand National Golf Course","AL","Opelika","White","70.2","131","75.3","135","6018","4 4 3 5 4 4 5 3 4 4 4 5 4 5 3 4 3 4","11 1 15 9 5 13 3 17 7 4 16 12 2 8 6 14 18 10"
"The Lake at Grand National Golf Course","AL","Opelika","Gold","67.3","123","71.8","126","5432","4 4 3 5 4 4 5 3 4 4 4 5 4 5 3 4 3 4","11 1 15 9 5 13 3 17 7 4 16 12 2 8 6 14 18 10"
"The Lake at Grand National Golf Course","AL","Opelika","Teal","64.3","117","68.9","121","4873","4 4 3 5 4 4 5 3 4 4 4 5 4 5 3 4 3 4","11 1 15 9 5 13 3 17 7 4 16 12 2 8 6 14 18 10"
"Quail Creek Golf Course","AL","Fairhope","Blue","70.1","122","","","6363","4 3 5 4 4 3 4 4 4 4 3 5 4 4 4 3 5 5","3 15 7 1 5 17 11 13 9 6 18 8 10 14 4 16 2 12"
"Quail Creek Golf Course","AL","Fairhope","White","70.5","120","","","6093","4 3 5 4 4 3 4 4 4 4 3 5 4 4 4 3 5 5","3 15 7 1 5 17 11 13 9 6 18 8 10 14 4 16 2 12"
"Quail Creek Golf Course","AL","Fairhope","Gold","67","112","72.3","121","5453","4 3 5 4 4 3 4 4 4 4 3 5 4 4 4 3 5 5","3 15 7 1 5 17 11 13 9 6 18 8 10 14 4 16 2 12"
"Quail Creek Golf Course","AL","Fairhope","Green","64.8","106","69.8","116","5262","4 3 5 4 4 3 4 4 4 4 3 5 4 4 4 3 5 5","3 15 7 1 5 17 11 13 9 6 18 8 10 14 4 16 2 12"
"Quail Creek Golf Course","AL","Fairhope","Red","62.9","102","67.4","111","4706","4 3 5 4 4 3 4 4 4 4 3 5 4 4 4 3 5 5","3 15 7 1 5 17 11 13 9 6 18 8 10 14 4 16 2 12"
"The Links at Grand National Golf Course","AL","Opelika","Purple","76.2","141","","","7311","4 5 3 4 4 5 4 4 3 4 3 5 4 4 5 3 4 4","7 5 15 9 11 3 1 13 17 16 8 4 12 6 10 18 14 2"
"The Links at Grand National Golf Course","AL","Opelika","Orange","73.2","135","79.3","143","6574","4 5 3 4 4 5 4 4 3 4 3 5 4 4 5 3 4 4","7 5 15 9 11 3 1 13 17 16 8 4 12 6 10 18 14 2"
"The Links at Grand National Golf Course","AL","Opelika","White","70.5","128","76","136","6015","4 5 3 4 4 5 4 4 3 4 3 5 4 4 5 3 4 4","7 5 15 9 11 3 1 13 17 16 8 4 12 6 10 18 14 2"
"The Links at Grand National Golf Course","AL","Opelika","Gold","66.5","120","71.4","126","5491","4 5 3 4 4 5 4 4 3 4 3 5 4 4 5 3 4 4","7 5 15 9 11 3 1 13 17 16 8 4 12 6 10 18 14 2"
"The Links at Grand National Golf Course","AL","Opelika","Teal","62.9","113","67.1","118","4843","4 5 3 4 4 5 4 4 3 4 3 5 4 4 5 3 4 4","7 5 15 9 11 3 1 13 17 16 8 4 12 6 10 18 14 2"
"Limestone Springs Golf Club","AL","Oneonta","Tee I","73.4","132","","","6987","4 5 4 4 3 4 3 5 4 4 5 3 4 4 3 5 4 4","3 11 5 7 13 1 17 9 15 8 6 16 18 12 14 10 4 2"
"Limestone Springs Golf Club","AL","Oneonta","I.5","71.8","133","","","6719","4 5 4 4 3 4 3 5 4 4 5 3 4 4 3 5 4 4","3 11 5 7 13 1 17 9 15 8 6 16 18 12 14 10 4 2"
"Limestone Springs Golf Club","AL","Oneonta","Tee II","70.6","133","","","6457","4 5 4 4 3 4 3 5 4 4 5 3 4 4 3 5 4 4","3 11 5 7 13 1 17 9 15 8 6 16 18 12 14 10 4 2"
"Limestone Springs Golf Club","AL","Oneonta","II.5","69.3","128","","","6151","4 5 4 4 3 4 3 5 4 4 5 3 4 4 3 5 4 4","3 11 5 7 13 1 17 9 15 8 6 16 18 12 14 10 4 2"
"Limestone Springs Golf Club","AL","Oneonta","Tee III","68.1","123","74","127","5880","4 5 4 4 3 4 3 5 4 4 5 3 4 4 3 5 4 4","3 11 5 7 13 1 17 9 15 8 6 16 18 12 14 10 4 2"
"Limestone Springs Golf Club","AL","Oneonta","III.5","66.1","118","71.2","124","5421","4 5 4 4 3 4 3 5 4 4 5 3 4 4 3 5 4 4","3 11 5 7 13 1 17 9 15 8 6 16 18 12 14 10 4 2"
"Limestone Springs Golf Club","AL","Oneonta","Tee IV","64.1","115","68.9","121","5042","4 5 4 4 3 4 3 5 4 4 5 3 4 4 3 5 4 4","3 11 5 7 13 1 17 9 15 8 6 16 18 12 14 10 4 2"
"Cypress Bend at the Craft Farms Resort","AL","Gulf Shores","Gold","72.9","135","","","6848","4 4 5 4 4 3 5 3 4 4 4 3 5 4 3 4 4 5","9 1 11 5 13 15 3 17 7 8 4 14 12 2 18 16 10 6"
"Cypress Bend at the Craft Farms Resort","AL","Gulf Shores","Blue","71","128","","","6432","4 4 5 4 4 3 5 3 4 4 4 3 5 4 3 4 4 5","9 1 11 5 13 15 3 17 7 8 4 14 12 2 18 16 10 6"
"Cypress Bend at the Craft Farms Resort","AL","Gulf Shores","White","68.7","124","","","5975","4 4 5 4 4 3 5 3 4 4 4 3 5 4 3 4 4 5","9 1 11 5 13 15 3 17 7 8 4 14 12 2 18 16 10 6"
"Cypress Bend at the Craft Farms Resort","AL","Gulf Shores","Silver","66.1","114","71.3","125","5458","4 4 5 4 4 3 5 3 4 4 4 3 5 4 3 4 4 5","9 1 11 5 13 15 3 17 7 8 4 14 12 2 18 16 10 6"
"Cypress Bend at the Craft Farms Resort","AL","Gulf Shores","Red","64.2","110","68.8","119","5027","4 4 5 4 4 3 5 3 4 4 4 3 5 4 3 4 4 5","9 1 11 5 13 15 3 17 7 8 4 14 12 2 18 16 10 6"
"Cypress Bend at the Craft Farms Resort","AL","Gulf Shores","Red Senior","","","63.2","107","4032","4 4 5 4 4 3 5 3 4 4 4 3 5 4 3 4 4 5","9 1 11 5 13 15 3 17 7 8 4 14 12 2 18 16 10 6"
"Cotton Creek at the Craft Farms Resort","AL","Gulf Shores","Gold","74.2","129","","","7127","4 4 5 3 4 4 5 3 4 5 4 4 3 4 4 3 5 4","13 5 3 15 9 1 7 17 11 10 4 12 16 6 14 18 2 8"
"Cotton Creek at the Craft Farms Resort","AL","Gulf Shores","Blue","71.9","124","","","6617","4 4 5 3 4 4 5 3 4 5 4 4 3 4 4 3 5 4","13 5 3 15 9 1 7 17 11 10 4 12 16 6 14 18 2 8"
"Cotton Creek at the Craft Farms Resort","AL","Gulf Shores","White","69.7","118","","","6080","4 4 5 3 4 4 5 3 4 5 4 4 3 4 4 3 5 4","13 5 3 15 9 1 7 17 11 10 4 12 16 6 14 18 2 8"
"Cotton Creek at the Craft Farms Resort","AL","Gulf Shores","Silver","66.8","109","71.9","119","5438","4 4 5 3 4 4 5 3 4 5 4 4 3 4 4 3 5 4","13 5 3 15 9 1 7 17 11 10 4 12 16 6 14 18 2 8"
"Cotton Creek at the Craft Farms Resort","AL","Gulf Shores","Red","65.5","107","70.8","115","5160","4 4 5 3 4 4 5 3 4 5 4 4 3 4 4 3 5 4","13 5 3 15 9 1 7 17 11 10 4 12 16 6 14 18 2 8"
"Cotton Creek at the Craft Farms Resort","AL","Gulf Shores","Red Senior","","","63.1","102","3910","4 4 5 3 4 4 5 3 4 5 4 4 3 4 4 3 5 4","13 5 3 15 9 1 7 17 11 10 4 12 16 6 14 18 2 8"
"Spring Hill College Golf Club","AL","Mobile","Purple","71.6","125","","","6665","4 4 4 3 5 4 5 3 4 5 3 4 4 4 3 4 4 5","1 15 13 11 17 7 4 5 3 9 18 8 16 12 2 6 10 14"
"Spring Hill College Golf Club","AL","Mobile","White","69.3","119","","","6200","4 4 4 3 5 4 5 3 4 5 3 4 4 4 3 4 4 5","1 15 13 11 17 7 4 5 3 9 18 8 16 12 2 6 10 14"
"Spring Hill College Golf Club","AL","Mobile","Gold","66.7","116","","","5625","4 4 4 3 5 4 5 3 4 5 3 4 4 4 3 4 4 5","1 15 13 11 17 7 4 5 3 9 18 8 16 12 2 6 10 14"
"Spring Hill College Golf Club","AL","Mobile","Red","","","68.7","114","5000","4 4 4 3 5 4 5 3 4 5 3 4 4 4 3 4 4 5","1 15 13 11 17 7 4 5 3 9 18 8 16 12 2 6 10 14"
"Rock Creek Golf Club","AL","Fairhope","Blue","73.4","136","","","6915","5 4 3 4 3 4 4 4 5 4 5 3 5 4 4 3 4 4","11 1 17 3 9 7 15 13 5 18 14 8 16 6 10 12 2 4"
"Rock Creek Golf Club","AL","Fairhope","White","70.8","132","","","6344","5 4 3 4 3 4 4 4 5 4 5 3 5 4 4 3 4 4","11 1 17 3 9 7 15 13 5 18 14 8 16 6 10 12 2 4"
"Rock Creek Golf Club","AL","Fairhope","Gold","69.1","127","74.2","133","5923","5 4 3 4 3 4 4 4 5 4 5 3 5 4 4 3 4 4","11 1 17 3 9 7 15 13 5 18 14 8 16 6 10 12 2 4"
"Rock Creek Golf Club","AL","Fairhope","Red","67.9","124","72.7","131","5664","5 4 3 4 3 4 4 4 5 4 5 3 5 4 4 3 4 4","11 1 17 3 9 7 15 13 5 18 14 8 16 6 10 12 2 4"
"Rock Creek Golf Club","AL","Fairhope","Green","64.5","118","68.6","122","4933","5 4 3 4 3 4 4 4 5 4 5 3 5 4 4 3 4 4","11 1 17 3 9 7 15 13 5 18 14 8 16 6 10 12 2 4"
"Magnolia Dogwood at Timbercreek Golf Club","AL","Daphne","Gold","74.8","141","","","7182","5 4 3 5 3 4 4 4 4 4 5 4 3 4 3 5 4 4","5 1 15 3 13 9 17 7 11 14 6 10 16 8 12 2 18 4"
"Magnolia Dogwood at Timbercreek Golf Club","AL","Daphne","Blue","71.8","133","","","6587","5 4 3 5 3 4 4 4 4 4 5 4 3 4 3 5 4 4","5 1 15 3 13 9 17 7 11 14 6 10 16 8 12 2 18 4"
"Magnolia Dogwood at Timbercreek Golf Club","AL","Daphne","White","69.3","121","74.5","132","6036","5 4 3 5 3 4 4 4 4 4 5 4 3 4 3 5 4 4","5 1 15 3 13 9 17 7 11 14 6 10 16 8 12 2 18 4"
"Magnolia Dogwood at Timbercreek Golf Club","AL","Daphne","Green","66.5","116","71.1","124","5429","5 4 3 5 3 4 4 4 4 4 5 4 3 4 3 5 4 4","5 1 15 3 13 9 17 7 11 14 6 10 16 8 12 2 18 4"
"Magnolia Dogwood at Timbercreek Golf Club","AL","Daphne","Red","64.5","112","68.7","119","5016","5 4 3 5 3 4 4 4 4 4 5 4 3 4 3 5 4 4","5 1 15 3 13 9 17 7 11 14 6 10 16 8 12 2 18 4"
"Highland Park Golf Course","AL","Birmingham","Tee I","67.6","124","","","5818","4 5 3 4 3 4 4 5 4 4 3 5 3 4 4 4 3 4","15 17 13 7 3 5 1 11 9 4 2 10 16 18 12 6 14 8"
"Highland Park Golf Course","AL","Birmingham","Tee II","66.2","121","70.9","126","5390","4 5 3 4 3 4 4 5 4 4 3 5 3 4 4 4 3 4","15 17 13 7 3 5 1 11 9 4 2 10 16 18 12 6 14 8"
"Highland Park Golf Course","AL","Birmingham","Tee III","64.3","114","68.2","120","4793","4 5 3 4 3 4 4 5 4 4 3 5 3 4 4 4 3 4","15 17 13 7 3 5 1 11 9 4 2 10 16 18 12 6 14 8"
"Kiva Dunes Golf Course","AL","Gulf Shores","Gold","74.9","142","","","7122","4 5 3 4 5 4 4 3 4 4 4 4 3 5 5 4 3 4","17 11 9 15 7 5 1 13 3 16 18 2 12 6 14 10 8 4"
"Kiva Dunes Golf Course","AL","Gulf Shores","Blue","72","137","","","6505","4 5 3 4 5 4 4 3 4 4 4 4 3 5 5 4 3 4","17 11 9 15 7 5 1 13 3 16 18 2 12 6 14 10 8 4"
"Kiva Dunes Golf Course","AL","Gulf Shores","White","69.6","124","","","5878","4 5 3 4 5 4 4 3 4 4 4 4 3 5 5 4 3 4","17 11 9 15 7 5 1 13 3 16 18 2 12 6 14 10 8 4"
"Kiva Dunes Golf Course","AL","Gulf Shores","Green","68","116","72.8","129","5495","4 5 3 4 5 4 4 3 4 4 4 4 3 5 5 4 3 4","17 11 9 15 7 5 1 13 3 16 18 2 12 6 14 10 8 4"
"Kiva Dunes Golf Course","AL","Gulf Shores","Red","","","70","123","5006","4 5 3 4 5 4 4 3 4 4 4 4 3 5 5 4 3 4","17 11 9 15 7 5 1 13 3 16 18 2 12 6 14 10 8 4"
"River at Hampton Cove Golf Course","AL","Owens Cross Roads","Purple","77.5","140","","","7668","5 3 4 4 4 3 4 5 4 5 4 4 4 3 5 3 4 4","3 17 9 13 1 15 7 5 11 18 8 2 16 6 12 14 4 10"
"River at Hampton Cove Golf Course","AL","Owens Cross Roads","Orange","73.1","136","","","6764","5 3 4 4 4 3 4 5 4 5 4 4 4 3 5 3 4 4","3 17 9 13 1 15 7 5 11 18 8 2 16 6 12 14 4 10"
"River at Hampton Cove Golf Course","AL","Owens Cross Roads","White","70.2","130","75.8","138","6111","5 3 4 4 4 3 4 5 4 5 4 4 4 3 5 3 4 4","3 17 9 13 1 15 7 5 11 18 8 2 16 6 12 14 4 10"
"River at Hampton Cove Golf Course","AL","Owens Cross Roads","Gold","67.9","119","73.4","129","5602","5 3 4 4 4 3 4 5 4 5 4 4 4 3 5 3 4 4","3 17 9 13 1 15 7 5 11 18 8 2 16 6 12 14 4 10"
"River at Hampton Cove Golf Course","AL","Owens Cross Roads","Teal","66.2","110","70.8","126","5200","5 3 4 4 4 3 4 5 4 5 4 4 4 3 5 3 4 4","3 17 9 13 1 15 7 5 11 18 8 2 16 6 12 14 4 10"
"Highlands at Hampton Cove Golf Course","AL","Owens Cross Roads","Purple","76.2","143","","","7428","4 4 5 3 4 4 4 3 5 4 3 4 4 4 5 3 5 4","5 15 17 9 7 1 3 13 11 4 14 16 12 2 18 10 6 8"
"Highlands at Hampton Cove Golf Course","AL","Owens Cross Roads","Orange","73.4","138","","","6806","4 4 5 3 4 4 4 3 5 4 3 4 4 4 5 3 5 4","5 15 17 9 7 1 3 13 11 4 14 16 12 2 18 10 6 8"
"Highlands at Hampton Cove Golf Course","AL","Owens Cross Roads","White","70.9","130","76.9","136","6070","4 4 5 3 4 4 4 3 5 4 3 4 4 4 5 3 5 4","5 15 17 9 7 1 3 13 11 4 14 16 12 2 18 10 6 8"
"Highlands at Hampton Cove Golf Course","AL","Owens Cross Roads","Gold","67.8","126","73.7","129","5535","4 4 5 3 4 4 4 3 5 4 3 4 4 4 5 3 5 4","5 15 17 9 7 1 3 13 11 4 14 16 12 2 18 10 6 8"
"Highlands at Hampton Cove Golf Course","AL","Owens Cross Roads","Teal","65","120","70.2","120","4982","4 4 5 3 4 4 4 3 5 4 3 4 4 4 5 3 5 4","5 15 17 9 7 1 3 13 11 4 14 16 12 2 18 10 6 8"
"The Shoals Golf Club Fighting Joe Course","AL","Muscle Shoals","Black","78.7","147","","","8092","5 4 4 4 3 4 5 4 3 4 4 5 3 4 4 4 5 3","3 9 7 13 15 5 1 11 17 6 14 2 16 10 12 8 4 18"
"The Shoals Golf Club Fighting Joe Course","AL","Muscle Shoals","Purple","75.1","140","","","7256","5 4 4 4 3 4 5 4 3 4 4 5 3 4 4 4 5 3","3 9 7 13 15 5 1 11 17 6 14 2 16 10 12 8 4 18"
"The Shoals Golf Club Fighting Joe Course","AL","Muscle Shoals","Orange","72.8","137","","","6768","5 4 4 4 3 4 5 4 3 4 4 5 3 4 4 4 5 3","3 9 7 13 15 5 1 11 17 6 14 2 16 10 12 8 4 18"
"The Shoals Golf Club Fighting Joe Course","AL","Muscle Shoals","White","71.1","129","77.1","138","6294","5 4 4 4 3 4 5 4 3 4 4 5 3 4 4 4 5 3","3 9 7 13 15 5 1 11 17 6 14 2 16 10 12 8 4 18"
"The Shoals Golf Club Fighting Joe Course","AL","Muscle Shoals","Gold","67.5","120","73.3","131","5595","5 4 4 4 3 4 5 4 3 4 4 5 3 4 4 4 5 3","3 9 7 13 15 5 1 11 17 6 14 2 16 10 12 8 4 18"
"The Shoals Golf Club Fighting Joe Course","AL","Muscle Shoals","Teal","64.1","113","69.1","122","4911","5 4 4 4 3 4 5 4 3 4 4 5 3 4 4 4 5 3","3 9 7 13 15 5 1 11 17 6 14 2 16 10 12 8 4 18"
"The Shoals Golf Club Schoolmaster Course","AL","Muscle Shoals","Black","78.2","146","","","7971","4 3 4 5 4 3 4 4 5 3 5 5 4 4 4 3 4 4","13 17 7 3 9 15 11 5 1 16 4 2 6 12 8 18 10 14"
"The Shoals Golf Club Schoolmaster Course","AL","Muscle Shoals","Purple","75.6","141","","","7386","4 3 4 5 4 3 4 4 5 3 5 5 4 4 4 3 4 4","13 17 7 3 9 15 11 5 1 16 4 2 6 12 8 18 10 14"
"The Shoals Golf Club Schoolmaster Course","AL","Muscle Shoals","Orange","73.1","136","","","6850","4 3 4 5 4 3 4 4 5 3 5 5 4 4 4 3 4 4","13 17 7 3 9 15 11 5 1 16 4 2 6 12 8 18 10 14"
"The Shoals Golf Club Schoolmaster Course","AL","Muscle Shoals","White","70.4","129","77","137","6332","4 3 4 5 4 3 4 4 5 3 5 5 4 4 4 3 4 4","13 17 7 3 9 15 11 5 1 16 4 2 6 12 8 18 10 14"
"The Shoals Golf Club Schoolmaster Course","AL","Muscle Shoals","Gold","68.1","126","74.3","132","5848","4 3 4 5 4 3 4 4 5 3 5 5 4 4 4 3 4 4","13 17 7 3 9 15 11 5 1 16 4 2 6 12 8 18 10 14"
"The Shoals Golf Club Schoolmaster Course","AL","Muscle Shoals","Teal","65.1","121","70.8","125","5224","4 3 4 5 4 3 4 4 5 3 5 5 4 4 4 3 4 4","13 17 7 3 9 15 11 5 1 16 4 2 6 12 8 18 10 14"
"Magnolia Grove Golf Club Crossings Course","AL","Mobile","Purple","74.8","135","","","7212","4 3 4 5 4 5 4 3 4 4 4 4 5 3 4 5 3 4","14 18 10 6 2 12 16 8 4 7 11 17 5 15 3 9 13 1"
"Magnolia Grove Golf Club Crossings Course","AL","Mobile","Orange","72.2","130","","","6652","4 3 4 5 4 5 4 3 4 4 4 4 5 3 4 5 3 4","14 18 10 6 2 12 16 8 4 7 11 17 5 15 3 9 13 1"
"Magnolia Grove Golf Club Crossings Course","AL","Mobile","White","69.7","126","75.2","134","6157","4 3 4 5 4 5 4 3 4 4 4 4 5 3 4 5 3 4","14 18 10 6 2 12 16 8 4 7 11 17 5 15 3 9 13 1"
"Magnolia Grove Golf Club Crossings Course","AL","Mobile","Gold","67.2","124","72.5","127","5660","4 3 4 5 4 5 4 3 4 4 4 4 5 3 4 5 3 4","14 18 10 6 2 12 16 8 4 7 11 17 5 15 3 9 13 1"
"Magnolia Grove Golf Club Crossings Course","AL","Mobile","Teal","65.5","119","70.3","123","5261","4 3 4 5 4 5 4 3 4 4 4 4 5 3 4 5 3 4","14 18 10 6 2 12 16 8 4 7 11 17 5 15 3 9 13 1"
"Magnolia Grove Golf Club Falls Course","AL","Mobile","Purple","74.5","137","","","7158","4 3 4 4 5 3 4 4 4 5 3 4 3 4 4 4 4 5","6 16 4 14 10 18 12 2 8 3 15 11 17 7 1 9 13 5"
"Magnolia Grove Golf Club Falls Course","AL","Mobile","Orange","72.3","133","","","6674","4 3 4 4 5 3 4 4 4 5 3 4 3 4 4 4 4 5","6 16 4 14 10 18 12 2 8 3 15 11 17 7 1 9 13 5"
"Magnolia Grove Golf Club Falls Course","AL","Mobile","White","69.4","129","74.8","129","6119","4 3 4 4 5 3 4 4 4 5 3 4 3 4 4 4 4 5","6 16 4 14 10 18 12 2 8 3 15 11 17 7 1 9 13 5"
"Magnolia Grove Golf Club Falls Course","AL","Mobile","Gold","66.1","123","71.6","123","5478","4 3 4 4 5 3 4 4 4 5 3 4 3 4 4 4 4 5","6 16 4 14 10 18 12 2 8 3 15 11 17 7 1 9 13 5"
"Magnolia Grove Golf Club Falls Course","AL","Mobile","Teal","64.1","119","69.3","116","5049","4 3 4 4 5 3 4 4 4 5 3 4 3 4 4 4 4 5","6 16 4 14 10 18 12 2 8 3 15 11 17 7 1 9 13 5"
"Lagoon Park Golf Course","AL","Montgomery","I","72.3","127","","","6773","4 5 4 4 3 5 4 3 4 4 4 5 4 3 5 3 4 4","7 13 3 1 17 9 15 11 5 16 6 8 12 18 2 10 4 14"
"Lagoon Park Golf Course","AL","Montgomery","II","70.6","124","","","6413","4 5 4 4 3 5 4 3 4 4 4 5 4 3 5 3 4 4","7 13 3 1 17 9 15 11 5 16 6 8 12 18 2 10 4 14"
"Lagoon Park Golf Course","AL","Montgomery","III","68.1","117","","","5785","4 5 4 4 3 5 4 3 4 4 4 5 4 3 5 3 4 4","7 13 3 1 17 9 15 11 5 16 6 8 12 18 2 10 4 14"
"Lagoon Park Golf Course","AL","Montgomery","IV","","","71.4","117","5331","4 5 4 4 3 5 4 3 4 4 4 5 4 3 5 3 4 4","7 13 3 1 17 9 15 11 5 16 6 8 12 18 2 10 4 14"
"Auburn University Golf Club","AL","Auburn","Blue","75.2","140","","","7254","4 3 4 5 4 4 5 3 4 4 4 5 4 3 4 5 3 4","7 17 5 11 1 15 9 13 3 10 8 6 18 14 2 4 16 12"
"Auburn University Golf Club","AL","Auburn","Orange","72.7","133","","","6597","4 3 4 5 4 4 5 3 4 4 4 5 4 3 4 5 3 4","7 17 5 11 1 15 9 13 3 10 8 6 18 14 2 4 16 12"
"Auburn University Golf Club","AL","Auburn","White","69.8","131","","","5948","4 3 4 5 4 4 5 3 4 4 4 5 4 3 4 5 3 4","7 17 5 11 1 15 9 13 3 10 8 6 18 14 2 4 16 12"
"Auburn University Golf Club","AL","Auburn","Gold","67.5","126","72.4","130","5509","4 3 4 5 4 4 5 3 4 4 4 5 4 3 4 5 3 4","7 17 5 11 1 15 9 13 3 10 8 6 18 14 2 4 16 12"
"Auburn University Golf Club","AL","Auburn","Green","66","122","70.5","126","5215","4 3 4 5 4 4 5 3 4 4 4 5 4 3 4 5 3 4","7 17 5 11 1 15 9 13 3 10 8 6 18 14 2 4 16 12"
"Goose Pond Colony Resort Lake Course","AL","Scottsboro","Black","73.1","129","","","7101","4 5 3 4 4 4 5 3 4 5 4 4 3 4 5 3 4 4","16 8 18 2 4 14 10 12 6 9 1 13 11 17 15 3 7 5"
"Goose Pond Colony Resort Lake Course","AL","Scottsboro","Blue","71.6","125","","","6756","4 5 3 4 4 4 5 3 4 5 4 4 3 4 5 3 4 4","16 8 18 2 4 14 10 12 6 9 1 13 11 17 15 3 7 5"
"Goose Pond Colony Resort Lake Course","AL","Scottsboro","White","69.6","122","","","6326","4 5 3 4 4 4 5 3 4 5 4 4 3 4 5 3 4 4","16 8 18 2 4 14 10 12 6 9 1 13 11 17 15 3 7 5"
"Goose Pond Colony Resort Lake Course","AL","Scottsboro","Gold","66.1","113","","","5411","4 5 3 4 4 4 5 3 4 5 4 4 3 4 5 3 4 4","16 8 18 2 4 14 10 12 6 9 1 13 11 17 15 3 7 5"
"Goose Pond Colony Resort Lake Course","AL","Scottsboro","Red","","","70.2","117","5342","4 5 3 4 4 4 5 3 4 5 4 4 3 4 5 3 4 4","16 8 18 2 4 14 10 12 6 9 1 13 11 17 15 3 7 5"
"Horse Creek Golf Course","AL","Dora","Gold","72.7","129","","","6893","4 5 3 4 3 4 5 4 4 4 4 3 5 3 4 4 4 5","15 13 17 11 3 7 9 5 1 4 6 8 16 18 14 2 10 12"
"Horse Creek Golf Course","AL","Dora","Blue","71.1","127","","","6552","4 5 3 4 3 4 5 4 4 4 4 3 5 3 4 4 4 5","15 13 17 11 3 7 9 5 1 4 6 8 16 18 14 2 10 12"
"Horse Creek Golf Course","AL","Dora","White","69.3","121","","","6141","4 5 3 4 3 4 5 4 4 4 4 3 5 3 4 4 4 5","15 13 17 11 3 7 9 5 1 4 6 8 16 18 14 2 10 12"
"Horse Creek Golf Course","AL","Dora","Yellow","65.9","104","","","5265","4 5 3 4 3 4 5 4 4 4 4 3 5 3 4 4 4 5","15 13 17 11 3 7 9 5 1 4 6 8 16 18 14 2 10 12"
"Horse Creek Golf Course","AL","Dora","Red","","","68.2","113","4828","4 5 3 4 3 4 5 4 4 4 4 3 5 3 4 4 4 5","15 13 17 11 3 7 9 5 1 4 6 8 16 18 14 2 10 12"
"The Robert Trent Jones Golf Trail at Ross Bridge","AL","Birmingham","Black","78.4","147","","","8168","5 4 4 3 4 3 5 4 4 4 3 4 5 3 4 5 4 4","3 13 1 15 7 11 5 17 9 2 16 18 6 14 12 8 10 4"
"The Robert Trent Jones Golf Trail at Ross Bridge","AL","Birmingham","Purple","75","140","","","7407","5 4 4 3 4 3 5 4 4 4 3 4 5 3 4 5 4 4","3 13 1 15 7 11 5 17 9 2 16 18 6 14 12 8 10 4"
"The Robert Trent Jones Golf Trail at Ross Bridge","AL","Birmingham","Orange","72.2","134","","","6846","5 4 4 3 4 3 5 4 4 4 3 4 5 3 4 5 4 4","3 13 1 15 7 11 5 17 9 2 16 18 6 14 12 8 10 4"
"The Robert Trent Jones Golf Trail at Ross Bridge","AL","Birmingham","White +","70.7","130","","","6546","5 4 4 3 4 3 5 4 4 4 3 4 5 3 4 5 4 4","3 13 1 15 7 11 5 17 9 2 16 18 6 14 12 8 10 4"
"The Robert Trent Jones Golf Trail at Ross Bridge","AL","Birmingham","White","69.6","129","75.8","136","6227","5 4 4 3 4 3 5 4 4 4 3 4 5 3 4 5 4 4","3 13 1 15 7 11 5 17 9 2 16 18 6 14 12 8 10 4"
"The Robert Trent Jones Golf Trail at Ross Bridge","AL","Birmingham","Gold","67.1","124","72.8","130","5460","5 4 4 3 4 3 5 4 4 4 3 4 5 3 4 5 4 4","3 13 1 15 7 11 5 17 9 2 16 18 6 14 12 8 10 4"
"The Robert Trent Jones Golf Trail at Ross Bridge","AL","Birmingham","Teal","63.4","118","68.2","120","4817","5 4 4 3 4 3 5 4 4 4 3 4 5 3 4 5 4 4","3 13 1 15 7 11 5 17 9 2 16 18 6 14 12 8 10 4"
"Soldiers Creek Golf Club","AL","Elberta","Black","72.8","119","","","7001","4 4 3 5 4 4 4 3 5 4 4 4 4 3 5 4 3 5","3 16 18 4 15 8 12 9 6 10 1 11 7 5 2 17 13 14"
"Soldiers Creek Golf Club","AL","Elberta","Blue","69.8","117","","","6372","4 4 3 5 4 4 4 3 5 4 4 4 4 3 5 4 3 5","3 16 18 4 15 8 12 9 6 10 1 11 7 5 2 17 13 14"
"Soldiers Creek Golf Club","AL","Elberta","White","67.5","110","","","5855","4 4 3 5 4 4 4 3 5 4 4 4 4 3 5 4 3 5","3 16 18 4 15 8 12 9 6 10 1 11 7 5 2 17 13 14"
"Soldiers Creek Golf Club","AL","Elberta","Red","","","68.3","112","5130","4 4 3 5 4 4 4 3 5 4 4 4 4 3 5 4 3 5","3 16 18 4 15 8 12 9 6 10 1 11 7 5 2 17 13 14"
"Moores Mill Golf Club","AL","Auburn","I","73.4","139","","","6858","5 4 4 4 3 4 3 5 4 5 3 4 5 4 4 3 4 4","11 3 1 17 13 5 15 7 9 14 12 16 2 18 8 10 6 4"
"Moores Mill Golf Club","AL","Auburn","II","70.3","136","76.4","140","6218","5 4 4 4 3 4 3 5 4 5 3 4 5 4 4 3 4 4","11 3 1 17 13 5 15 7 9 14 12 16 2 18 8 10 6 4"
"Moores Mill Golf Club","AL","Auburn","II/III","67.9","125","73.1","134","5912","5 4 4 4 3 4 3 5 4 5 3 4 5 4 4 3 4 4","11 3 1 17 13 5 15 7 9 14 12 16 2 18 8 10 6 4"
"Moores Mill Golf Club","AL","Auburn","III","67.9","125","73.1","134","5643","5 4 4 4 3 4 3 5 4 5 3 4 5 4 4 3 4 4","11 3 1 17 13 5 15 7 9 14 12 16 2 18 8 10 6 4"
"Moores Mill Golf Club","AL","Auburn","III/IV","64.7","116","70","126","5067","5 4 4 4 3 4 3 5 4 5 3 4 5 4 4 3 4 4","11 3 1 17 13 5 15 7 9 14 12 16 2 18 8 10 6 4"
"Moores Mill Golf Club","AL","Auburn","IV","63.5","113","68.7","124","4836","5 4 4 4 3 4 3 5 4 5 3 4 5 4 4 3 4 4","11 3 1 17 13 5 15 7 9 14 12 16 2 18 8 10 6 4"
"Moores Mill Golf Club","AL","Auburn","IV/V","61.4","107","65.8","118","4325","5 4 4 4 3 4 3 5 4 5 3 4 5 4 4 3 4 4","11 3 1 17 13 5 15 7 9 14 12 16 2 18 8 10 6 4"
"Moores Mill Golf Club","AL","Auburn","V","60","102","62.7","111","3782","5 4 4 4 3 4 3 5 4 5 3 4 5 4 4 3 4 4","11 3 1 17 13 5 15 7 9 14 12 16 2 18 8 10 6 4"
"Timberline Golf Club","AL","Calera","Blue","73.3","137","","","6745","4 3 5 4 4 4 3 5 4 3 5 4 3 4 5 3 4 4","3 15 7 1 17 9 5 11 13 16 4 14 2 12 18 10 8 6"
"Timberline Golf Club","AL","Calera","Black","71.5","133","","","6444","4 3 5 4 4 4 3 5 4 3 5 4 3 4 5 3 4 4","3 15 7 1 17 9 5 11 13 16 4 14 2 12 18 10 8 6"
"Timberline Golf Club","AL","Calera","White","70.2","132","75.5","133","6192","4 3 5 4 4 4 3 5 4 3 5 4 3 4 5 3 4 4","3 15 7 1 17 9 5 11 13 16 4 14 2 12 18 10 8 6"
"Timberline Golf Club","AL","Calera","Gold","67.4","126","72.2","126","5587","4 3 5 4 4 4 3 5 4 3 5 4 3 4 5 3 4 4","3 15 7 1 17 9 5 11 13 16 4 14 2 12 18 10 8 6"
"Timberline Golf Club","AL","Calera","Red","63.5","114","67.9","121","4808","4 3 5 4 4 4 3 5 4 3 5 4 3 4 5 3 4 4","3 15 7 1 17 9 5 11 13 16 4 14 2 12 18 10 8 6"
"Twin Bridges Golf Club","AL","Gadsden","Gold","72.8","133","","","6734","4 4 3 4 5 5 4 3 4 4 5 3 4 4 5 3 4 4","17 9 15 11 1 5 7 13 3 2 8 18 16 12 10 14 4 6"
"Twin Bridges Golf Club","AL","Gadsden","Blue","70.6","130","","","6314","4 4 3 4 5 5 4 3 4 4 5 3 4 4 5 3 4 4","17 9 15 11 1 5 7 13 3 2 8 18 16 12 10 14 4 6"
"Twin Bridges Golf Club","AL","Gadsden","White","67","121","","","5710","4 4 3 4 5 5 4 3 4 4 5 3 4 4 5 3 4 4","17 9 15 11 1 5 7 13 3 2 8 18 16 12 10 14 4 6"
"Twin Bridges Golf Club","AL","Gadsden","Grey","65.1","118","","","5126","4 4 3 4 5 5 4 3 4 4 5 3 4 4 5 3 4 4","17 9 15 11 1 5 7 13 3 2 8 18 16 12 10 14 4 6"
"Twin Bridges Golf Club","AL","Gadsden","Red","63.5","112","67.5","118","4535","4 4 3 4 5 5 4 3 4 4 5 3 4 4 5 3 4 4","17 9 15 11 1 5 7 13 3 2 8 18 16 12 10 14 4 6"
"Twin Bridges Golf Club","AL","Gadsden","Purple","57.6","105","65.6","115","3767","4 4 3 4 5 5 4 3 4 4 5 3 4 4 5 3 4 4","17 9 15 11 1 5 7 13 3 2 8 18 16 12 10 14 4 6"
"Twin Bridges Golf Club","AL","Gadsden","Orange","55.3","103","62.9","109","3155","4 4 3 4 5 5 4 3 4 4 5 3 4 4 5 3 4 4","17 9 15 11 1 5 7 13 3 2 8 18 16 12 10 14 4 6"
"Kilgores Roundabout Plantation Golf Course","AL","Cowarts","Blue","72.6","128","","","6590","4 4 4 5 3 4 3 5 4 4 3 4 5 4 5 3 4 4","15 9 3 17 11 7 5 13 1 18 8 16 10 14 2 6 12 4"
"Kilgores Roundabout Plantation Golf Course","AL","Cowarts","White","69.5","121","","","6111","4 4 4 5 3 4 3 5 4 4 3 4 5 4 5 3 4 4","15 9 3 17 11 7 5 13 1 18 8 16 10 14 2 6 12 4"
"Kilgores Roundabout Plantation Golf Course","AL","Cowarts","Gold","67.1","113","","","5420","4 4 4 5 3 4 3 5 4 4 3 4 5 4 5 3 4 4","15 9 3 17 11 7 5 13 1 18 8 16 10 14 2 6 12 4"
"Kilgores Roundabout Plantation Golf Course","AL","Cowarts","Red","","","64.6","105","4646","4 4 4 5 3 4 3 5 4 4 3 4 5 4 5 3 4 4","15 9 3 17 11 7 5 13 1 18 8 16 10 14 2 6 12 4"
"The Ledges Golf Course","AL","Huntsville","I","74.6","136","","","7118","4 4 3 5 3 4 4 5 3 5 3 4 3 4 5 4 4 4","9 1 13 5 15 11 3 7 17 12 18 16 10 4 14 6 8 2"
"The Ledges Golf Course","AL","Huntsville","I I","72.7","131","","","6686","4 4 3 5 3 4 4 5 3 5 3 4 3 4 5 4 4 4","9 1 13 5 15 11 3 7 17 12 18 16 10 4 14 6 8 2"
"The Ledges Golf Course","AL","Huntsville","Chairman","71.8","130","","","6503","4 4 3 5 3 4 4 5 3 5 3 4 3 4 5 4 4 4","9 1 13 5 15 11 3 7 17 12 18 16 10 4 14 6 8 2"
"The Ledges Golf Course","AL","Huntsville","I I I","70.3","129","","","6212","4 4 3 5 3 4 4 5 3 5 3 4 3 4 5 4 4 4","9 1 13 5 15 11 3 7 17 12 18 16 10 4 14 6 8 2"
"The Ledges Golf Course","AL","Huntsville","President","69.2","128","","","5974","4 4 3 5 3 4 4 5 3 5 3 4 3 4 5 4 4 4","9 1 13 5 15 11 3 7 17 12 18 16 10 4 14 6 8 2"
"The Ledges Golf Course","AL","Huntsville","I V","67.6","123","73","129","5642","4 4 3 5 3 4 4 5 3 5 3 4 3 4 5 4 4 4","9 1 13 5 15 11 3 7 17 12 18 16 10 4 14 6 8 2"
"The Ledges Golf Course","AL","Huntsville","I V / V","66.7","121","71.9","127","5443","4 4 3 5 3 4 4 5 3 5 3 4 3 4 5 4 4 4","9 1 13 5 15 11 3 7 17 12 18 16 10 4 14 6 8 2"
"The Ledges Golf Course","AL","Huntsville","V","65.2","119","70.2","123","5121","4 4 3 5 3 4 4 5 3 5 3 4 3 4 5 4 4 4","9 1 13 5 15 11 3 7 17 12 18 16 10 4 14 6 8 2"
"The Ledges Golf Course","AL","Huntsville","V I","61.4","109","64.9","110","4187","4 4 3 5 3 4 4 5 3 5 3 4 3 4 5 4 4 4","9 1 13 5 15 11 3 7 17 12 18 16 10 4 14 6 8 2"
"Farmlinks at Pursell Farms","AL","Sylacauga","Longhorn","75.9","142","","","7444","5 4 4 4 3 5 4 3 4 5 4 4 4 4 3 4 3 5","15 9 13 1 7 17 11 5 3 14 6 2 18 4 10 12 16 8"
"Farmlinks at Pursell Farms","AL","Sylacauga","Copperhead","73.1","136","","","6970","5 4 4 4 3 5 4 3 4 5 4 4 4 4 3 4 3 5","15 9 13 1 7 17 11 5 3 14 6 2 18 4 10 12 16 8"
"Farmlinks at Pursell Farms","AL","Sylacauga","Whitetail","70.3","131","","","6457","5 4 4 4 3 5 4 3 4 5 4 4 4 4 3 4 3 5","15 9 13 1 7 17 11 5 3 14 6 2 18 4 10 12 16 8"
"Farmlinks at Pursell Farms","AL","Sylacauga","Bobcat","67.4","123","72.7","130","5919","5 4 4 4 3 5 4 3 4 5 4 4 4 4 3 4 3 5","15 9 13 1 7 17 11 5 3 14 6 2 18 4 10 12 16 8"
"Farmlinks at Pursell Farms","AL","Sylacauga","Quail","64.3","116","68.9","122","5250","5 4 4 4 3 5 4 3 4 5 4 4 4 4 3 4 3 5","15 9 13 1 7 17 11 5 3 14 6 2 18 4 10 12 16 8"
"Ballantrae Golf Club","AL","Pelham","I","74.2","127","","","7273","4 5 3 5 3 4 5 3 4 4 4 4 5 3 4 4 3 5","13 1 15 5 17 3 9 11 7 14 6 12 10 2 4 8 16 18"
"Ballantrae Golf Club","AL","Pelham","II","71.9","124","","","6773","4 5 3 5 3 4 5 3 4 4 4 4 5 3 4 4 3 5","13 1 15 5 17 3 9 11 7 14 6 12 10 2 4 8 16 18"
"Ballantrae Golf Club","AL","Pelham","III","69.7","119","75.2","128","6243","4 5 3 5 3 4 5 3 4 4 4 4 5 3 4 4 3 5","13 1 15 5 17 3 9 11 7 14 6 12 10 2 4 8 16 18"
"Ballantrae Golf Club","AL","Pelham","IV","67.1","114","72.3","122","5731","4 5 3 5 3 4 5 3 4 4 4 4 5 3 4 4 3 5","13 1 15 5 17 3 9 11 7 14 6 12 10 2 4 8 16 18"
"Ballantrae Golf Club","AL","Pelham","V","63.7","106","68.1","113","4975","4 5 3 5 3 4 5 3 4 4 4 4 5 3 4 4 3 5","13 1 15 5 17 3 9 11 7 14 6 12 10 2 4 8 16 18"
"Willow Brook Golf Course","AL","Albertville","Blue","69.2","117","","","5646","4 3 4 4 5 4 4 3 5 4 4 3 5 3 4 5 4 4","9 17 13 5 1 11 3 15 7 2 12 16 6 18 10 8 14 4"
"Willow Brook Golf Course","AL","Albertville","White","66.1","111","","","5375","4 3 4 4 5 4 4 3 5 4 4 3 5 3 4 5 4 4","9 17 13 5 1 11 3 15 7 2 12 16 6 18 10 8 14 4"
"Willow Brook Golf Course","AL","Albertville","Red","","","66.9","109","4943","4 3 4 4 5 4 4 3 5 4 4 3 5 3 4 5 4 4","9 17 13 5 1 11 3 15 7 2 12 16 6 18 10 8 14 4"
"Emerald Mountain Golf Club","AL","Wetumpka","Black","71.9","124","","","7023","5 3 4 4 4 3 4 4 5 5 4 4 5 4 3 4 3 4","5 9 1 3 17 11 13 15 7 8 4 10 6 14 12 16 18 2"
"Emerald Mountain Golf Club","AL","Wetumpka","Blue","70.6","122","","","6516","5 3 4 4 4 3 4 4 5 5 4 4 5 4 3 4 3 4","5 9 1 3 17 11 13 15 7 8 4 10 6 14 12 16 18 2"
"Emerald Mountain Golf Club","AL","Wetumpka","White","68.6","118","","","6078","5 3 4 4 4 3 4 4 5 5 4 4 5 4 3 4 3 4","5 9 1 3 17 11 13 15 7 8 4 10 6 14 12 16 18 2"
"Emerald Mountain Golf Club","AL","Wetumpka","Gold","66.7","108","72.1","119","5396","5 3 4 4 4 3 4 4 5 5 4 4 5 4 3 4 3 4","5 9 1 3 17 11 13 15 7 8 4 10 6 14 12 16 18 2"
"Emerald Mountain Golf Club","AL","Wetumpka","Red","","","68.6","111","4838","5 3 4 4 4 3 4 4 5 5 4 4 5 4 3 4 3 4","5 9 1 3 17 11 13 15 7 8 4 10 6 14 12 16 18 2"
"The Whip Golf Club","AL","Altoona","Mens","64.9","105","","","4525","5 4 5 4 3 4 3 4 5 5 3 4 4 4 4 3 3 4","1 5 13 11 3 9 7 15 17 6 4 14 18 12 8 10 2 16"
"The Whip Golf Club","AL","Altoona","Ladies","","","65.9","107","4525","5 4 5 4 3 4 3 4 5 5 3 4 4 4 4 3 3 4","1 5 13 11 3 9 7 15 17 6 4 14 18 12 8 10 2 16"
"Legacy at Greystone Golf Country Club","AL","Birmingham","Black","75.6","145","","","7151","4 3 5 4 4 5 4 3 4 4 5 4 3 4 4 4 3 5","5 17 11 9 3 7 13 15 1 12 10 2 18 6 4 14 16 8"
"Legacy at Greystone Golf Country Club","AL","Birmingham","Black/Blue","74.8","144","","","6979","4 3 5 4 4 5 4 3 4 4 5 4 3 4 4 4 3 5","5 17 11 9 3 7 13 15 1 12 10 2 18 6 4 14 16 8"
"Legacy at Greystone Golf Country Club","AL","Birmingham","Blue","74","142","","","6808","4 3 5 4 4 5 4 3 4 4 5 4 3 4 4 4 3 5","5 17 11 9 3 7 13 15 1 12 10 2 18 6 4 14 16 8"
"Legacy at Greystone Golf Country Club","AL","Birmingham","Blue/White","73.2","141","","","6629","4 3 5 4 4 5 4 3 4 4 5 4 3 4 4 4 3 5","5 17 11 9 3 7 13 15 1 12 10 2 18 6 4 14 16 8"
"Legacy at Greystone Golf Country Club","AL","Birmingham","White","72.5","139","78.7","144","6466","4 3 5 4 4 5 4 3 4 4 5 4 3 4 4 4 3 5","5 17 11 9 3 7 13 15 1 12 10 2 18 6 4 14 16 8"
"Legacy at Greystone Golf Country Club","AL","Birmingham","White/Gold","71.1","139","","","6258","4 3 5 4 4 5 4 3 4 4 5 4 3 4 4 4 3 5","5 17 11 9 3 7 13 15 1 12 10 2 18 6 4 14 16 8"
"Legacy at Greystone Golf Country Club","AL","Birmingham","Gold","69.7","132","75.6","136","6056","4 3 5 4 4 5 4 3 4 4 5 4 3 4 4 4 3 5","5 17 11 9 3 7 13 15 1 12 10 2 18 6 4 14 16 8"
"Legacy at Greystone Golf Country Club","AL","Birmingham","Gold/Red","68.3","131","73.9","134","5602","4 3 5 4 4 5 4 3 4 4 5 4 3 4 4 4 3 5","5 17 11 9 3 7 13 15 1 12 10 2 18 6 4 14 16 8"
"Legacy at Greystone Golf Country Club","AL","Birmingham","Red","67","126","72.2","130","5286","4 3 5 4 4 5 4 3 4 4 5 4 3 4 4 4 3 5","5 17 11 9 3 7 13 15 1 12 10 2 18 6 4 14 16 8"
"Whispering Pines Golf Course","AL","Oneonta","Mens","63.9","103","","","4830","4 3 4 4 4 3 4 4 4 5 4 3 3 4 5 5 4 3","12 16 8 6 14 10 2 4 18 5 13 15 9 11 3 1 17 7"
"Whispering Pines Golf Course","AL","Oneonta","Ladies","","","64.9","105","4830","4 3 4 4 4 3 4 4 4 5 4 3 3 4 5 5 4 3","12 16 8 6 14 10 2 4 18 5 13 15 9 11 3 1 17 7"
"Pines Golf Course","AL","Millbrook","Blue","69.7","121","","","6414","4 3 4 4 4 3 4 5 5 4 4 3 5 3 4 4 4 5","8 18 12 14 16 6 10 2 4 3 15 11 7 9 13 17 5 1"
"Pines Golf Course","AL","Millbrook","White","68","114","","","5975","4 3 4 4 4 3 4 5 5 4 4 3 5 3 4 4 4 5","8 18 12 14 16 6 10 2 4 3 15 11 7 9 13 17 5 1"
"Pines Golf Course","AL","Millbrook","Gold","65.6","109","","","5435","4 3 4 4 4 3 4 5 5 4 4 3 5 3 4 4 4 5","8 18 12 14 16 6 10 2 4 3 15 11 7 9 13 17 5 1"
"Pines Golf Course","AL","Millbrook","Red","63.7","99","68.5","109","4982","4 3 4 4 4 3 4 5 5 4 4 3 5 3 4 4 4 5","8 18 12 14 16 6 10 2 4 3 15 11 7 9 13 17 5 1"
"Blackberry Trail Golf Course","AL","Florence","Black","72.7","132","","","6851","4 4 5 3 4 3 4 5 4 4 3 4 5 4 4 3 5 4","14 2 6 12 8 18 10 4 16 17 15 9 7 1 3 11 5 13"
"Blackberry Trail Golf Course","AL","Florence","Blue","70.8","126","","","6440","4 4 5 3 4 3 4 5 4 4 3 4 5 4 4 3 5 4","14 2 6 12 8 18 10 4 16 17 15 9 7 1 3 11 5 13"
"Blackberry Trail Golf Course","AL","Florence","White","68.2","114","","","5925","4 4 5 3 4 3 4 5 4 4 3 4 5 4 4 3 5 4","14 2 6 12 8 18 10 4 16 17 15 9 7 1 3 11 5 13"
"Blackberry Trail Golf Course","AL","Florence","Yellow","65.4","107","70.6","124","5330","4 4 5 3 4 3 4 5 4 4 3 4 5 4 4 3 5 4","14 2 6 12 8 18 10 4 16 17 15 9 7 1 3 11 5 13"
"Blackberry Trail Golf Course","AL","Florence","Red","62","101","67.2","110","4664","4 4 5 3 4 3 4 5 4 4 3 4 5 4 4 3 5 4","14 2 6 12 8 18 10 4 16 17 15 9 7 1 3 11 5 13"
"Blackberry Trail Golf Course","AL","Florence","Green","","","64.4","104","4160","4 4 5 3 4 3 4 5 4 4 3 4 5 4 4 3 5 4","14 2 6 12 8 18 10 4 16 17 15 9 7 1 3 11 5 13"
"Broken Arrow Golf Course","AL","Scottsboro","Black","68.1","119","","","5702","4 4 3 4 4 5 3 4 5 4 5 4 4 3 5 3 4 4","14 6 16 2 18 12 8 4 10 15 7 17 3 1 13 9 5 11"
"Broken Arrow Golf Course","AL","Scottsboro","Blue","65.8","115","","","5438","4 4 3 4 4 5 3 4 5 4 5 4 4 3 5 3 4 4","14 6 16 2 18 12 8 4 10 15 7 17 3 1 13 9 5 11"
"Broken Arrow Golf Course","AL","Scottsboro","White","62.6","109","67.1","113","5051","4 4 3 4 4 5 3 4 5 4 5 4 4 3 5 3 4 4","14 6 16 2 18 12 8 4 10 15 7 17 3 1 13 9 5 11"
"Broken Arrow Golf Course","AL","Scottsboro","Red","61.2","105","66.1","105","4437","4 4 3 4 4 5 3 4 5 4 5 4 4 3 5 3 4 4","14 6 16 2 18 12 8 4 10 15 7 17 3 1 13 9 5 11"
"Aroostook Golf Course","AL","Montgomery","Blue","71","125","","","6490","5 4 3 4 3 5 4 4 4 4 3 4 4 4 4 5 3 5","1 7 15 13 17 10 11 5 9 8 18 6 3 12 14 4 16 2"
"Aroostook Golf Course","AL","Montgomery","White","69.9","123","","","6239","5 4 3 4 3 5 4 4 4 4 3 4 4 4 4 5 3 5","1 7 15 13 17 10 11 5 9 8 18 6 3 12 14 4 16 2"
"Aroostook Golf Course","AL","Montgomery","Gold","67.1","120","","","5670","5 4 3 4 3 5 4 4 4 4 3 4 4 4 4 5 3 5","1 7 15 13 17 10 11 5 9 8 18 6 3 12 14 4 16 2"
"Aroostook Golf Course","AL","Montgomery","Red","63.4","112","67.8","116","4863","5 4 3 4 3 5 4 4 4 4 3 4 4 4 4 5 3 5","1 7 15 13 17 10 11 5 9 8 18 6 3 12 14 4 16 2"
"Plantation Golf Club","AL","Hayden","Blue","70","121","","","6083","4 3 5 4 4 4 4 3 5 3 5 4 4 3 5 4 4 4","14 18 6 16 12 8 4 2 10 17 7 13 3 15 5 1 11 9"
"Plantation Golf Club","AL","Hayden","White","69.2","117","","","5988","4 3 5 4 4 4 4 3 5 3 5 4 4 3 5 4 4 4","14 18 6 16 12 8 4 2 10 17 7 13 3 15 5 1 11 9"
"Plantation Golf Club","AL","Hayden","Gold","65.9","107","","","4697","4 3 5 4 4 4 4 3 5 3 5 4 4 3 5 4 4 4","14 18 6 16 12 8 4 2 10 17 7 13 3 15 5 1 11 9"
"Plantation Golf Club","AL","Hayden","Maroon","65.1","103","66.1","105","4477","4 3 5 4 4 4 4 3 5 3 5 4 4 3 5 4 4 4","14 18 6 16 12 8 4 2 10 17 7 13 3 15 5 1 11 9"
"Ol Colony Golf Complex","AL","Tuscaloosa","Crimson","76.2","142","","","7544","4 4 5 3 4 4 5 3 4 5 4 3 4 5 4 4 3 4","11 17 7 13 5 1 9 15 3 6 12 16 10 18 8 2 14 4"
"Ol Colony Golf Complex","AL","Tuscaloosa","Black","74.2","137","","","7097","4 4 5 3 4 4 5 3 4 5 4 3 4 5 4 4 3 4","11 17 7 13 5 1 9 15 3 6 12 16 10 18 8 2 14 4"
"Ol Colony Golf Complex","AL","Tuscaloosa","Blue","71.7","133","","","6562","4 4 5 3 4 4 5 3 4 5 4 3 4 5 4 4 3 4","11 17 7 13 5 1 9 15 3 6 12 16 10 18 8 2 14 4"
"Ol Colony Golf Complex","AL","Tuscaloosa","White","69.4","124","","","5983","4 4 5 3 4 4 5 3 4 5 4 3 4 5 4 4 3 4","11 17 7 13 5 1 9 15 3 6 12 16 10 18 8 2 14 4"
"Ol Colony Golf Complex","AL","Tuscaloosa","Gold","64.9","115","69.6","124","5035","4 4 5 3 4 4 5 3 4 5 4 3 4 5 4 4 3 4","11 17 7 13 5 1 9 15 3 6 12 16 10 18 8 2 14 4"
"Cider Ridge Golf Club","AL","Oxford","I","73.6","137","","","6946","4 4 3 4 5 4 4 3 5 4 4 3 4 4 5 4 3 5","10 8 2 6 14 4 16 12 18 7 17 11 13 3 9 1 15 5"
"Cider Ridge Golf Club","AL","Oxford","II","71.7","130","","","6549","4 4 3 4 5 4 4 3 5 4 4 3 4 4 5 4 3 5","10 8 2 6 14 4 16 12 18 7 17 11 13 3 9 1 15 5"
"Cider Ridge Golf Club","AL","Oxford","II/III","70","127","","","6164","4 4 3 4 5 4 4 3 5 4 4 3 4 4 5 4 3 5","10 8 2 6 14 4 16 12 18 7 17 11 13 3 9 1 15 5"
"Cider Ridge Golf Club","AL","Oxford","III","69.2","123","","","5924","4 4 3 4 5 4 4 3 5 4 4 3 4 4 5 4 3 5","10 8 2 6 14 4 16 12 18 7 17 11 13 3 9 1 15 5"
"Cider Ridge Golf Club","AL","Oxford","IV","65.5","111","70.4","118","5186","4 4 3 4 5 4 4 3 5 4 4 3 4 4 5 4 3 5","10 8 2 6 14 4 16 12 18 7 17 11 13 3 9 1 15 5"
"Cider Ridge Golf Club","AL","Oxford","V","","","66.8","108","4507","4 4 3 4 5 4 4 3 5 4 4 3 4 4 5 4 3 5","10 8 2 6 14 4 16 12 18 7 17 11 13 3 9 1 15 5"
"Goose Pond Colony Resort Plantation Course","AL","Scottsboro","Black","72.5","125","","","6855","5 4 3 4 4 5 4 3 4 4 5 4 4 5 3 4 3 4","18 4 6 12 2 16 10 14 8 3 17 11 1 13 5 7 15 9"
"Goose Pond Colony Resort Plantation Course","AL","Scottsboro","Blue","70.3","122","","","6401","5 4 3 4 4 5 4 3 4 4 5 4 4 5 3 4 3 4","18 4 6 12 2 16 10 14 8 3 17 11 1 13 5 7 15 9"
"Goose Pond Colony Resort Plantation Course","AL","Scottsboro","White","68.1","114","","","5781","5 4 3 4 4 5 4 3 4 4 5 4 4 5 3 4 3 4","18 4 6 12 2 16 10 14 8 3 17 11 1 13 5 7 15 9"
"Goose Pond Colony Resort Plantation Course","AL","Scottsboro","Gold","65.8","110","70.2","118","5396","5 4 3 4 4 5 4 3 4 4 5 4 4 5 3 4 3 4","18 4 6 12 2 16 10 14 8 3 17 11 1 13 5 7 15 9"
"Goose Pond Colony Resort Plantation Course","AL","Scottsboro","Red","63.2","103","66.6","110","4520","5 4 3 4 4 5 4 3 4 4 5 4 4 5 3 4 3 4","18 4 6 12 2 16 10 14 8 3 17 11 1 13 5 7 15 9"
"Lilmole Run Golf Course","AL","Mentone","Blue","63.1","105","64.1","107","5085","4 3 4 4 4 3 4 5 4 4 4 4 4 4 3 4 3 4","14 18 8 12 6 16 10 2 4 1 5 15 7 9 17 11 13 3"
"Lilmole Run Golf Course","AL","Mentone","White","62.9","103","63.9","105","5014","4 3 4 4 4 3 4 5 4 4 4 4 4 4 3 4 3 4","14 18 8 12 6 16 10 2 4 1 5 15 7 9 17 11 13 3"
"Wicker Point Golf Club","AL","Alexander City","IV","73.7","138","","","6967","5 4 4 4 3 4 4 3 4 5 4 3 4 4 5 4 3 4","11 1 9 3 15 13 5 17 7 14 6 18 12 2 10 4 16 8"
"Wicker Point Golf Club","AL","Alexander City","III","71","132","","","6372","5 4 4 4 3 4 4 3 4 5 4 3 4 4 5 4 3 4","11 1 9 3 15 13 5 17 7 14 6 18 12 2 10 4 16 8"
"Wicker Point Golf Club","AL","Alexander City","II","67.7","124","71.9","128","5628","5 4 4 4 3 4 4 3 4 5 4 3 4 4 5 4 3 4","11 1 9 3 15 13 5 17 7 14 6 18 12 2 10 4 16 8"
"Wicker Point Golf Club","AL","Alexander City","I","62.5","115","64.9","114","4378","5 4 4 4 3 4 4 3 4 5 4 3 4 4 5 4 3 4","11 1 9 3 15 13 5 17 7 14 6 18 12 2 10 4 16 8"
"Valley Hill Country Club","AL","Huntsville","I","73.7","132","80.7","144","6923","4 3 4 3 4 5 4 5 4 5 3 4 4 5 3 4 4 4","9 17 11 3 1 7 5 13 15 2 14 18 8 6 10 4 16 12"
"Valley Hill Country Club","AL","Huntsville","II","71.7","128","78.2","138","6481","4 3 4 3 4 5 4 5 4 5 3 4 4 5 3 4 4 4","9 17 11 3 1 7 5 13 15 2 14 18 8 6 10 4 16 12"
"Valley Hill Country Club","AL","Huntsville","III","69","122","76","134","6075","4 3 4 3 4 5 4 5 4 5 3 4 4 5 3 4 4 4","9 17 11 3 1 7 5 13 15 2 14 18 8 6 10 4 16 12"
"Valley Hill Country Club","AL","Huntsville","III/IV","67.1","119","73.4","131","5674","4 3 4 3 4 5 4 5 4 5 3 4 4 5 3 4 4 4","9 17 11 3 1 7 5 13 15 2 14 18 8 6 10 4 16 12"
"Valley Hill Country Club","AL","Huntsville","IV","65.6","116","71.2","126","5338","4 3 4 3 4 5 4 5 4 5 3 4 4 5 3 4 4 4","9 17 11 3 1 7 5 13 15 2 14 18 8 6 10 4 16 12"
"Valley Hill Country Club","AL","Huntsville","IV/V","62.6","109","68.5","115","4730","4 3 4 3 4 5 4 5 4 5 3 4 4 5 3 4 4 4","9 17 11 3 1 7 5 13 15 2 14 18 8 6 10 4 16 12"
"Valley Hill Country Club","AL","Huntsville","V","60.7","105","65.7","112","4231","4 3 4 3 4 5 4 5 4 5 3 4 4 5 3 4 4 4","9 17 11 3 1 7 5 13 15 2 14 18 8 6 10 4 16 12"
Evans Barnes Golf Course,AL,Andalusia,Blue/White,34.5,113,,,3283,5 3 4 4 4 3 5 4 4,6 7 2 1 3 8 9 5 4
Evans Barnes Golf Course,AL,Andalusia,Red/Yellow,,,35.5,114,2758,5 3 4 4 4 3 5 4 4,6 7 2 1 3 8 9 5 4
The Hill,AL,Anniston,Mens,33.8,113,,,2875,5 3 5 3 4 4 3 4 4,5 4 7 3 9 2 1 8 6
The Hill,AL,Anniston,Ladies,,,34.3,116,2875,5 3 5 3 4 4 3 4 4,5 4 7 3 9 2 1 8 6
Atmore Country Club,AL,Atmore,Gold,34.4,117,,,3116,4 4 3 4 4 4 5 3 4,7 3 8 2 5 4 1 6 9
Atmore Country Club,AL,Atmore,White,33.6,113,34.1,115,2954,4 4 3 4 4 4 5 3 4,7 3 8 2 5 4 1 6 9
Atmore Country Club,AL,Atmore,Red,,,32.5,105,2467,4 4 3 4 4 4 5 3 4,7 3 8 2 5 4 1 6 9
Holly Hills Municipal Golf Course,AL,Bay Minette,Blue,35.4,121,,,3116,4 3 5 4 4 4 4 3 5,3 9 4 6 1 7 2 8 5
Holly Hills Municipal Golf Course,AL,Bay Minette,White,34.6,117,,,2967,4 3 5 4 4 4 4 3 5,3 9 4 6 1 7 2 8 5
Holly Hills Municipal Golf Course,AL,Bay Minette,Yellow,33.7,114,35.1,119,2747,4 3 5 4 4 4 4 3 5,3 9 4 6 1 7 2 8 5
Holly Hills Municipal Golf Course,AL,Bay Minette,Red,,,33.6,113,2649,4 3 5 4 4 4 4 3 5,3 9 4 6 1 7 2 8 5
Brundidge Country Club,AL,Brundidge,White,35.4,121,,,3008,4 4 3 5 4 4 4 3 5,6 9 2 8 1 5 3 4 7
Brundidge Country Club,AL,Brundidge,Red,,,35,118,2616,4 4 3 5 4 4 4 3 5,6 9 2 8 1 5 3 4 7
Clanton,AL,Clanton,Blue,32.6,110,,,2888,5 3 4 4 3 3 4 4 4,5 6 9 1 2 7 8 3 4
Clanton,AL,Clanton,White,31.6,105,,,2744,5 3 4 4 3 3 4 4 4,5 6 9 1 2 7 8 3 4
Clanton,AL,Clanton,Red,,,33.6,113,2706,5 3 4 4 3 3 4 4 4,5 6 9 1 2 7 8 3 4
Elba Country Club,AL,Elba,Blue,34.9,123,,,3168,4 3 5 4 3 5 4 3 5,5 9 1 8 3 4 7 6 2
Elba Country Club,AL,Elba,White,34.6,117,,,2992,4 3 5 4 3 5 4 3 5,5 9 1 8 3 4 7 6 2
Elba Country Club,AL,Elba,Yellow,32.4,105,,,2491,4 3 5 4 3 5 4 3 5,5 9 1 8 3 4 7 6 2
Elba Country Club,AL,Elba,Red,,,33.3,112,2283,4 3 5 4 3 5 4 3 5,5 9 1 8 3 4 7 6 2
Evergreen Golf Course (AL),AL,Evergreen,Blue,36.6,123,,,3268,4 4 4 3 5 5 4 3 4,5 1 3 6 4 8 2 9 7
Evergreen Golf Course (AL),AL,Evergreen,White,35.4,121,,,3118,4 4 4 3 5 5 4 3 4,5 1 3 6 4 8 2 9 7
Evergreen Golf Course (AL),AL,Evergreen,Red,,,33.6,113,2659,4 4 4 3 5 5 4 3 4,5 1 3 6 4 8 2 9 7
Fayette Country Club,AL,Fayette,White/Red,34.6,117,,,2884,5 4 3 4 4 5 3 4 4,3 7 8 4 1 2 9 6 5
Fayette Country Club,AL,Fayette,Blue,,,33,107,2430,5 4 3 4 4 5 3 4 4,3 7 8 4 1 2 9 6 5
River Oaks Golf Course (AL),AL,Geneva,Black/White,35.4,121,,,3137,4 3 5 4 4 4 4 5 3,2 9 3 4 5 7 6 1 8
River Oaks Golf Course (AL),AL,Geneva,Blue/Red,,,33.1,105,2195,4 3 5 4 4 4 4 5 3,2 9 3 4 5 7 6 1 8
Greensboro,AL,Greensboro,Member,34.7,125,,,3153,4 4 4 5 3 4 3 5 4,2 9 5 7 6 4 8 1 3
Greensboro,AL,Greensboro,Ladies,,,34.9,117,2710,4 4 4 5 3 4 3 5 4,2 9 5 7 6 4 8 1 3
Greensboro,AL,Greensboro,Senior,32.8,108,,,2710,4 4 4 5 3 4 3 5 4,2 9 5 7 6 4 8 1 3
Greenville Country Club (AL),AL,Greenville,Blue/Orange,34.1,119,,,2859,4 5 4 3 4 3 4 3 5,3 8 7 4 9 2 1 6 5
Greenville Country Club (AL),AL,Greenville,White/Blue,33.5,117,,,2694,4 5 4 3 4 3 4 3 5,3 8 7 4 9 2 1 6 5
Greenville Country Club (AL),AL,Greenville,Ladies Red,,,33.6,121,2490,4 5 4 3 4 3 4 3 5,3 8 7 4 9 2 1 6 5
Marion Military Institute Golf Course,AL,Marion,Blue,34.6,117,,,2974,5 4 5 4 3 4 4 3 4,6 4 5 1 8 3 9 2 7
Marion Military Institute Golf Course,AL,Marion,Red,,,33.5,109,2470,5 4 5 4 3 4 4 3 4,6 4 5 1 8 3 9 2 7
Opp Country Club,AL,Opp,White,33.6,113,,,2882,4 3 4 5 4 5 3 4 3,8 9 7 4 3 1 5 2 6
Opp Country Club,AL,Opp,Red,32.1,107,32.6,109,2747,4 3 4 5 4 5 3 4 3,8 9 7 4 3 1 5 2 6
Pell City,AL,Pell City,White,35.4,121,,,3004,4 5 3 4 3 5 4 4 4,5 3 9 7 8 4 1 2 6
Pell City,AL,Pell City,Red,,,35.6,119,2834,4 5 3 4 3 5 4 4 4,5 3 9 7 8 4 1 2 6
The Knolls Country Club,AL,Reform,Mens,34.6,117,,,2961,4 5 4 3 5 4 4 4 3,2 1 5 9 3 4 6 7 8
The Knolls Country Club,AL,Reform,Ladies,,,35.1,119,2961,4 5 4 3 5 4 4 4 3,2 1 5 9 3 4 6 7 8
Roanoke Country Club (AL),AL,Roanoke,White,34.6,117,35.1,119,2824,4 4 3 4 3 4 4 5 5,8 6 7 3 2 1 5 9 4
Roanoke Country Club (AL),AL,Roanoke,Red,33,107,33.5,109,2344,4 4 3 4 3 4 4 5 5,8 6 7 3 2 1 5 9 4
Scottsboro Golf & Country Club,AL,Scottsboro,Blue,35.4,121,,,3015,3 4 5 4 4 3 5 4 4,7 9 5 2 6 8 1 4 3
Scottsboro Golf & Country Club,AL,Scottsboro,White,34.6,117,,,2875,3 4 5 4 4 3 5 4 4,7 9 5 2 6 8 1 4 3
Scottsboro Golf & Country Club,AL,Scottsboro,Red,,,33.6,113,2583,3 4 5 4 4 3 5 4 4,7 9 5 2 6 8 1 4 3
Craig Golf Course,AL,Selma,Blue,35.4,121,,,3187,4 3 4 5 4 4 4 3 5,6 3 2 5 8 4 1 9 7
Craig Golf Course,AL,Selma,Red,,,33.6,113,2596,4 3 4 5 4 4 4 3 5,6 3 2 5 8 4 1 9 7
Spring Creek Golf Course (AL),AL,Tuscumbia,Mens,35.4,121,,,3005,4 3 4 4 5 4 3 4 5,7 9 5 6 2 4 8 3 1
Spring Creek Golf Course (AL),AL,Tuscumbia,Ladies,,,35.9,123,3005,4 3 4 4 5 4 3 4 5,7 9 5 6 2 4 8 3 1
Union Springs,AL,Union Springs,Blue,35.4,121,,,3186,4 3 4 4 4 4 3 5 5,6 1 7 4 2 3 8 9 5
Union Springs,AL,Union Springs,White,35.1,119,,,3034,4 3 4 4 4 4 3 5 5,6 1 7 4 2 3 8 9 5
Union Springs,AL,Union Springs,Gold,32.6,109,,,2584,4 3 4 4 4 4 3 5 5,6 1 7 4 2 3 8 9 5
Union Springs,AL,Union Springs,Red,,,33.5,109,2361,4 3 4 4 4 4 3 5 5,6 1 7 4 2 3 8 9 5
Oak Hill Country Club (AL),AL,Sulligent,Gold,34.6,117,,,2855,4 4 3 5 4 4 4 4 4,6 5 1 9 2 8 3 7 4
Oak Hill Country Club (AL),AL,Sulligent,Red,,,33.5,109,2265,4 4 3 5 4 4 4 4 4,6 5 1 9 2 8 3 7 4
Sumter Country Club,AL,York,Blue,35.4,121,,,3222,4 3 5 4 3 5 4 4 4,8 1 6 3 2 9 4 5 7
Sumter Country Club,AL,York,White,34.6,117,35.1,119,2920,4 3 5 4 3 5 4 4 4,8 1 6 3 2 9 4 5 7
Sumter Country Club,AL,York,Red,,,33.5,109,2303,4 3 5 4 3 5 4 4 4,8 1 6 3 2 9 4 5 7
Headland Country Club,AL,Headland,White,35.4,121,,,3058,3 5 4 5 4 4 4 3 4,8 5 3 4 6 2 9 7 1
Headland Country Club,AL,Headland,Red,,,33.6,113,2560,3 5 4 5 4 4 4 3 4,8 5 3 4 6 2 9 7 1
Dogwood Hills Golf Course (AL),AL,Brewton,Mens,35.4,121,,,3154,4 3 5 4 4 4 3 4 5,9 1 4 5 7 3 6 8 2
Dogwood Hills Golf Course (AL),AL,Brewton,Senior,34.6,117,,,2862,4 3 5 4 4 4 3 4 5,9 1 4 5 7 3 6 8 2
Dogwood Hills Golf Course (AL),AL,Brewton,Ladies,,,33.6,113,2591,4 3 5 4 4 4 3 4 5,9 1 4 5 7 3 6 8 2
The Greens At Auburn Golf Course,AL,Auburn,Blue,36.6,123,,,3412,4 4 3 4 5 4 3 4 5,2 7 8 5 9 1 6 4 3
The Greens At Auburn Golf Course,AL,Auburn,White,35.4,121,,,3079,4 4 3 4 5 4 3 4 5,2 7 8 5 9 1 6 4 3
The Greens At Auburn Golf Course,AL,Auburn,Gold,33.1,111,,,2738,4 4 3 4 5 4 3 4 5,2 7 8 5 9 1 6 4 3
The Greens At Auburn Golf Course,AL,Auburn,Red,,,33.5,109,2382,4 4 3 4 5 4 3 4 5,2 7 8 5 9 1 6 4 3
Livingston Country Club (AL),AL,Livingston,Mens,35.4,121,,,3199,4 5 3 4 5 4 4 3 4,9 3 8 4 2 6 1 7 5
Livingston Country Club (AL),AL,Livingston,Ladies,,,33.5,123,2579,4 5 3 4 5 4 4 3 4,9 3 8 4 2 6 1 7 5
Rainsville Golf & Country Club,AL,Rainsville,Blue,32.9,109,,,2848,4 4 5 4 5 3 4 3 4,8 2 6 1 4 5 9 3 7
Rainsville Golf & Country Club,AL,Rainsville,White,32.7,108,,,2804,4 4 5 4 5 3 4 3 4,8 2 6 1 4 5 9 3 7
Rainsville Golf & Country Club,AL,Rainsville,Red,,,30.4,99,2267,4 4 5 4 5 3 4 3 4,8 2 6 1 4 5 9 3 7
Jackson Links Golf Course,AL,Jackson,Black,35,125,,,3138,4 4 4 4 3 5 3 4 5,2 9 5 6 1 4 7 8 3
Jackson Links Golf Course,AL,Jackson,White,34.8,124,37.6,133,3138,4 4 4 4 3 5 3 4 5,2 9 5 6 1 4 7 8 3
Choctaw Country Club,AL,Butler,Mens,33.5,121,,,3006,4 5 4 3 4 4 3 5 4,3 1 7 5 6 8 9 2 4
Choctaw Country Club,AL,Butler,Ladies,,,35.4,121,2587,4 5 4 3 4 4 3 5 4,3 1 7 5 6 8 9 2 4
