name,state,city,tee,rating,slope,women_rating,women_slope,yardage,pars,sis
Kissena Golf Course,NY,Flushing,Blue,62.0,94,,,4665,4 4 4 3 3 4 3 4 3 3 4 3 4 3 4 3 4 4,15 1 5 17 13 11 7 9 3 16 6 8 14 4 10 18 2 12
Kissena Golf Course,NY,Flushing,White,60.9,93,,,4389,4 4 4 3 3 4 3 4 3 3 4 3 4 3 4 3 4 4,15 1 5 17 13 11 7 9 3 16 6 8 14 4 10 18 2 12
Kissena Golf Course,NY,Flushing,Red (W),60.7,92,60.7,92,,4 4 4 3 3 4 3 4 3 3 4 3 4 3 4 3 4 4,15 1 5 17 13 11 7 9 3 16 6 8 14 4 10 18 2 12
Sebonack Golf Course,NY,Southampton,Black,77.1,151,,,7220,,15 1 5 13 17 7 3 11 9 14 2 18 6 10 8 4 16 12
Sebonack Golf Course,NY,Southampton,Blue,74.4,145,,,6717,,15 1 5 13 17 7 3 11 9 14 2 18 6 10 8 4 16 12
Sebonack Golf Course,NY,Southampton,White,72.2,140,78.7,145,6164,,15 1 5 13 17 7 3 11 9 14 2 18 6 10 8 4 16 12
Sebonack Golf Course,NY,Southampton,Red (W),69.8,125,69.8,125,,,15 1 5 13 17 7 3 11 9 14 2 18 6 10 8 4 16 12
National Golf Links of America,NY,Southampton,Black,74.3,141,,,6873,4 4 4 3 4 3 5 4 5 4 4 4 3 4 4 4 4 5,11 15 1 13 3 17 9 5 7 4 10 2 18 12 6 14 16 8
National Golf Links of America,NY,Southampton,White,72.7,137,,,6425,4 4 4 3 4 3 5 4 5 4 4 4 3 4 4 4 4 5,11 15 1 13 3 17 9 5 7 4 10 2 18 12 6 14 16 8
National Golf Links of America,NY,Southampton,Green,69.9,131,73.3,135,5817,4 4 4 3 4 3 5 4 5 4 4 4 3 4 4 4 4 5,11 15 1 13 3 17 9 5 7 4 10 2 18 12 6 14 16 8
Baiting Hallow Golf Club,NY,Baiting Hollow,Blue,72.8,137,,,6591,,9 1 11 5 7 3 17 15 13 10 8 6 18 2 4 16 14 12
Bethpage State Park Golf Courses,NY,Old Bethpage,Championship,74.4,133,,,7092,4 4 4 3 5 4 3 4 4 4 4 3 4 4 4 5 3 4,3 7 13 15 5 9 17 11 1 12 14 16 8 4 2 6 18 10
Bethpage State Park Golf Courses,NY,Old Bethpage,Regulation,71.9,127,,,6555,4 4 4 3 5 4 3 4 4 4 4 3 4 4 4 5 3 4,3 7 13 15 5 9 17 11 1 12 14 16 8 4 2 6 18 10
Bethpage State Park Golf Courses,NY,Old Bethpage,Forward,69.2,120,,,5777,4 4 4 3 5 4 3 4 4 4 4 3 4 4 4 5 3 4,3 7 13 15 5 9 17 11 1 12 14 16 8 4 2 6 18 10
Hempstead Golf and Country Club,NY,Hempstead,Black,72.1,131,,,6663,4 4 5 4 4 4 4 3 4 3 4 4 5 4 5 4 3 4,17 7 9 5 11 1 3 15 13 10 4 16 6 8 2 14 18 12
Hempstead Golf and Country Club,NY,Hempstead,Blue,70.9,128,77.1,136,6420,4 4 5 4 4 4 4 3 4 3 4 4 5 4 5 4 3 4,17 7 9 5 11 1 3 15 13 10 4 16 6 8 2 14 18 12
Hempstead Golf and Country Club,NY,Hempstead,White,69.0,124,74.6,132,6006,4 4 5 4 4 4 4 3 4 3 4 4 5 4 5 4 3 4,17 7 9 5 11 1 3 15 13 10 4 16 6 8 2 14 18 12
Hempstead Golf and Country Club,NY,Hempstead,Red (W),74.0,131,74.0,131,,4 4 5 4 4 4 4 3 4 3 4 4 5 4 5 4 3 4,17 7 9 5 11 1 3 15 13 10 4 16 6 8 2 14 18 12
Town of Oyster Bay Public Golf Course,NY,Woodbury,Blue,71.5,131,,,6376,4 5 3 4 4 3 4 3 4 4 4 3 4 5 4 4 4 4,13 5 17 1 7 15 3 9 11 14 16 18 8 12 10 4 2 6
Town of Oyster Bay Public Golf Course,NY,Woodbury,White,69.0,126,73.4,128,5813,4 5 3 4 4 3 4 3 4 4 4 3 4 5 4 4 4 4,13 5 17 1 7 15 3 9 11 14 16 18 8 12 10 4 2 6
Town of Oyster Bay Public Golf Course,NY,Woodbury,Yellow (W),68.0,112,68.0,112,,4 5 3 4 4 3 4 3 4 4 4 3 4 5 4 4 4 4,13 5 17 1 7 15 3 9 11 14 16 18 8 12 10 4 2 6
Douglaston Golf Course,NY,Queens,Black,65.5,110,,,5469,4 3 4 4 3 4 5 4 3 4 4 3 4 4 3 3 3 5,11 15 5 1 17 3 9 7 13 8 10 16 6 4 12 14 18 2
Douglaston Golf Course,NY,Queens,Blue,63.7,108,,,5071,4 3 4 4 3 4 5 4 3 4 4 3 4 4 3 3 3 5,11 15 5 1 17 3 9 7 13 8 10 16 6 4 12 14 18 2
Douglaston Golf Course,NY,Queens,Red (W),62.1,106,62.1,106,,4 3 4 4 3 4 5 4 3 4 4 3 4 4 3 3 3 5,11 15 5 1 17 3 9 7 13 8 10 16 6 4 12 14 18 2
The Seawane Club,NY,Hewlett Harbor,Black,74.7,145,,,6725,4 4 4 4 3 5 4 3 5 4 3 4 4 3 5 4 5 4,8 4 10 16 14 12 2 18 6 9 13 17 3 15 1 5 11 7
The Seawane Club,NY,Hewlett Harbor,Blue,73.1,143,,,6388,4 4 4 4 3 5 4 3 5 4 3 4 4 3 5 4 5 4,8 4 10 16 14 12 2 18 6 9 13 17 3 15 1 5 11 7
The Seawane Club,NY,Hewlett Harbor,White,72.1,139,,,6113,4 4 4 4 3 5 4 3 5 4 3 4 4 3 5 4 5 4,8 4 10 16 14 12 2 18 6 9 13 17 3 15 1 5 11 7
The Seawane Club,NY,Hewlett Harbor,Gold,69.0,129,,,5582,4 4 4 4 3 5 4 3 5 4 3 4 4 3 5 4 5 4,8 4 10 16 14 12 2 18 6 9 13 17 3 15 1 5 11 7
The Seawane Club,NY,Hewlett Harbor,Red (W),71.8,126,71.8,126,,4 4 4 4 3 5 4 3 5 4 3 4 4 3 5 4 5 4,8 4 10 16 14 12 2 18 6 9 13 17 3 15 1 5 11 7
Dutchess Golf Club,NY,Spackenkill,Blue,71.7,132,,,6475,4 4 4 4 5 3 4 3 4 4 4 5 3 4 3 4 4 4,11 15 13 5 3 9 1 17 7 8 4 10 18 2 14 6 12 16
Casperkill Golf Club,NY,Poughkeepsie,Blue,72.4,130,,,6690,5 4 3 4 5 4 4 3 4 5 4 3 4 4 4 3 4 5,9 1 7 13 15 17 3 11 5 6 2 14 4 12 8 18 10 16
Casperkill Golf Club,NY,Poughkeepsie,White,69.9,125,,,6153,5 4 3 4 5 4 4 3 4 5 4 3 4 4 4 3 4 5,9 1 7 13 15 17 3 11 5 6 2 14 4 12 8 18 10 16
Casperkill Golf Club,NY,Poughkeepsie,Red (W),67.9,117,67.9,117,,5 4 3 4 5 4 4 3 4 5 4 3 4 4 4 3 4 5,9 1 7 13 15 17 3 11 5 6 2 14 4 12 8 18 10 16
Craig Wood Golf & Country Club,NY,Lake Placid,Blue,71.8,128,,,6853,5 3 4 3 4 5 4 4 5 4 4 4 3 4 4 5 3 4,7 11 9 15 3 13 5 1 17 18 10 12 14 2 6 8 16 4
Craig Wood Golf & Country Club,NY,Lake Placid,White,70.3,126,,,6554,5 3 4 3 4 5 4 4 5 4 4 4 3 4 4 5 3 4,7 11 9 15 3 13 5 1 17 18 10 12 14 2 6 8 16 4
Craig Wood Golf & Country Club,NY,Lake Placid,Gold,67.7,122,,,5731,5 3 4 3 4 5 4 4 5 4 4 4 3 4 4 5 3 4,7 11 9 15 3 13 5 1 17 18 10 12 14 2 6 8 16 4
Craig Wood Golf & Country Club,NY,Lake Placid,Red (W),70.6,118,70.6,118,,5 3 4 3 4 5 4 4 5 4 4 4 3 4 4 5 3 4,7 11 9 15 3 13 5 1 17 18 10 12 14 2 6 8 16 4
The Woodside Club,NY,Syosset,Blue,71.9,141,,,6520,4 5 3 4 5 4 4 3 4 4 4 4 5 3 4 5 3 4,3 11 17 1 13 15 7 9 5 8 16 2 10 18 12 4 14 6
The Woodside Club,NY,Syosset,White,69.9,138,75.3,134,6112,4 5 3 4 5 4 4 3 4 4 4 4 5 3 4 5 3 4,3 11 17 1 13 15 7 9 5 8 16 2 10 18 12 4 14 6
The Woodside Club,NY,Syosset,Green,68.4,133,,,5812,4 5 3 4 5 4 4 3 4 4 4 4 5 3 4 5 3 4,3 11 17 1 13 15 7 9 5 8 16 2 10 18 12 4 14 6
The Woodside Club,NY,Syosset,Gold,67.3,130,73.0,122,5574,4 5 3 4 5 4 4 3 4 4 4 4 5 3 4 5 3 4,3 11 17 1 13 15 7 9 5 8 16 2 10 18 12 4 14 6
The Woodside Club,NY,Syosset,Red (W),70.8,118,70.8,118,,4 5 3 4 5 4 4 3 4 4 4 4 5 3 4 5 3 4,3 11 17 1 13 15 7 9 5 8 16 2 10 18 12 4 14 6
The Woodside Club,NY,Syosset,Purple (W),68.7,119,68.7,119,,4 5 3 4 5 4 4 3 4 4 4 4 5 3 4 5 3 4,3 11 17 1 13 15 7 9 5 8 16 2 10 18 12 4 14 6
St. Georges Golf and Country Club,NY,East Setauket,Blue,70.4,128,,,6232,4 5 4 4 4 5 3 4 3 4 3 4 4 4 3 4 3 5,9 1 7 3 11 13 15 5 17 10 12 4 2 8 16 14 18 6
St. Georges Golf and Country Club,NY,East Setauket,White,67.4,125,,,5551,4 5 4 4 4 5 3 4 3 4 3 4 4 4 3 4 3 5,9 1 7 3 11 13 15 5 17 10 12 4 2 8 16 14 18 6
St. Georges Golf and Country Club,NY,East Setauket,Red (W),71.8,126,71.8,126,,4 5 4 4 4 5 3 4 3 4 3 4 4 4 3 4 3 5,9 1 7 3 11 13 15 5 17 10 12 4 2 8 16 14 18 6
Rockland Country Club,NY,Sparkill,Black,73.5,141,,,6703,,11 13 17 5 1 3 7 15 9 16 6 2 4 10 18 12 8 14
Rockland Country Club,NY,Sparkill,Blue,71.8,137,,,6352,,11 13 17 5 1 3 7 15 9 16 6 2 4 10 18 12 8 14
Rockland Country Club,NY,Sparkill,White,69.8,134,,,6001,,11 13 17 5 1 3 7 15 9 16 6 2 4 10 18 12 8 14
Rockland Country Club,NY,Sparkill,Green,68.8,125,72.3,130,5635,,11 13 17 5 1 3 7 15 9 16 6 2 4 10 18 12 8 14
Rockland Country Club,NY,Sparkill,Yellow,69.6,119,,,5062,,11 13 17 5 1 3 7 15 9 16 6 2 4 10 18 12 8 14
Manhattan Woods Golf Club,NY,West Nyack,Black,76.0,153,,,7109,4 4 5 3 4 4 3 5 4 4 4 3 5 4 5 4 3 4,9 11 5 15 1 13 17 7 3 10 12 18 4 2 14 8 16 6
Manhattan Woods Golf Club,NY,West Nyack,Gold,74.1,145,,,6789,4 4 5 3 4 4 3 5 4 4 4 3 5 4 5 4 3 4,9 11 5 15 1 13 17 7 3 10 12 18 4 2 14 8 16 6
Manhattan Woods Golf Club,NY,West Nyack,Blue,72.2,141,,,6381,4 4 5 3 4 4 3 5 4 4 4 3 5 4 5 4 3 4,9 11 5 15 1 13 17 7 3 10 12 18 4 2 14 8 16 6
Manhattan Woods Golf Club,NY,West Nyack,White,69.1,136,75.1,137,5751,4 4 5 3 4 4 3 5 4 4 4 3 5 4 5 4 3 4,9 11 5 15 1 13 17 7 3 10 12 18 4 2 14 8 16 6
Manhattan Woods Golf Club,NY,West Nyack,Jade (W),70.7,132,70.7,132,,4 4 5 3 4 4 3 5 4 4 4 3 5 4 5 4 3 4,9 11 5 15 1 13 17 7 3 10 12 18 4 2 14 8 16 6
Minisceongo Golf Club,NY,Pomona,Black,74.5,148,,,7029,4 3 4 5 4 5 4 3 4 4 3 4 4 3 5 4 4 5,13 17 1 3 7 5 11 15 9 8 14 16 4 18 2 10 6 12
Richmond County Country Club,NY,Staten Island,Black,72.4,137,,,6559,4 4 3 4 3 4 5 4 4 5 4 4 3 4 4 4 4 5,18 6 12 10 8 2 16 14 4 5 11 17 15 1 9 13 7 3
Richmond County Country Club,NY,Staten Island,Maroon,70.9,134,77.2,142,6254,4 4 3 4 3 4 5 4 4 5 4 4 3 4 4 4 4 5,18 6 12 10 8 2 16 14 4 5 11 17 15 1 9 13 7 3
Richmond County Country Club,NY,Staten Island,Gold,67.7,124,73.8,132,5643,4 4 3 4 3 4 5 4 4 5 4 4 3 4 4 4 4 5,18 6 12 10 8 2 16 14 4 5 11 17 15 1 9 13 7 3
Richmond County Country Club,NY,Staten Island,Silver,65.8,122,71.2,127,5230,4 4 3 4 3 4 5 4 4 5 4 4 3 4 4 4 4 5,18 6 12 10 8 2 16 14 4 5 11 17 15 1 9 13 7 3
South Shore Golf Course,NY,Staten Island,Blue,71.3,119,,,6362,4 3 4 4 3 4 4 4 5 4 3 5 4 3 5 4 5 4,10 12 16 14 2 18 4 6 8 7 13 15 9 1 17 3 11 5
South Shore Golf Course,NY,Staten Island,White,70.6,115,,,6002,4 3 4 4 3 4 4 4 5 4 3 5 4 3 5 4 5 4,10 12 16 14 2 18 4 6 8 7 13 15 9 1 17 3 11 5
South Shore Golf Course,NY,Staten Island,Red (W),72.2,119,72.2,119,,4 3 4 4 3 4 4 4 5 4 3 5 4 3 5 4 5 4,10 12 16 14 2 18 4 6 8 7 13 15 9 1 17 3 11 5
Park Country Club,NY,Williamsville,Black,72.8,127,,,6908,5 4 4 4 3 4 4 3 5 3 5 4 3 4 4 4 4 4,16 4 14 6 8 2 12 18 10 13 15 3 17 11 9 1 7 5
Park Country Club,NY,Williamsville,Blue,70.9,125,,,6507,5 4 4 4 3 4 4 3 5 3 5 4 3 4 4 4 4 4,16 4 14 6 8 2 12 18 10 13 15 3 17 11 9 1 7 5
Park Country Club,NY,Williamsville,White,69.2,123,,,6265,5 4 4 4 3 4 4 3 5 3 5 4 3 4 4 4 4 4,16 4 14 6 8 2 12 18 10 13 15 3 17 11 9 1 7 5
Park Country Club,NY,Williamsville,Gold,67.4,116,72.4,125,5824,5 4 4 4 3 4 4 3 5 3 5 4 3 4 4 4 4 4,16 4 14 6 8 2 12 18 10 13 15 3 17 11 9 1 7 5
Park Country Club,NY,Williamsville,Red (W),71.2,123,71.2,123,,5 4 4 4 3 4 4 3 5 3 5 4 3 4 4 4 4 4,16 4 14 6 8 2 12 18 10 13 15 3 17 11 9 1 7 5
Brentwood Country Club,NY,Brentwood,Championship,69.3,124,,,6173,5 4 3 5 3 4 4 4 4 4 4 4 4 3 4 4 5 4,6 2 14 8 16 4 10 18 12 13 11 5 9 15 1 17 3 7
Brentwood Country Club,NY,Brentwood,Middle,67.5,121,,,5835,5 4 3 5 3 4 4 4 4 4 4 4 4 3 4 4 5 4,6 2 14 8 16 4 10 18 12 13 11 5 9 15 1 17 3 7
Brentwood Country Club,NY,Brentwood,Forward (W),68.8,114,68.8,114,,5 4 3 5 3 4 4 4 4 4 4 4 4 3 4 4 5 4,6 2 14 8 16 4 10 18 12 13 11 5 9 15 1 17 3 7
Holbrook Country Club,NY,Holbrook,Championship,70.0,128,,,6250,,7 13 17 3 1 15 5 11 9 2 18 4 14 12 8 16 10 6
Holbrook Country Club,NY,Holbrook,Middle,68.7,121,,,5978,,7 13 17 3 1 15 5 11 9 2 18 4 14 12 8 16 10 6
Holbrook Country Club,NY,Holbrook,Forward (W),66.4,108,66.4,108,,,7 13 17 3 1 15 5 11 9 2 18 4 14 12 8 16 10 6
Bellport Country Club,NY,Bellport,Black,71.4,132,,,6329,,3 13 17 11 15 5 7 1 9 18 16 6 10 12 2 8 4 14
Bellport Country Club,NY,Bellport,Blue,70.1,131,,,6011,,3 13 17 11 15 5 7 1 9 18 16 6 10 12 2 8 4 14
Bellport Country Club,NY,Bellport,White,67.7,129,,,5539,,3 13 17 11 15 5 7 1 9 18 16 6 10 12 2 8 4 14
Bellport Country Club,NY,Bellport,Red (W),69.6,123,69.6,123,,,3 13 17 11 15 5 7 1 9 18 16 6 10 12 2 8 4 14
Island Hills Country Club,NY,Sayville,Back,71.2,126,,,6471,,3 11 5 7 15 17 13 1 9 16 10 4 14 18 12 2 8 6
West Sayville Golf Course,NY,West Sayville,Blue,72.2,130,,,6804,,9 17 11 1 13 5 7 15 3 10 12 16 2 14 4 6 18 8
West Sayville Golf Course,NY,West Sayville,White,69.3,127,,,6130,,9 17 11 1 13 5 7 15 3 10 12 16 2 14 4 6 18 8
West Sayville Golf Course,NY,West Sayville,Gold,66.5,123,,,5534,,9 17 11 1 13 5 7 15 3 10 12 16 2 14 4 6 18 8
West Sayville Golf Course,NY,West Sayville,Red,65.7,120,,,5370,,9 17 11 1 13 5 7 15 3 10 12 16 2 14 4 6 18 8
Indian Hills Country Club,NY,Northport,Black,72.0,134,,,6623,4 4 3 4 5 3 5 4 4 5 3 4 4 5 4 3 4 4,7 3 13 9 1 17 11 15 5 4 14 12 18 10 8 16 2 6
Indian Hills Country Club,NY,Northport,Blue,70.4,130,,,6267,4 4 3 4 5 3 5 4 4 5 3 4 4 5 4 3 4 4,7 3 13 9 1 17 11 15 5 4 14 12 18 10 8 16 2 6
Indian Hills Country Club,NY,Northport,White,68.2,124,73.5,131,5756,4 4 3 4 5 3 5 4 4 5 3 4 4 5 4 3 4 4,7 3 13 9 1 17 11 15 5 4 14 12 18 10 8 16 2 6
Indian Hills Country Club,NY,Northport,Gold,65.1,114,70.0,122,5167,4 4 3 4 5 3 5 4 4 5 3 4 4 5 4 3 4 4,7 3 13 9 1 17 11 15 5 4 14 12 18 10 8 16 2 6
Crab Meadow Golf Course,NY,Northport,Blue,71.8,128,,,6598,4 4 3 5 4 4 4 5 3 4 5 4 3 5 4 3 4 4,4 8 12 16 2 18 10 6 14 15 11 3 13 7 1 17 5 9
Crab Meadow Golf Course,NY,Northport,White,69.9,125,75.8,131,6216,4 4 3 5 4 4 4 5 3 4 5 4 3 5 4 3 4 4,4 8 12 16 2 18 10 6 14 15 11 3 13 7 1 17 5 9
Crab Meadow Golf Course,NY,Northport,Silver,66.9,120,72.1,124,5568,4 4 3 5 4 4 4 5 3 4 5 4 3 5 4 3 4 4,4 8 12 16 2 18 10 6 14 15 11 3 13 7 1 17 5 9
North Shore Country Club,NY,Glen Head,Black,71.8,136,,,6543,4 4 4 5 3 4 4 4 3 3 4 4 4 4 4 5 3 5,9 13 1 5 15 3 11 7 17 16 2 8 14 6 10 12 18 4
North Shore Country Club,NY,Glen Head,Blue,70.8,129,,,6287,4 4 4 5 3 4 4 4 3 3 4 4 4 4 4 5 3 5,9 13 1 5 15 3 11 7 17 16 2 8 14 6 10 12 18 4
North Shore Country Club,NY,Glen Head,White,68.9,127,,,5884,4 4 4 5 3 4 4 4 3 3 4 4 4 4 4 5 3 5,9 13 1 5 15 3 11 7 17 16 2 8 14 6 10 12 18 4
North Shore Country Club,NY,Glen Head,Green,64.8,118,,,5054,4 4 4 5 3 4 4 4 3 3 4 4 4 4 4 5 3 5,9 13 1 5 15 3 11 7 17 16 2 8 14 6 10 12 18 4
Huntington Country Club,NY,Huntington,Gold,72.1,134,,,6432,4 4 3 4 4 4 5 4 3 4 4 3 4 3 5 4 4 4,11 5 17 9 7 3 1 15 13 4 14 18 8 16 6 12 2 10
Huntington Country Club,NY,Huntington,Blue,70.8,132,,,6174,4 4 3 4 4 4 5 4 3 4 4 3 4 3 5 4 4 4,11 5 17 9 7 3 1 15 13 4 14 18 8 16 6 12 2 10
Huntington Country Club,NY,Huntington,Red (W),73.2,129,73.2,129,,4 4 3 4 4 4 5 4 3 4 4 3 4 3 5 4 4 4,11 5 17 9 7 3 1 15 13 4 14 18 8 16 6 12 2 10
Huntington Crescent Club,NY,Huntington,Blue,71.9,133,,,6506,4 4 3 4 4 3 5 4 5 4 4 4 3 4 4 4 3 4,17 5 13 15 1 11 7 9 3 12 8 4 18 14 2 16 6 10
Huntington Crescent Club,NY,Huntington,White,69.9,131,,,6191,4 4 3 4 4 3 5 4 5 4 4 4 3 4 4 4 3 4,17 5 13 15 1 11 7 9 3 12 8 4 18 14 2 16 6 10
Huntington Crescent Club,NY,Huntington,Red (W),71.4,126,71.4,126,,4 4 3 4 4 3 5 4 5 4 4 4 3 4 4 4 3 4,17 5 13 15 1 11 7 9 3 12 8 4 18 14 2 16 6 10
New York Country Club,NY,New Hempstead,Blue,72.3,133,,,6643,5 4 3 4 4 4 5 3 4 4 4 3 5 4 4 4 3 5,16 2 18 8 10 12 4 14 6 17 11 15 1 9 3 5 13 7
New York Country Club,NY,New Hempstead,White,70.6,131,,,6294,5 4 3 4 4 4 5 3 4 4 4 3 5 4 4 4 3 5,16 2 18 8 10 12 4 14 6 17 11 15 1 9 3 5 13 7
New York Country Club,NY,New Hempstead,Red (W),72.5,131,72.5,131,,5 4 3 4 4 4 5 3 4 4 4 3 5 4 4 4 3 5,16 2 18 8 10 12 4 14 6 17 11 15 1 9 3 5 13 7
Phillip J. Rotella Memorial Golf Course,NY,Thiells,Blue,72.1,134,,,6482,4 4 3 4 3 5 4 3 5 4 5 3 5 4 4 5 3 4,17 7 13 3 11 1 9 15 5 14 2 16 8 6 12 4 18 10
Phillip J. Rotella Memorial Golf Course,NY,Thiells,White,70.4,131,76.1,128,6138,4 4 3 4 3 5 4 3 5 4 5 3 5 4 4 5 3 4,17 7 13 3 11 1 9 15 5 14 2 16 8 6 12 4 18 10
Phillip J. Rotella Memorial Golf Course,NY,Thiells,Gold,67.9,124,72.1,126,5516,4 4 3 4 3 5 4 3 5 4 5 3 5 4 4 5 3 4,17 7 13 3 11 1 9 15 5 14 2 16 8 6 12 4 18 10
Phillip J. Rotella Memorial Golf Course,NY,Thiells,Red,64.0,113,68.3,119,4879,4 4 3 4 3 5 4 3 5 4 5 3 5 4 4 5 3 4,17 7 13 3 11 1 9 15 5 14 2 16 8 6 12 4 18 10
Garden City Country Club,NY,Garden City,Black,71.8,132,,,6540,4 3 4 4 3 4 4 4 4 4 3 5 3 5 4 5 3 4,11 15 7 13 17 1 9 5 3 14 18 6 16 2 4 10 12 8
Garden City Country Club,NY,Garden City,Gold,70.5,128,,,6219,4 3 4 4 3 4 4 4 4 4 3 5 3 5 4 5 3 4,11 15 7 13 17 1 9 5 3 14 18 6 16 2 4 10 12 8
Garden City Country Club,NY,Garden City,Blue,68.1,123,74.3,129,5787,4 3 4 4 3 4 4 4 4 4 3 5 3 5 4 5 3 4,11 15 7 13 17 1 9 5 3 14 18 6 16 2 4 10 12 8
Garden City Country Club,NY,Garden City,Green (W),71.6,128,71.6,128,,4 3 4 4 3 4 4 4 4 4 3 5 3 5 4 5 3 4,11 15 7 13 17 1 9 5 3 14 18 6 16 2 4 10 12 8
Garden City Golf Club,NY,Garden City,Championship,73.8,140,,,6911,4 3 4 5 4 4 5 4 4 4 4 3 5 4 4 4 5 3,15 17 9 5 11 3 7 1 13 6 4 16 8 14 2 10 12 18
Garden City Golf Club,NY,Garden City,Regular,72.3,137,,,6587,4 3 4 5 4 4 5 4 4 4 4 3 5 4 4 4 5 3,15 17 9 5 11 3 7 1 13 6 4 16 8 14 2 10 12 18
Lake Success Golf Club,NY,Lake Success,Black,71.1,132,,,6414,5 4 3 4 4 3 5 3 4 4 3 4 5 4 4 4 3 4,11 1 15 9 3 13 7 17 5 4 18 10 2 12 14 6 16 8
Lake Success Golf Club,NY,Lake Success,Black Short,68.7,117,,,6337,5 4 3 4 4 3 5 3 4 4 3 4 5 4 4 4 3 4,11 1 15 9 3 13 7 17 5 4 18 10 2 12 14 6 16 8
Lake Success Golf Club,NY,Lake Success,Blue,70.0,129,72.7,125,6137,5 4 3 4 4 3 5 3 4 4 3 4 5 4 4 4 3 4,11 1 15 9 3 13 7 17 5 4 18 10 2 12 14 6 16 8
Lake Success Golf Club,NY,Lake Success,Blue Short,68.0,116,,,6068,5 4 3 4 4 3 5 3 4 4 3 4 5 4 4 4 3 4,11 1 15 9 3 13 7 17 5 4 18 10 2 12 14 6 16 8
Lake Success Golf Club,NY,Lake Success,White,68.3,128,73.1,132,5705,5 4 3 4 4 3 5 3 4 4 3 4 5 4 4 4 3 4,11 1 15 9 3 13 7 17 5 4 18 10 2 12 14 6 16 8
Lake Success Golf Club,NY,Lake Success,Red,66.8,120,71.8,129,5472,5 4 3 4 4 3 5 3 4 4 3 4 5 4 4 4 3 4,11 1 15 9 3 13 7 17 5 4 18 10 2 12 14 6 16 8
Lake Success Golf Club,NY,Lake Success,Gold,65.7,116,70.2,125,5151,5 4 3 4 4 3 5 3 4 4 3 4 5 4 4 4 3 4,11 1 15 9 3 13 7 17 5 4 18 10 2 12 14 6 16 8
Schenectady Municipal Golf Course,NY,Schenectady,Blue,70.3,123,,,6460,,12 4 16 2 10 18 14 6 8 3 7 11 17 1 13 5 15 9
Schenectady Municipal Golf Course,NY,Schenectady,White,68.5,115,,,5910,,12 4 16 2 10 18 14 6 8 3 7 11 17 1 13 5 15 9
Schenectady Municipal Golf Course,NY,Schenectady,Gold,63.8,110,,,5310,,12 4 16 2 10 18 14 6 8 3 7 11 17 1 13 5 15 9
Schenectady Municipal Golf Course,NY,Schenectady,Red,68.3,111,,,4905,,12 4 16 2 10 18 14 6 8 3 7 11 17 1 13 5 15 9
Country Club of Troy,NY,Troy,Black/Blue,72.5,133,,,6663,4 3 4 5 4 4 5 3 4 4 5 3 4 4 3 4 4 4,9 17 13 3 7 15 1 11 5 6 2 12 10 16 18 4 8 14
Country Club of Troy,NY,Troy,Blue,71.2,131,,,6377,4 3 4 5 4 4 5 3 4 4 5 3 4 4 3 4 4 4,9 17 13 3 7 15 1 11 5 6 2 12 10 16 18 4 8 14
Country Club of Troy,NY,Troy,Green,69.8,128,74.9,129,6084,4 3 4 5 4 4 5 3 4 4 5 3 4 4 3 4 4 4,9 17 13 3 7 15 1 11 5 6 2 12 10 16 18 4 8 14
Country Club of Troy,NY,Troy,Gold,67.2,123,71.4,121,5450,4 3 4 5 4 4 5 3 4 4 5 3 4 4 3 4 4 4,9 17 13 3 7 15 1 11 5 6 2 12 10 16 18 4 8 14
Country Club of Troy,NY,Troy,White (W),69.9,119,69.9,119,,4 3 4 5 4 4 5 3 4 4 5 3 4 4 3 4 4 4,9 17 13 3 7 15 1 11 5 6 2 12 10 16 18 4 8 14
Millstone Golf Course,NY,Elbridge,Blue,69.3,114,,,6117,5 4 3 5 4 3 4 3 5 4 4 4 3 4 4 3 5 3,3 7 15 5 13 17 9 11 1 10 8 6 16 14 12 18 2 4
Millstone Golf Course,NY,Elbridge,White,67.3,109,,,5679,5 4 3 5 4 3 4 3 5 4 4 4 3 4 4 3 5 3,3 7 15 5 13 17 9 11 1 10 8 6 16 14 12 18 2 4
Millstone Golf Course,NY,Elbridge,Red,68.9,113,,,5003,5 4 3 5 4 3 4 3 5 4 4 4 3 4 4 3 5 3,3 7 15 5 13 17 9 11 1 10 8 6 16 14 12 18 2 4
Clifton Springs Country Club,NY,Clifton Springs,Blue,71.4,130,,,6517,4 5 4 3 4 4 3 5 4 5 3 4 3 5 4 3 4 4,3 5 7 17 9 15 13 1 11 4 16 12 18 10 8 14 2 6
Clifton Springs Country Club,NY,Clifton Springs,White,69.6,129,,,6097,4 5 4 3 4 4 3 5 4 5 3 4 3 5 4 3 4 4,3 5 7 17 9 15 13 1 11 4 16 12 18 10 8 14 2 6
Clifton Springs Country Club,NY,Clifton Springs,Silver,67.9,124,73.4,127,5705,4 5 4 3 4 4 3 5 4 5 3 4 3 5 4 3 4 4,3 5 7 17 9 15 13 1 11 4 16 12 18 10 8 14 2 6
Clifton Springs Country Club,NY,Clifton Springs,Gold,66.4,112,70.9,126,5403,4 5 4 3 4 4 3 5 4 5 3 4 3 5 4 3 4 4,3 5 7 17 9 15 13 1 11 4 16 12 18 10 8 14 2 6
Clifton Springs Country Club,NY,Clifton Springs,Green,65.6,108,69.8,124,5176,4 5 4 3 4 4 3 5 4 5 3 4 3 5 4 3 4 4,3 5 7 17 9 15 13 1 11 4 16 12 18 10 8 14 2 6
Shaker Ridge Country Club,NY,Loudonville,Black,74.0,137,,,6837,4 4 4 3 5 4 4 4 4 4 4 3 5 4 4 3 4 4,9 7 1 17 5 11 3 13 15 6 8 14 10 18 4 12 2 16
Shaker Ridge Country Club,NY,Loudonville,Blue,71.6,132,,,6308,4 4 4 3 5 4 4 4 4 4 4 3 5 4 4 3 4 4,9 7 1 17 5 11 3 13 15 6 8 14 10 18 4 12 2 16
Shaker Ridge Country Club,NY,Loudonville,White,68.8,126,,,5663,4 4 4 3 5 4 4 4 4 4 4 3 5 4 4 3 4 4,9 7 1 17 5 11 3 13 15 6 8 14 10 18 4 12 2 16
Shaker Ridge Country Club,NY,Loudonville,Red (W),70.8,123,70.8,123,,4 4 4 3 5 4 4 4 4 4 4 3 5 4 4 3 4 4,9 7 1 17 5 11 3 13 15 6 8 14 10 18 4 12 2 16
Lido Golf Club,NY,Lido Beach,Gold,73.5,130,,,7000,5 4 4 4 3 4 3 4 5 4 4 5 4 4 3 5 3 4,18 12 10 8 16 14 6 4 2 11 17 15 3 7 13 1 5 9
Lido Golf Club,NY,Lido Beach,Blue,71.9,126,,,6528,5 4 4 4 3 4 3 4 5 4 4 5 4 4 3 5 3 4,18 12 10 8 16 14 6 4 2 11 17 15 3 7 13 1 5 9
Lido Golf Club,NY,Lido Beach,White,70.4,121,,,6162,5 4 4 4 3 4 3 4 5 4 4 5 4 4 3 5 3 4,18 12 10 8 16 14 6 4 2 11 17 15 3 7 13 1 5 9
Lido Golf Club,NY,Lido Beach,Red,68.8,115,,,4910,5 4 4 4 3 4 3 4 5 4 4 5 4 4 3 5 3 4,18 12 10 8 16 14 6 4 2 11 17 15 3 7 13 1 5 9
Schenectady Stadium Country Club,NY,Schenectady,Blue,69.5,113,,,6316,5 5 5 4 4 4 4 4 4 4 4 4 4 4 3 3 3 3,3 1 17 11 15 5 9 13 7 6 4 12 10 2 16 14 8 18
Schenectady Stadium Country Club,NY,Schenectady,White,67.7,110,,,5959,5 5 5 4 4 4 4 4 4 4 4 4 4 4 3 3 3 3,3 1 17 11 15 5 9 13 7 6 4 12 10 2 16 14 8 18
Schenectady Stadium Country Club,NY,Schenectady,Red (W),68.5,106,68.5,106,,5 5 5 4 4 4 4 4 4 4 4 4 4 4 3 3 3 3,3 1 17 11 15 5 9 13 7 6 4 12 10 2 16 14 8 18
Schuyler Meadows Club,NY,Loudonville,Blue,73.8,133,,,6890,4 5 4 3 5 4 4 4 4 4 4 3 5 4 3 4 4 4,9 13 7 15 11 5 1 17 3 14 10 18 12 4 16 2 6 8
Schuyler Meadows Club,NY,Loudonville,White,72.5,130,,,6488,4 5 4 3 5 4 4 4 4 4 4 3 5 4 3 4 4 4,9 13 7 15 11 5 1 17 3 14 10 18 12 4 16 2 6 8
Schuyler Meadows Club,NY,Loudonville,Green,70.0,128,,,6049,4 5 4 3 5 4 4 4 4 4 4 3 5 4 3 4 4 4,9 13 7 15 11 5 1 17 3 14 10 18 12 4 16 2 6 8
Schuyler Meadows Club,NY,Loudonville,Red,71.8,129,67.4,120,5367,4 5 4 3 5 4 4 4 4 4 4 3 5 4 3 4 4 4,9 13 7 15 11 5 1 17 3 14 10 18 12 4 16 2 6 8
Dunwoodie Golf Course,NY,Yonkers,Blue,67.4,118,,,5778,4 4 4 4 4 5 3 4 4 3 5 3 4 3 4 5 4 3,13 9 7 1 5 11 17 3 15 14 8 16 6 12 4 10 2 18
Dunwoodie Golf Course,NY,Yonkers,Red (W),67.8,117,67.8,117,,4 4 4 4 4 5 3 4 4 3 5 3 4 3 4 5 4 3,13 9 7 1 5 11 17 3 15 14 8 16 6 12 4 10 2 18
Town of Colonie Golf Course: Blue Course,NY,Niskayuna,Pro,71.6,125,,,6615,4 5 4 3 4 4 5 3 4,6 1 7 8 5 3 2 9 4
Town of Colonie Golf Course: Blue Course,NY,Niskayuna,Middle,69.9,120,,,6265,4 5 4 3 4 4 5 3 4,6 1 7 8 5 3 2 9 4
Town of Colonie Golf Course: Blue Course,NY,Niskayuna,Ladies,71.8,116,,,5635,4 5 4 3 4 4 5 3 4,6 1 7 8 5 3 2 9 4
Town of Colonie Golf Course: White Course,NY,Schenectady,Pro,71.7,125,,,6704,,
Town of Colonie Golf Course: White Course,NY,Schenectady,Middle,69.9,120,,,6342,,
Town of Colonie Golf Course: White Course,NY,Schenectady,Ladies,71.3,116,,,5628,,
Town of Colonie Golf Course: Red Course,NY,Schenectady,Pro,70.8,122,,,6524,4 5 3 4 5 4 4 3 4 5 4 4 3 5 3 4 4 4,10 8 6 14 2 16 18 4 12 1 5 11 17 3 15 13 7 9
Town of Colonie Golf Course: Red Course,NY,Schenectady,Middle,69.7,119,,,6277,4 5 3 4 5 4 4 3 4 5 4 4 3 5 3 4 4 4,10 8 6 14 2 16 18 4 12 1 5 11 17 3 15 13 7 9
Town of Colonie Golf Course: Red Course,NY,Schenectady,Ladies,70.8,115,,,5493,4 5 3 4 5 4 4 3 4 5 4 4 3 5 3 4 4 4,10 8 6 14 2 16 18 4 12 1 5 11 17 3 15 13 7 9
Town of Colonie Golf Course: Green Course,NY,Niskayuna,Pro,71.6,125,,,6615,4 5 4 3 4 4 5 3 4,6 1 7 8 5 3 2 9 4
Town of Colonie Golf Course: Green Course,NY,Niskayuna,Middle,69.9,120,,,6265,4 5 4 3 4 4 5 3 4,6 1 7 8 5 3 2 9 4
Town of Colonie Golf Course: Green Course,NY,Niskayuna,Ladies,71.8,116,,,5635,4 5 4 3 4 4 5 3 4,6 1 7 8 5 3 2 9 4
Engineers Country Club,NY,Roslyn Harbor,Black,72.7,131,,,6801,4 4 3 5 4 4 4 4 3 5 4 4 4 3 4 4 4 4,7 3 11 9 1 5 17 15 13 6 14 12 2 18 4 8 16 10
Engineers Country Club,NY,Roslyn Harbor,Blue,71.9,129,,,6527,4 4 3 5 4 4 4 4 3 5 4 4 4 3 4 4 4 4,7 3 11 9 1 5 17 15 13 6 14 12 2 18 4 8 16 10
Engineers Country Club,NY,Roslyn Harbor,White,69.9,125,77.9,142,6198,4 4 3 5 4 4 4 4 3 5 4 4 4 3 4 4 4 4,7 3 11 9 1 5 17 15 13 6 14 12 2 18 4 8 16 10
Engineers Country Club,NY,Roslyn Harbor,Gold,68.8,118,72.3,128,5538,4 4 3 5 4 4 4 4 3 5 4 4 4 3 4 4 4 4,7 3 11 9 1 5 17 15 13 6 14 12 2 18 4 8 16 10
Engineers Country Club,NY,Roslyn Harbor,Red (W),70.2,125,70.2,125,,4 4 3 5 4 4 4 4 3 5 4 4 4 3 4 4 4 4,7 3 11 9 1 5 17 15 13 6 14 12 2 18 4 8 16 10
East Hampton Golf Club,NY,East Hampton,Blue,71.3,139,,,6414,,3 17 7 11 1 15 13 9 5 8 18 16 6 10 4 2 14 12
East Hampton Golf Club,NY,East Hampton,White,70.0,136,76.6,140,5826,,3 17 7 11 1 15 13 9 5 8 18 16 6 10 4 2 14 12
East Hampton Golf Club,NY,East Hampton,Green (W),68.6,126,68.6,126,,,3 17 7 11 1 15 13 9 5 8 18 16 6 10 4 2 14 12
The Woodmere Club,NY,Woodmere,Black,72.2,134,,,6488,5 5 4 4 4 4 4 4 4 4 4 4 4 4 3 3 3 3,5 7 15 11 3 1 17 9 13 18 14 2 8 12 4 16 10 6
The Woodmere Club,NY,Woodmere,Blue,70.2,129,,,6020,5 5 4 4 4 4 4 4 4 4 4 4 4 4 3 3 3 3,5 7 15 11 3 1 17 9 13 18 14 2 8 12 4 16 10 6
The Woodmere Club,NY,Woodmere,White,68.8,124,,,5692,5 5 4 4 4 4 4 4 4 4 4 4 4 4 3 3 3 3,5 7 15 11 3 1 17 9 13 18 14 2 8 12 4 16 10 6
The Woodmere Club,NY,Woodmere,Red (W),70.4,121,70.4,121,,5 5 4 4 4 4 4 4 4 4 4 4 4 4 3 3 3 3,5 7 15 11 3 1 17 9 13 18 14 2 8 12 4 16 10 6
The Woodmere Club,NY,Woodmere,Gold (W),69.1,115,69.1,115,,5 5 4 4 4 4 4 4 4 4 4 4 4 4 3 3 3 3,5 7 15 11 3 1 17 9 13 18 14 2 8 12 4 16 10 6
Inwood Country Club,NY,Inwood,Green,73.0,134,,,6639,4 4 5 5 5 3 3 4 4 3 4 4 4 3 4 4 4 4,15 13 1 5 11 17 9 3 7 18 6 2 14 16 4 12 10 8
Inwood Country Club,NY,Inwood,Blue,71.3,130,,,6297,4 4 5 5 5 3 3 4 4 3 4 4 4 3 4 4 4 4,15 13 1 5 11 17 9 3 7 18 6 2 14 16 4 12 10 8
Inwood Country Club,NY,Inwood,White,68.5,128,,,6051,4 4 5 5 5 3 3 4 4 3 4 4 4 3 4 4 4 4,15 13 1 5 11 17 9 3 7 18 6 2 14 16 4 12 10 8
Inwood Country Club,NY,Inwood,Black (W),73.5,128,73.5,128,,4 4 5 5 5 3 3 4 4 3 4 4 4 3 4 4 4 4,15 13 1 5 11 17 9 3 7 18 6 2 14 16 4 12 10 8
Inwood Country Club,NY,Inwood,Red,66.5,123,71.5,124,5332,4 4 5 5 5 3 3 4 4 3 4 4 4 3 4 4 4 4,15 13 1 5 11 17 9 3 7 18 6 2 14 16 4 12 10 8
Inwood Country Club,NY,Inwood,Gold,64.9,119,69.6,121,4895,4 4 5 5 5 3 3 4 4 3 4 4 4 3 4 4 4 4,15 13 1 5 11 17 9 3 7 18 6 2 14 16 4 12 10 8
Pine Hollow Country Club,NY,East Norwich,Black,72.6,132,,,6731,5 3 4 5 4 4 4 3 4 4 3 4 5 3 4 4 4 4,3 17 7 5 1 11 9 15 13 14 16 12 2 18 8 10 6 4
Pine Hollow Country Club,NY,East Norwich,White,70.4,130,,,6328,5 3 4 5 4 4 4 3 4 4 3 4 5 3 4 4 4 4,3 17 7 5 1 11 9 15 13 14 16 12 2 18 8 10 6 4
Pine Hollow Country Club,NY,East Norwich,Green,67.3,123,,,5724,5 3 4 5 4 4 4 3 4 4 3 4 5 3 4 4 4 4,3 17 7 5 1 11 9 15 13 14 16 12 2 18 8 10 6 4
Pine Hollow Country Club,NY,East Norwich,Yellow,71.9,123,,,5509,5 3 4 5 4 4 4 3 4 4 3 4 5 3 4 4 4 4,3 17 7 5 1 11 9 15 13 14 16 12 2 18 8 10 6 4
Glen Head Country Club,NY,Glen Head,Black,73.2,135,,,6597,4 4 5 3 4 4 3 4 4 4 4 3 4 4 5 3 5 4,1 9 7 15 17 5 13 3 11 14 12 16 8 4 6 18 10 2
Glen Head Country Club,NY,Glen Head,Blue,71.6,134,,,6506,4 4 5 3 4 4 3 4 4 4 4 3 4 4 5 3 5 4,1 9 7 15 17 5 13 3 11 14 12 16 8 4 6 18 10 2
Glen Head Country Club,NY,Glen Head,White,70.4,131,,,6231,4 4 5 3 4 4 3 4 4 4 4 3 4 4 5 3 5 4,1 9 7 15 17 5 13 3 11 14 12 16 8 4 6 18 10 2
Glen Head Country Club,NY,Glen Head,Red (W),73.5,132,73.5,132,,4 4 5 3 4 4 3 4 4 4 4 3 4 4 5 3 5 4,1 9 7 15 17 5 13 3 11 14 12 16 8 4 6 18 10 2
Glen Head Country Club,NY,Glen Head,Green,67.2,125,,,5561,4 4 5 3 4 4 3 4 4 4 4 3 4 4 5 3 5 4,1 9 7 15 17 5 13 3 11 14 12 16 8 4 6 18 10 2
Glen Head Country Club,NY,Glen Head,Gold (W),70.0,124,70.0,124,,4 4 5 3 4 4 3 4 4 4 4 3 4 4 5 3 5 4,1 9 7 15 17 5 13 3 11 14 12 16 8 4 6 18 10 2
Ravenwood Golf Club,NY,Victor,Burgundy,74.7,144,,,7083,4 4 4 3 4 5 4 3 5 4 4 5 4 3 4 4 3 5,7 13 5 11 1 9 15 17 3 10 14 4 2 18 6 16 12 8
Ravenwood Golf Club,NY,Victor,Black,71.8,137,,,6642,4 4 4 3 4 5 4 3 5 4 4 5 4 3 4 4 3 5,7 13 5 11 1 9 15 17 3 10 14 4 2 18 6 16 12 8
Ravenwood Golf Club,NY,Victor,Blue,69.3,126,76.1,141,6190,4 4 4 3 4 5 4 3 5 4 4 5 4 3 4 4 3 5,7 13 5 11 1 9 15 17 3 10 14 4 2 18 6 16 12 8
Ravenwood Golf Club,NY,Victor,Silver,66.9,120,72.4,135,5635,4 4 4 3 4 5 4 3 5 4 4 5 4 3 4 4 3 5,7 13 5 11 1 9 15 17 3 10 14 4 2 18 6 16 12 8
Ravenwood Golf Club,NY,Victor,Gold (W),68.9,122,68.9,122,,4 4 4 3 4 5 4 3 5 4 4 5 4 3 4 4 3 5,7 13 5 11 1 9 15 17 3 10 14 4 2 18 6 16 12 8
Diamond Hawk Golf Course,NY,Cheektowaga,Black,73.9,132,,,7058,,3 13 15 9 1 17 11 7 5 12 8 10 18 2 14 6 16 4
Diamond Hawk Golf Course,NY,Cheektowaga,Gold,72.2,127,,,6693,,3 13 15 9 1 17 11 7 5 12 8 10 18 2 14 6 16 4
Diamond Hawk Golf Course,NY,Cheektowaga,Green,69.5,123,,,6227,,3 13 15 9 1 17 11 7 5 12 8 10 18 2 14 6 16 4
Diamond Hawk Golf Course,NY,Cheektowaga,Silver,67.0,117,,,5692,,3 13 15 9 1 17 11 7 5 12 8 10 18 2 14 6 16 4
Diamond Hawk Golf Course,NY,Cheektowaga,Burgundy (W),69.0,118,69.0,118,,,3 13 15 9 1 17 11 7 5 12 8 10 18 2 14 6 16 4
Grover Cleveland Golf Course,NY,Amherst,White,66.3,103,,,5621,4 4 3 4 4 3 3 5 4 4 4 5 3 4 4 4 3 4,11 1 15 3 13 5 9 17 7 12 4 2 16 8 14 18 6 10
Grover Cleveland Golf Course,NY,Amherst,Red,69.5,111,,,5240,4 4 3 4 4 3 3 5 4 4 4 5 3 4 4 4 3 4,11 1 15 3 13 5 9 17 7 12 4 2 16 8 14 18 6 10
Capital Hills at Albany,NY,Albany,Blue,70.2,126,,,6332,5 4 4 3 4 4 3 5 3 5 4 5 3 4 4 3 4 4,9 13 3 5 15 1 11 17 7 12 6 14 16 8 4 18 2 10
Capital Hills at Albany,NY,Albany,White,67.5,120,,,5784,5 4 4 3 4 4 3 5 3 5 4 5 3 4 4 3 4 4,9 13 3 5 15 1 11 17 7 12 6 14 16 8 4 18 2 10
Capital Hills at Albany,NY,Albany,Red,68.4,114,,,4968,5 4 4 3 4 4 3 5 3 5 4 5 3 4 4 3 4 4,9 13 3 5 15 1 11 17 7 12 6 14 16 8 4 18 2 10
Fox Valley Country Club,NY,Lancaster,Black,72.5,130,,,6615,,6 8 14 18 4 16 10 12 2 17 3 11 7 15 1 13 9 5
Fox Valley Country Club,NY,Lancaster,Blue,70.4,128,78.9,141,6194,,6 8 14 18 4 16 10 12 2 17 3 11 7 15 1 13 9 5
Fox Valley Country Club,NY,Lancaster,White,68.8,125,77.0,137,5861,,6 8 14 18 4 16 10 12 2 17 3 11 7 15 1 13 9 5
Fox Valley Country Club,NY,Lancaster,Red,67.9,122,73.3,129,5192,,6 8 14 18 4 16 10 12 2 17 3 11 7 15 1 13 9 5
Fox Valley Country Club,NY,Lancaster,Gold,66.8,119,71.9,126,4948,,6 8 14 18 4 16 10 12 2 17 3 11 7 15 1 13 9 5
River Oaks Golf Club,NY,Grand Island,Gold,75.5,135,,,7389,4 4 5 4 3 4 5 3 4 4 4 5 4 3 4 3 5 4,17 3 15 1 11 13 5 9 7 10 4 8 6 16 14 12 18 2
River Oaks Golf Club,NY,Grand Island,Blue,73.4,131,,,6814,4 4 5 4 3 4 5 3 4 4 4 5 4 3 4 3 5 4,17 3 15 1 11 13 5 9 7 10 4 8 6 16 14 12 18 2
River Oaks Golf Club,NY,Grand Island,White,72.0,125,,,6563,4 4 5 4 3 4 5 3 4 4 4 5 4 3 4 3 5 4,17 3 15 1 11 13 5 9 7 10 4 8 6 16 14 12 18 2
River Oaks Golf Club,NY,Grand Island,Red,72.6,119,,,5747,4 4 5 4 3 4 5 3 4 4 4 5 4 3 4 3 5 4,17 3 15 1 11 13 5 9 7 10 4 8 6 16 14 12 18 2
Glens Falls Country Club,NY,Queensbury,Blue,71.2,133,,,6432,5 4 3 5 4 4 4 4 3 4 4 3 4 4 4 5 4 3,11 1 13 7 5 3 17 9 15 16 4 8 2 6 12 10 14 18
Glens Falls Country Club,NY,Queensbury,White,70.1,131,76.2,140,6112,5 4 3 5 4 4 4 4 3 4 4 3 4 4 4 5 4 3,11 1 13 7 5 3 17 9 15 16 4 8 2 6 12 10 14 18
Glens Falls Country Club,NY,Queensbury,Green,67.5,126,,,5594,5 4 3 5 4 4 4 4 3 4 4 3 4 4 4 5 4 3,11 1 13 7 5 3 17 9 15 16 4 8 2 6 12 10 14 18
Glens Falls Country Club,NY,Queensbury,Yellow (W),72.3,129,72.3,129,,5 4 3 5 4 4 4 4 3 4 4 3 4 4 4 5 4 3,11 1 13 7 5 3 17 9 15 16 4 8 2 6 12 10 14 18
Glens Falls Country Club,NY,Queensbury,Red (W),68.0,120,68.0,120,,5 4 3 5 4 4 4 4 3 4 4 3 4 4 4 5 4 3,11 1 13 7 5 3 17 9 15 16 4 8 2 6 12 10 14 18
Brookville Country Club,NY,Glen Head,Black,71.5,131,,,6625,5 4 3 4 4 4 3 4 4 4 3 4 4 5 4 3 4 5,13 5 7 15 11 1 17 9 3 8 18 16 12 2 14 10 6 4
Brookville Country Club,NY,Glen Head,White,70.1,127,,,6308,5 4 3 4 4 4 3 4 4 4 3 4 4 5 4 3 4 5,13 5 7 15 11 1 17 9 3 8 18 16 12 2 14 10 6 4
Brookville Country Club,NY,Glen Head,Gold,68.9,126,,,6042,5 4 3 4 4 4 3 4 4 4 3 4 4 5 4 3 4 5,13 5 7 15 11 1 17 9 3 8 18 16 12 2 14 10 6 4
Brookville Country Club,NY,Glen Head,Green (W),71.6,122,71.6,122,,5 4 3 4 4 4 3 4 4 4 3 4 4 5 4 3 4 5,13 5 7 15 11 1 17 9 3 8 18 16 12 2 14 10 6 4
Chestnut Hill Country Club,NY,Darien Center,Blue,72.0,121,,,6653,5 3 4 4 4 3 5 4 4 5 3 4 4 4 4 4 3 5,5 17 9 7 11 15 1 3 13 4 16 14 8 12 2 10 18 6
Chestnut Hill Country Club,NY,Darien Center,White,71.0,120,,,6435,5 3 4 4 4 3 5 4 4 5 3 4 4 4 4 4 3 5,5 17 9 7 11 15 1 3 13 4 16 14 8 12 2 10 18 6
Chestnut Hill Country Club,NY,Darien Center,Green,68.5,114,,,5533,5 3 4 4 4 3 5 4 4 5 3 4 4 4 4 4 3 5,5 17 9 7 11 15 1 3 13 4 16 14 8 12 2 10 18 6
Chestnut Hill Country Club,NY,Darien Center,Red,71.4,117,,,5466,5 3 4 4 4 3 5 4 4 5 3 4 4 4 4 4 3 5,5 17 9 7 11 15 1 3 13 4 16 14 8 12 2 10 18 6
Brook-Lea Country Club,NY,Rochester,Blue,73.1,125,,,6810,4 5 3 4 4 4 5 4 3 5 5 3 4 4 4 4 4 3,15 5 7 3 13 1 11 9 17 14 6 18 2 12 8 10 4 16
Brook-Lea Country Club,NY,Rochester,White,71.3,123,78.0,141,6404,4 5 3 4 4 4 5 4 3 5 5 3 4 4 4 4 4 3,15 5 7 3 13 1 11 9 17 14 6 18 2 12 8 10 4 16
Brook-Lea Country Club,NY,Rochester,Gold,69.1,121,75.5,134,5973,4 5 3 4 4 4 5 4 3 5 5 3 4 4 4 4 4 3,15 5 7 3 13 1 11 9 17 14 6 18 2 12 8 10 4 16
Brook-Lea Country Club,NY,Rochester,Red,68.6,119,75.4,132,5888,4 5 3 4 4 4 5 4 3 5 5 3 4 4 4 4 4 3,15 5 7 3 13 1 11 9 17 14 6 18 2 12 8 10 4 16
Brook-Lea Country Club,NY,Rochester,Red/Green,66.0,119,72.6,127,5382,4 5 3 4 4 4 5 4 3 5 5 3 4 4 4 4 4 3,15 5 7 3 13 1 11 9 17 14 6 18 2 12 8 10 4 16
Brook-Lea Country Club,NY,Rochester,Green,62.4,112,67.3,122,4563,4 5 3 4 4 4 5 4 3 5 5 3 4 4 4 4 4 3,15 5 7 3 13 1 11 9 17 14 6 18 2 12 8 10 4 16
Midvale Country Club,NY,Penfield,Black,72.9,132,,,6632,4 4 5 3 4 4 4 5 3 5 4 4 3 4 4 4 5 3,11 9 3 15 7 5 13 1 17 6 10 12 16 2 8 18 4 14
Midvale Country Club,NY,Penfield,Blue,71.1,132,,,6273,4 4 5 3 4 4 4 5 3 5 4 4 3 4 4 4 5 3,11 9 3 15 7 5 13 1 17 6 10 12 16 2 8 18 4 14
Midvale Country Club,NY,Penfield,White,69.7,128,,,6007,4 4 5 3 4 4 4 5 3 5 4 4 3 4 4 4 5 3,11 9 3 15 7 5 13 1 17 6 10 12 16 2 8 18 4 14
Midvale Country Club,NY,Penfield,Red (W),74.1,131,74.1,131,,4 4 5 3 4 4 4 5 3 5 4 4 3 4 4 4 5 3,11 9 3 15 7 5 13 1 17 6 10 12 16 2 8 18 4 14
Elma Meadows Golf Course,NY,Elma,Black,71.5,128,,,6568,4 4 4 4 4 3 5 4 3 4 4 4 4 5 3 4 3 4,13 1 3 7 9 15 11 17 5 4 10 6 16 14 18 8 12 2
Elma Meadows Golf Course,NY,Elma,White,70.0,123,71.2,125,6232,4 4 4 4 4 3 5 4 3 4 4 4 4 5 3 4 3 4,13 1 3 7 9 15 11 17 5 4 10 6 16 14 18 8 12 2
Elma Meadows Golf Course,NY,Elma,Gold,65.0,106,,,5306,4 4 4 4 4 3 5 4 3 4 4 4 4 5 3 4 3 4,13 1 3 7 9 15 11 17 5 4 10 6 16 14 18 8 12 2
Elma Meadows Golf Course,NY,Elma,Red (W),68.3,109,68.3,109,,4 4 4 4 4 3 5 4 3 4 4 4 4 5 3 4 3 4,13 1 3 7 9 15 11 17 5 4 10 6 16 14 18 8 12 2
Niagara-Orleans County Club,NY,Gasport,White,65.0,106,,,5998,,1 5 15 13 17 11 7 9 3 8 12 6 14 10 16 4 18 2
Niagara-Orleans County Club,NY,Gasport,Red,70.0,106,,,5097,,1 5 15 13 17 11 7 9 3 8 12 6 14 10 16 4 18 2
Bellevue Golf and Country Club,NY,Syracuse,Blue,72.2,133,,,6540,,3 7 17 1 13 11 15 9 5 14 6 12 16 4 18 2 10 8
Bellevue Golf and Country Club,NY,Syracuse,White,70.5,130,,,6157,,3 7 17 1 13 11 15 9 5 14 6 12 16 4 18 2 10 8
Bellevue Golf and Country Club,NY,Syracuse,Red (W),72.2,122,72.2,122,,,3 7 17 1 13 11 15 9 5 14 6 12 16 4 18 2 10 8
Buffalo Tournament Club,NY,Lancaster,Champion,74.7,120,,,6858,,11 9 13 1 15 7 5 17 3 8 6 18 10 2 16 4 14 12
Buffalo Tournament Club,NY,Lancaster,Intermediate,72.1,119,,,6364,,11 9 13 1 15 7 5 17 3 8 6 18 10 2 16 4 14 12
Buffalo Tournament Club,NY,Lancaster,Standard,69.7,115,,,5929,,11 9 13 1 15 7 5 17 3 8 6 18 10 2 16 4 14 12
Buffalo Tournament Club,NY,Lancaster,Forward,67.6,112,,,4743,,11 9 13 1 15 7 5 17 3 8 6 18 10 2 16 4 14 12
Saratoga National Golf Course,NY,Saratoga Springs,Professional,75.3,144,,,7241,4 4 4 5 3 5 3 4 4 5 4 3 5 4 3 4 4 4,8 16 10 6 14 2 12 4 18 9 3 11 1 5 13 17 15 7
Saratoga National Golf Course,NY,Saratoga Springs,Championship,72.7,139,,,6705,4 4 4 5 3 5 3 4 4 5 4 3 5 4 3 4 4 4,8 16 10 6 14 2 12 4 18 9 3 11 1 5 13 17 15 7
Saratoga National Golf Course,NY,Saratoga Springs,Preferred,70.3,131,,,6204,4 4 4 5 3 5 3 4 4 5 4 3 5 4 3 4 4 4,8 16 10 6 14 2 12 4 18 9 3 11 1 5 13 17 15 7
Saratoga National Golf Course,NY,Saratoga Springs,Preferred Plus,67.7,122,72.6,134,5293,4 4 4 5 3 5 3 4 4 5 4 3 5 4 3 4 4 4,8 16 10 6 14 2 12 4 18 9 3 11 1 5 13 17 15 7
Saratoga National Golf Course,NY,Saratoga Springs,Forward (W),69.3,121,69.3,121,,4 4 4 5 3 5 3 4 4 5 4 3 5 4 3 4 4 4,8 16 10 6 14 2 12 4 18 9 3 11 1 5 13 17 15 7
Van Schaick Island Country Club,NY,Cohoes,Back (18-hole),71.2,125,,,6414,5 4 4 4 5 3 4 4 3,
Van Schaick Island Country Club,NY,Cohoes,Middle (18-hole),68.7,121,,,6049,5 4 4 4 5 3 4 4 3,
Van Schaick Island Country Club,NY,Cohoes,Forward (18-hole),65.3,114,71.3,126,5345,5 4 4 4 5 3 4 4 3,
Windy Hills Golf Course,NY,Greenwich,White,69.5,117,,,6023,,5 12 17 6 14 2 15 3 1 9 4 10 13 8 7 11 18 16
Windy Hills Golf Course,NY,Greenwich,Gold,66.2,109,,,5326,,5 12 17 6 14 2 15 3 1 9 4 10 13 8 7 11 18 16
Windy Hills Golf Course,NY,Greenwich,Red,69.6,112,,,4920,,5 12 17 6 14 2 15 3 1 9 4 10 13 8 7 11 18 16
Fenway Golf Club,NY,Scarsdale,Black,73.5,140,,,6706,,17 5 11 15 1 9 7 13 3 2 10 4 8 6 16 12 18 14
Fenway Golf Club,NY,Scarsdale,Blue,72.2,138,,,6512,,17 5 11 15 1 9 7 13 3 2 10 4 8 6 16 12 18 14
Fenway Golf Club,NY,Scarsdale,Green,71.0,136,,,6230,,17 5 11 15 1 9 7 13 3 2 10 4 8 6 16 12 18 14
Fenway Golf Club,NY,Scarsdale,Tillie (W),69.9,134,69.9,134,,,17 5 11 15 1 9 7 13 3 2 10 4 8 6 16 12 18 14
Fenway Golf Club,NY,Scarsdale,White,68.1,130,73.3,135,5590,,17 5 11 15 1 9 7 13 3 2 10 4 8 6 16 12 18 14
Quaker Ridge Golf Club,NY,Scarsdale,Black,74.8,140,,,7008,5 4 4 4 3 4 4 4 3 3 4 4 3 5 4 4 4 4,7 9 5 11 17 1 3 13 15 18 10 2 14 6 12 4 16 8
Quaker Ridge Golf Club,NY,Scarsdale,Blue,72.0,138,,,6456,5 4 4 4 3 4 4 4 3 3 4 4 3 5 4 4 4 4,7 9 5 11 17 1 3 13 15 18 10 2 14 6 12 4 16 8
Quaker Ridge Golf Club,NY,Scarsdale,White,70.7,134,77.5,145,6163,5 4 4 4 3 4 4 4 3 3 4 4 3 5 4 4 4 4,7 9 5 11 17 1 3 13 15 18 10 2 14 6 12 4 16 8
Quaker Ridge Golf Club,NY,Scarsdale,Green,68.3,131,75.1,141,5706,5 4 4 4 3 4 4 4 3 3 4 4 3 5 4 4 4 4,7 9 5 11 17 1 3 13 15 18 10 2 14 6 12 4 16 8
Quaker Ridge Golf Club,NY,Scarsdale,Gold,65.3,124,70.8,130,5128,5 4 4 4 3 4 4 4 3 3 4 4 3 5 4 4 4 4,7 9 5 11 17 1 3 13 15 18 10 2 14 6 12 4 16 8
Bonnie Briar Country Club,NY,Larchmont,Blue,71.7,134,,,6385,,6 12 16 10 18 2 14 4 8 13 3 11 1 9 17 7 5 15
Bonnie Briar Country Club,NY,Larchmont,Blue/White,70.9,133,,,6217,,6 12 16 10 18 2 14 4 8 13 3 11 1 9 17 7 5 15
Bonnie Briar Country Club,NY,Larchmont,White,70.1,129,74.6,133,5979,,6 12 16 10 18 2 14 4 8 13 3 11 1 9 17 7 5 15
Bonnie Briar Country Club,NY,Larchmont,Green,67.1,121,71.6,131,5419,,6 12 16 10 18 2 14 4 8 13 3 11 1 9 17 7 5 15
Leewood Golf Club,NY,Eastchester,Black,72.5,140,,,6420,,2 10 6 8 4 18 12 14 16 7 17 3 15 5 1 9 13 11
Leewood Golf Club,NY,Eastchester,Blue,71.4,138,,,6180,,2 10 6 8 4 18 12 14 16 7 17 3 15 5 1 9 13 11
Leewood Golf Club,NY,Eastchester,White,70.0,135,75.1,139,5915,,2 10 6 8 4 18 12 14 16 7 17 3 15 5 1 9 13 11
Leewood Golf Club,NY,Eastchester,Green,66.8,130,,,5315,,2 10 6 8 4 18 12 14 16 7 17 3 15 5 1 9 13 11
Leewood Golf Club,NY,Eastchester,Red (W),71.0,128,71.0,128,,,2 10 6 8 4 18 12 14 16 7 17 3 15 5 1 9 13 11
Lake Isle Country Club,NY,Eastchester,Blue,69.0,120,,,6009,5 4 4 4 4 4 4 4 4 4 4 4 4 4 4 3 3 3,13 11 17 1 7 3 15 5 9 18 8 4 12 14 6 2 10 16
Lake Isle Country Club,NY,Eastchester,White,67.4,117,,,5770,5 4 4 4 4 4 4 4 4 4 4 4 4 4 4 3 3 3,13 11 17 1 7 3 15 5 9 18 8 4 12 14 6 2 10 16
Lake Isle Country Club,NY,Eastchester,Red (W),70.1,120,70.1,120,,5 4 4 4 4 4 4 4 4 4 4 4 4 4 4 3 3 3,13 11 17 1 7 3 15 5 9 18 8 4 12 14 6 2 10 16
Siwanoy Country Club,NY,Bronxville,Plate,72.5,137,,,6626,,13 1 17 11 5 15 3 7 9 8 18 16 14 4 2 6 12 10
Siwanoy Country Club,NY,Bronxville,Black,71.1,134,,,6383,,13 1 17 11 5 15 3 7 9 8 18 16 14 4 2 6 12 10
Siwanoy Country Club,NY,Bronxville,White,69.4,129,,,6012,,13 1 17 11 5 15 3 7 9 8 18 16 14 4 2 6 12 10
Siwanoy Country Club,NY,Bronxville,Green,67.0,124,,,5478,,13 1 17 11 5 15 3 7 9 8 18 16 14 4 2 6 12 10
Siwanoy Country Club,NY,Bronxville,Green/Red Combo,70.3,125,,,5075,,13 1 17 11 5 15 3 7 9 8 18 16 14 4 2 6 12 10
Siwanoy Country Club,NY,Bronxville,Red,68.3,125,,,4768,,13 1 17 11 5 15 3 7 9 8 18 16 14 4 2 6 12 10
Scarsdale Country Club,NY,Hartsdale,Blue,71.6,137,,,6350,4 3 4 4 3 5 4 4 4 5 3 4 4 4 3 4 4 5,11 17 9 5 15 7 3 1 13 10 18 4 14 2 16 6 12 8
Scarsdale Country Club,NY,Hartsdale,White,70.2,134,,,6045,4 3 4 4 3 5 4 4 4 5 3 4 4 4 3 4 4 5,11 17 9 5 15 7 3 1 13 10 18 4 14 2 16 6 12 8
Scarsdale Country Club,NY,Hartsdale,Slate,67.8,129,72.0,129,5335,4 3 4 4 3 5 4 4 4 5 3 4 4 4 3 4 4 5,11 17 9 5 15 7 3 1 13 10 18 4 14 2 16 6 12 8
Scarsdale Country Club,NY,Hartsdale,Slate/Red (W),68.8,120,68.8,120,,4 3 4 4 3 5 4 4 4 5 3 4 4 4 3 4 4 5,11 17 9 5 15 7 3 1 13 10 18 4 14 2 16 6 12 8
Scarsdale Country Club,NY,Hartsdale,Red (W),67.9,118,67.9,118,,4 3 4 4 3 5 4 4 4 5 3 4 4 4 3 4 4 5,11 17 9 5 15 7 3 1 13 10 18 4 14 2 16 6 12 8
Sunningdale Country Club,NY,Scarsdale,Black,73.4,135,,,6820,,11 13 15 9 5 1 7 17 3 2 16 18 4 10 12 6 14 8
Sunningdale Country Club,NY,Scarsdale,Blue,72.2,132,,,6555,,11 13 15 9 5 1 7 17 3 2 16 18 4 10 12 6 14 8
Sunningdale Country Club,NY,Scarsdale,Blue/White,71.4,129,,,6370,,11 13 15 9 5 1 7 17 3 2 16 18 4 10 12 6 14 8
Sunningdale Country Club,NY,Scarsdale,White,70.3,127,,,6140,,11 13 15 9 5 1 7 17 3 2 16 18 4 10 12 6 14 8
Sunningdale Country Club,NY,Scarsdale,Gold (W),73.4,133,73.4,133,,,11 13 15 9 5 1 7 17 3 2 16 18 4 10 12 6 14 8
Sunningdale Country Club,NY,Scarsdale,Green,67.6,122,,,5610,,11 13 15 9 5 1 7 17 3 2 16 18 4 10 12 6 14 8
Sunningdale Country Club,NY,Scarsdale,Red (W),70.4,126,70.4,126,,,11 13 15 9 5 1 7 17 3 2 16 18 4 10 12 6 14 8
Westchester Hills Golf Club,NY,White Plains,Blue,71.4,132,,,6358,4 4 3 4 3 5 4 5 4 4 4 3 4 3 4 3 5 4,11 1 13 3 9 5 7 15 17 6 8 12 4 14 2 18 10 16
Westchester Hills Golf Club,NY,White Plains,White,70.3,128,,,6113,4 4 3 4 3 5 4 5 4 4 4 3 4 3 4 3 5 4,11 1 13 3 9 5 7 15 17 6 8 12 4 14 2 18 10 16
Westchester Hills Golf Club,NY,White Plains,Gold,68.2,124,73.4,130,5671,4 4 3 4 3 5 4 5 4 4 4 3 4 3 4 3 5 4,11 1 13 3 9 5 7 15 17 6 8 12 4 14 2 18 10 16
Westchester Hills Golf Club,NY,White Plains,Red,67.9,116,71.3,127,5452,4 4 3 4 3 5 4 5 4 4 4 3 4 3 4 3 5 4,11 1 13 3 9 5 7 15 17 6 8 12 4 14 2 18 10 16
Maple Moor Golf Course,NY,White Plains,Blue,71.0,129,,,6374,4 3 5 4 4 5 3 4 4 4 3 5 4 4 3 4 4 4,7 9 5 16 2 11 13 14 1 6 18 12 17 4 8 15 10 3
Maple Moor Golf Course,NY,White Plains,White,69.2,121,,,6065,4 3 5 4 4 5 3 4 4 4 3 5 4 4 3 4 4 4,7 9 5 16 2 11 13 14 1 6 18 12 17 4 8 15 10 3
Maple Moor Golf Course,NY,White Plains,Gold,71.9,116,,,5719,4 3 5 4 4 5 3 4 4 4 3 5 4 4 3 4 4 4,7 9 5 16 2 11 13 14 1 6 18 12 17 4 8 15 10 3
Maple Moor Golf Course,NY,White Plains,Red (W),71.8,124,71.8,124,,4 3 5 4 4 5 3 4 4 4 3 5 4 4 3 4 4 4,7 9 5 16 2 11 13 14 1 6 18 12 17 4 8 15 10 3
Harrison Meadows Country Club,NY,Harrison,Blue,71.5,138,,,6610,4 3 4 3 4 4 3 4 5 5 4 3 4 4 5 3 4 5,6 18 4 14 8 2 16 12 10 13 5 3 7 17 1 15 11 9
Harrison Meadows Country Club,NY,Harrison,Blue/White,70.2,129,,,6325,4 3 4 3 4 4 3 4 5 5 4 3 4 4 5 3 4 5,6 18 4 14 8 2 16 12 10 13 5 3 7 17 1 15 11 9
Harrison Meadows Country Club,NY,Harrison,White,70.1,135,,,6175,4 3 4 3 4 4 3 4 5 5 4 3 4 4 5 3 4 5,6 18 4 14 8 2 16 12 10 13 5 3 7 17 1 15 11 9
Harrison Meadows Country Club,NY,Harrison,Woman Pro,70.1,135,,,6013,4 3 4 3 4 4 3 4 5 5 4 3 4 4 5 3 4 5,6 18 4 14 8 2 16 12 10 13 5 3 7 17 1 15 11 9
Harrison Meadows Country Club,NY,Harrison,Red (W),72.1,130,72.1,130,,4 3 4 3 4 4 3 4 5 5 4 3 4 4 5 3 4 5,6 18 4 14 8 2 16 12 10 13 5 3 7 17 1 15 11 9
Saxon Woods Golf Course,NY,Scarsdale,Blue,70.2,122,,,6293,4 3 5 3 4 4 3 5 4 4 4 4 5 4 4 3 4 4,11 9 3 17 1 13 15 5 7 4 14 8 6 12 10 18 2 16
Saxon Woods Golf Course,NY,Scarsdale,White,68.8,120,,,6128,4 3 5 3 4 4 3 5 4 4 4 4 5 4 4 3 4 4,11 9 3 17 1 13 15 5 7 4 14 8 6 12 10 18 2 16
Saxon Woods Golf Course,NY,Scarsdale,Red (W),71.9,124,71.9,124,,4 3 5 3 4 4 3 5 4 4 4 4 5 4 4 3 4 4,11 9 3 17 1 13 15 5 7 4 14 8 6 12 10 18 2 16
Rye Golf Club,NY,Rye,Blue,71.8,131,,,6344,4 5 3 4 4 4 4 4 4 3 5 4 4 3 4 4 3 5,5 13 15 9 3 11 1 7 17 14 2 18 4 16 8 6 12 10
Rye Golf Club,NY,Rye,White,69.5,122,,,5925,4 5 3 4 4 4 4 4 4 3 5 4 4 3 4 4 3 5,5 13 15 9 3 11 1 7 17 14 2 18 4 16 8 6 12 10
Rye Golf Club,NY,Rye,Yellow,67.7,118,,,5396,4 5 3 4 4 4 4 4 4 3 5 4 4 3 4 4 3 5,5 13 15 9 3 11 1 7 17 14 2 18 4 16 8 6 12 10
Rye Golf Club,NY,Rye,Red (W),71.5,127,71.5,127,,4 5 3 4 4 4 4 4 4 3 5 4 4 3 4 4 3 5,5 13 15 9 3 11 1 7 17 14 2 18 4 16 8 6 12 10
Hampshire Country Club,NY,Mamaroneck,Blue,71.1,133,,,6313,5 3 4 5 4 4 3 4 3 4 3 4 4 4 4 5 4 4,10 18 6 2 4 8 16 12 14 15 17 1 13 7 5 9 3 11
Hampshire Country Club,NY,Mamaroneck,White,70.1,130,,,6055,5 3 4 5 4 4 3 4 3 4 3 4 4 4 4 5 4 4,10 18 6 2 4 8 16 12 14 15 17 1 13 7 5 9 3 11
Hampshire Country Club,NY,Mamaroneck,Red,73.7,133,,,5513,5 3 4 5 4 4 3 4 3 4 3 4 4 4 4 5 4 4,10 18 6 2 4 8 16 12 14 15 17 1 13 7 5 9 3 11
Hampshire Country Club,NY,Mamaroneck,Green,71.5,126,,,4984,5 3 4 5 4 4 3 4 3 4 3 4 4 4 4 5 4 4,10 18 6 2 4 8 16 12 14 15 17 1 13 7 5 9 3 11
Saranac Inn Golf and Country Club,NY,Saranac Lake,Blue,73.1,123,,,6602,4 5 3 4 4 4 3 4 5 5 4 4 4 3 4 3 4 5,3 1 13 11 7 9 5 17 15 14 4 10 18 16 12 8 6 2
Saranac Inn Golf and Country Club,NY,Saranac Lake,White,70.7,121,,,6377,4 5 3 4 4 4 3 4 5 5 4 4 4 3 4 3 4 5,3 1 13 11 7 9 5 17 15 14 4 10 18 16 12 8 6 2
Saranac Inn Golf and Country Club,NY,Saranac Lake,Gold,66.1,111,67.1,113,5277,4 5 3 4 4 4 3 4 5 5 4 4 4 3 4 3 4 5,3 1 13 11 7 9 5 17 15 14 4 10 18 16 12 8 6 2
Saranac Inn Golf and Country Club,NY,Saranac Lake,Red (W),66.0,112,66.0,112,,4 5 3 4 4 4 3 4 5 5 4 4 4 3 4 3 4 5,3 1 13 11 7 9 5 17 15 14 4 10 18 16 12 8 6 2
Pioneer Hills Golf Course,NY,Ballston Spa,Blue,69.5,116,,,5371,4 5 4 3 5 3 4 4 3 4 3 4 3 4 4 5 3 5,11 5 3 17 1 15 13 9 7 4 12 6 16 14 10 2 18 8
Amsterdam Municipal Golf Course,NY,Amsterdam,Blue,70.2,120,,,6702,,
Amsterdam Municipal Golf Course,NY,Amsterdam,White,70.2,120,,,6328,,
Amsterdam Municipal Golf Course,NY,Amsterdam,Red (W),70.2,110,70.2,110,,,
Valley View Golf Course;Valley View,NY,Utica,Championship,69.2,118,,,6786,4 5 4 4 4 3 4 4 4 4 4 4 4 3 4 4 5 3,15 11 1 5 7 17 3 9 13 14 4 8 2 16 6 10 12 18
Twin Ponds Golf & Country Club,NY,New York Mills,Blue,69.0,117,,,6254,,7 3 5 1 15 17 11 13 9 10 4 14 12 2 18 6 16 8
Twin Ponds Golf & Country Club,NY,New York Mills,White,67.3,115,,,5863,,7 3 5 1 15 17 11 13 9 10 4 14 12 2 18 6 16 8
Twin Ponds Golf & Country Club,NY,New York Mills,Gold,63.7,106,,,4940,,7 3 5 1 15 17 11 13 9 10 4 14 12 2 18 6 16 8
Twin Ponds Golf & Country Club,NY,New York Mills,Red (W),66.7,110,66.7,110,,,7 3 5 1 15 17 11 13 9 10 4 14 12 2 18 6 16 8
Corning Country Club,NY,Corning,Blue,70.3,125,,,6310,4 4 3 4 4 4 3 4 4 4 3 5 4 5 3 4 4 4,3 1 15 11 5 7 17 9 13 10 16 2 6 4 18 12 14 8
Corning Country Club,NY,Corning,White,69.3,123,75.6,131,6109,4 4 3 4 4 4 3 4 4 4 3 5 4 5 3 4 4 4,3 1 15 11 5 7 17 9 13 10 16 2 6 4 18 12 14 8
Corning Country Club,NY,Corning,Silver,67.8,117,,,5752,4 4 3 4 4 4 3 4 4 4 3 5 4 5 3 4 4 4,3 1 15 11 5 7 17 9 13 10 16 2 6 4 18 12 14 8
Corning Country Club,NY,Corning,Red (W),72.9,121,72.9,121,,4 4 3 4 4 4 3 4 4 4 3 5 4 5 3 4 4 4,3 1 15 11 5 7 17 9 13 10 16 2 6 4 18 12 14 8
Corning Country Club,NY,Corning,Gold,66.8,113,,,5467,4 4 3 4 4 4 3 4 4 4 3 5 4 5 3 4 4 4,3 1 15 11 5 7 17 9 13 10 16 2 6 4 18 12 14 8
Corning Country Club,NY,Corning,Green (W),68.8,115,68.8,115,,4 4 3 4 4 4 3 4 4 4 3 5 4 5 3 4 4 4,3 1 15 11 5 7 17 9 13 10 16 2 6 4 18 12 14 8
Sonyea Golf Course,NY,Sonyea,White,63.8,106,,,2650,5 3 3 4 4 4 3 4 4,
Sonyea Golf Course,NY,Sonyea,Red,66.3,108,,,2301,5 3 3 4 4 4 3 4 4,
Locust Hill Country Club,NY,Pittsford,Green,72.8,138,,,6615,4 4 4 5 3 4 3 5 3 4 5 4 4 4 3 4 5 4,5 9 13 1 17 3 11 7 15 10 2 4 8 14 18 16 12 6
Locust Hill Country Club,NY,Pittsford,White,72.0,134,,,6379,4 4 4 5 3 4 3 5 3 4 5 4 4 4 3 4 5 4,5 9 13 1 17 3 11 7 15 10 2 4 8 14 18 16 12 6
Locust Hill Country Club,NY,Pittsford,Blue,69.5,126,,,5860,4 4 4 5 3 4 3 5 3 4 5 4 4 4 3 4 5 4,5 9 13 1 17 3 11 7 15 10 2 4 8 14 18 16 12 6
Locust Hill Country Club,NY,Pittsford,Gold (W),74.1,135,74.1,135,,4 4 4 5 3 4 3 5 3 4 5 4 4 4 3 4 5 4,5 9 13 1 17 3 11 7 15 10 2 4 8 14 18 16 12 6
Ridgemont Country Club,NY,Rochester,Black,72.1,136,,,6503,4 4 4 3 5 4 3 4 5 3 5 4 3 4 4 4 4 5,9 1 11 17 7 3 13 15 5 18 4 10 16 2 12 14 6 8
Ridgemont Country Club,NY,Rochester,Blue,71.1,132,76.6,135,6228,4 4 4 3 5 4 3 4 5 3 5 4 3 4 4 4 4 5,9 1 11 17 7 3 13 15 5 18 4 10 16 2 12 14 6 8
Ridgemont Country Club,NY,Rochester,White,68.6,123,74.3,130,5714,4 4 4 3 5 4 3 4 5 3 5 4 3 4 4 4 4 5,9 1 11 17 7 3 13 15 5 18 4 10 16 2 12 14 6 8
Ridgemont Country Club,NY,Rochester,Gold,68.3,122,73.2,129,5625,4 4 4 3 5 4 3 4 5 3 5 4 3 4 4 4 4 5,9 1 11 17 7 3 13 15 5 18 4 10 16 2 12 14 6 8
Bath Country Club,NY,Bath,Blue,70.7,130,,,6407,5 4 4 3 5 3 4 4 4 4 4 3 4 4 3 5 4 4,17 7 11 9 1 5 13 3 15 10 16 12 2 6 14 4 8 18
Bath Country Club,NY,Bath,White,69.6,124,,,6069,5 4 4 3 5 3 4 4 4 4 4 3 4 4 3 5 4 4,17 7 11 9 1 5 13 3 15 10 16 12 2 6 14 4 8 18
Bath Country Club,NY,Bath,Gold,65.8,118,71.1,119,5655,5 4 4 3 5 3 4 4 4 4 4 3 4 4 3 5 4 4,17 7 11 9 1 5 13 3 15 10 16 12 2 6 14 4 8 18
Bath Country Club,NY,Bath,Red (W),70.8,118,70.8,118,,5 4 4 3 5 3 4 4 4 4 4 3 4 4 3 5 4 4,17 7 11 9 1 5 13 3 15 10 16 12 2 6 14 4 8 18
Transit Valley County Club,NY,East Amherst,Championship,71.6,128,,,6672,,
Durand Eastman Golf Course,NY,Rochester,Blue,70.0,122,,,6033,4 4 4 5 3 4 4 3 4 4 4 3 4 4 4 4 3 5,11 1 15 7 17 9 3 13 5 4 8 12 2 10 14 16 18 6
Durand Eastman Golf Course,NY,Rochester,White,69.1,120,,,5795,4 4 4 5 3 4 4 3 4 4 4 3 4 4 4 4 3 5,11 1 15 7 17 9 3 13 5 4 8 12 2 10 14 16 18 6
Durand Eastman Golf Course,NY,Rochester,Gold,67.0,116,,,5300,4 4 4 5 3 4 4 3 4 4 4 3 4 4 4 4 3 5,11 1 15 7 17 9 3 13 5 4 8 12 2 10 14 16 18 6
Durand Eastman Golf Course,NY,Rochester,Red (W),71.5,128,71.5,128,,4 4 4 5 3 4 4 3 4 4 4 3 4 4 4 4 3 5,11 1 15 7 17 9 3 13 5 4 8 12 2 10 14 16 18 6
Wild Wood Country Club,NY,Rush,Black,71.9,137,,,6473,4 4 5 4 3 5 4 3 4 4 4 4 3 4 4 4 3 5,5 1 13 11 17 3 7 15 9 12 8 2 18 14 6 10 16 4
Wild Wood Country Club,NY,Rush,Blue,70.2,131,,,6145,4 4 5 4 3 5 4 3 4 4 4 4 3 4 4 4 3 5,5 1 13 11 17 3 7 15 9 12 8 2 18 14 6 10 16 4
Wild Wood Country Club,NY,Rush,White,68.0,120,73.4,137,5520,4 4 5 4 3 5 4 3 4 4 4 4 3 4 4 4 3 5,5 1 13 11 17 3 7 15 9 12 8 2 18 14 6 10 16 4
Wild Wood Country Club,NY,Rush,Red,66.3,116,71.7,133,5331,4 4 5 4 3 5 4 3 4 4 4 4 3 4 4 4 3 5,5 1 13 11 17 3 7 15 9 12 8 2 18 14 6 10 16 4
Wild Wood Country Club,NY,Rush,Gold,63.3,107,68.1,119,4704,4 4 5 4 3 5 4 3 4 4 4 4 3 4 4 4 3 5,5 1 13 11 17 3 7 15 9 12 8 2 18 14 6 10 16 4
Irondequoit Country Club,NY,Rochester,Black,73.6,137,,,6830,4 3 5 3 4 3 5 4 5 4 4 4 4 4 3 4 4 5,4 10 8 12 14 18 16 2 6 7 3 17 1 11 13 9 5 15
Irondequoit Country Club,NY,Rochester,Blue,71.9,133,,,6451,4 3 5 3 4 3 5 4 5 4 4 4 4 4 3 4 4 5,4 10 8 12 14 18 16 2 6 7 3 17 1 11 13 9 5 15
Irondequoit Country Club,NY,Rochester,White,69.6,130,75.9,137,6007,4 3 5 3 4 3 5 4 5 4 4 4 4 4 3 4 4 5,4 10 8 12 14 18 16 2 6 7 3 17 1 11 13 9 5 15
Irondequoit Country Club,NY,Rochester,Gold,72.8,131,,,5436,4 3 5 3 4 3 5 4 5 4 4 4 4 4 3 4 4 5,4 10 8 12 14 18 16 2 6 7 3 17 1 11 13 9 5 15
Penfield Country Club,NY,Penfield,Blue,72.5,131,,,6690,5 4 4 4 3 4 4 3 4 5 4 3 4 4 5 3 4 4,7 9 1 15 11 5 17 13 3 14 6 12 4 2 10 18 16 8
Penfield Country Club,NY,Penfield,White,70.7,127,,,6405,5 4 4 4 3 4 4 3 4 5 4 3 4 4 5 3 4 4,7 9 1 15 11 5 17 13 3 14 6 12 4 2 10 18 16 8
Penfield Country Club,NY,Penfield,Gold,68.0,124,,,5836,5 4 4 4 3 4 4 3 4 5 4 3 4 4 5 3 4 4,7 9 1 15 11 5 17 13 3 14 6 12 4 2 10 18 16 8
Penfield Country Club,NY,Penfield,Red (W),72.2,122,72.2,122,,5 4 4 4 3 4 4 3 4 5 4 3 4 4 5 3 4 4,7 9 1 15 11 5 17 13 3 14 6 12 4 2 10 18 16 8
Monroe Golf Club,NY,Pittsford,Gold,73.5,130,,,6915,4 4 5 4 4 3 4 3 5 4 4 5 3 5 4 3 4 4,5 9 17 7 1 11 3 15 13 8 10 14 16 18 2 12 6 4
Monroe Golf Club,NY,Pittsford,Blue,72.4,128,,,6615,4 4 5 4 4 3 4 3 5 4 4 5 3 5 4 3 4 4,5 9 17 7 1 11 3 15 13 8 10 14 16 18 2 12 6 4
Monroe Golf Club,NY,Pittsford,Yellow,69.5,123,,,6169,4 4 5 4 4 3 4 3 5 4 4 5 3 5 4 3 4 4,5 9 17 7 1 11 3 15 13 8 10 14 16 18 2 12 6 4
Monroe Golf Club,NY,Pittsford,White,68.0,116,73.9,133,5833,4 4 5 4 4 3 4 3 5 4 4 5 3 5 4 3 4 4,5 9 17 7 1 11 3 15 13 8 10 14 16 18 2 12 6 4
Monroe Golf Club,NY,Pittsford,Red (W),70.7,127,70.7,127,,4 4 5 4 4 3 4 3 5 4 4 5 3 5 4 3 4 4,5 9 17 7 1 11 3 15 13 8 10 14 16 18 2 12 6 4
Eagle Vale Golf Club,NY,Fairport,Gold,72.3,128,,,6786,4 5 3 5 3 4 4 4 4 5 4 4 4 3 4 4 3 5,4 8 18 6 16 10 2 14 12 17 7 3 11 15 5 1 9 13
Eagle Vale Golf Club,NY,Fairport,White,70.0,123,74.1,130,6186,4 5 3 5 3 4 4 4 4 5 4 4 4 3 4 4 3 5,4 8 18 6 16 10 2 14 12 17 7 3 11 15 5 1 9 13
Eagle Vale Golf Club,NY,Fairport,Blue,71.2,126,,,6465,4 5 3 5 3 4 4 4 4 5 4 4 4 3 4 4 3 5,4 8 18 6 16 10 2 14 12 17 7 3 11 15 5 1 9 13
Eagle Vale Golf Club,NY,Fairport,Green,68.1,113,73.1,121,5826,4 5 3 5 3 4 4 4 4 5 4 4 4 3 4 4 3 5,4 8 18 6 16 10 2 14 12 17 7 3 11 15 5 1 9 13
Eagle Vale Golf Club,NY,Fairport,Red,66.4,113,72.6,120,5417,4 5 3 5 3 4 4 4 4 5 4 4 4 3 4 4 3 5,4 8 18 6 16 10 2 14 12 17 7 3 11 15 5 1 9 13
Onondaga Country Club,NY,Fayetteville,Blue,72.9,127,,,6529,,11 1 9 13 7 17 3 15 5 12 8 6 4 18 16 10 2 14
Onondaga Country Club,NY,Fayetteville,White,70.3,123,,,6147,,11 1 9 13 7 17 3 15 5 12 8 6 4 18 16 10 2 14
Onondaga Country Club,NY,Fayetteville,Red (W),71.2,122,71.2,122,,,11 1 9 13 7 17 3 15 5 12 8 6 4 18 16 10 2 14
Skaneateles Country Club,NY,Skaneateles,Black,71.2,132,,,6471,3 5 4 4 5 4 4 3 4 3 4 4 3 4 3 5 4 5,15 7 1 13 11 5 3 17 9 16 4 10 14 12 18 8 2 6
Skaneateles Country Club,NY,Skaneateles,Blue,70.0,129,75.0,133,6146,3 5 4 4 5 4 4 3 4 3 4 4 3 4 3 5 4 5,15 7 1 13 11 5 3 17 9 16 4 10 14 12 18 8 2 6
Skaneateles Country Club,NY,Skaneateles,White,66.7,125,72.0,129,5334,3 5 4 4 5 4 4 3 4 3 4 4 3 4 3 5 4 5,15 7 1 13 11 5 3 17 9 16 4 10 14 12 18 8 2 6
Skaneateles Country Club,NY,Skaneateles,Red,65.3,125,70.4,128,5035,3 5 4 4 5 4 4 3 4 3 4 4 3 4 3 5 4 5,15 7 1 13 11 5 3 17 9 16 4 10 14 12 18 8 2 6
Westvale Golf Club,NY,Camillus,Blue,66.2,100,,,5690,4 4 4 3 3 4 4 4 4 4 3 4 3 4 4 3 4 4,5 11 3 7 15 13 9 1 17 14 12 6 18 2 10 16 4 8
Westvale Golf Club,NY,Camillus,White,65.2,98,,,5430,4 4 4 3 3 4 4 4 4 4 3 4 3 4 4 3 4 4,5 11 3 7 15 13 9 1 17 14 12 6 18 2 10 16 4 8
Westvale Golf Club,NY,Camillus,Red/Gold (W),67.5,101,67.5,101,,4 4 4 3 3 4 4 4 4 4 3 4 3 4 4 3 4 4,5 11 3 7 15 13 9 1 17 14 12 6 18 2 10 16 4 8
Green Lakes State Park Golf Course,NY,Fayetteville,Blue,70.2,123,,,6212,4 3 4 3 4 3 5 4 5 5 4 5 3 4 4 3 4 4,2 10 8 18 4 12 16 6 14 9 1 3 17 13 5 15 11 7
Green Lakes State Park Golf Course,NY,Fayetteville,White,69.0,121,,,5920,4 3 4 3 4 3 5 4 5 5 4 5 3 4 4 3 4 4,2 10 8 18 4 12 16 6 14 9 1 3 17 13 5 15 11 7
Green Lakes State Park Golf Course,NY,Fayetteville,Red (W),70.6,120,70.6,120,,4 3 4 3 4 3 5 4 5 5 4 5 3 4 4 3 4 4,2 10 8 18 4 12 16 6 14 9 1 3 17 13 5 15 11 7
Atunyote at Turning Stone,NY,Vernon,Black,75.8,143,,,7315,4 4 3 4 5 3 4 5 4 4 3 5 4 4 4 3 4 5,17 7 11 13 9 15 5 3 1 14 8 12 10 18 4 16 2 6
Atunyote at Turning Stone,NY,Vernon,Blue,74.4,140,,,6998,4 4 3 4 5 3 4 5 4 4 3 5 4 4 4 3 4 5,17 7 11 13 9 15 5 3 1 14 8 12 10 18 4 16 2 6
Atunyote at Turning Stone,NY,Vernon,White,71.7,134,,,6561,4 4 3 4 5 3 4 5 4 4 3 5 4 4 4 3 4 5,17 7 11 13 9 15 5 3 1 14 8 12 10 18 4 16 2 6
Atunyote at Turning Stone,NY,Vernon,Gold,69.5,127,75.5,132,6069,4 4 3 4 5 3 4 5 4 4 3 5 4 4 4 3 4 5,17 7 11 13 9 15 5 3 1 14 8 12 10 18 4 16 2 6
Atunyote at Turning Stone,NY,Vernon,Red (W),69.8,120,69.8,120,,4 4 3 4 5 3 4 5 4 4 3 5 4 4 4 3 4 5,17 7 11 13 9 15 5 3 1 14 8 12 10 18 4 16 2 6
Crestwood Golf Club,NY,Marcy,Blue,72.4,115,,,7028,4 5 5 4 4 3 4 3 4 4 4 3 4 3 5 4 4 5,11 1 13 7 5 17 3 15 9 16 4 8 6 18 12 2 10 14
Crestwood Golf Club,NY,Marcy,White,71.0,113,,,6693,4 5 5 4 4 3 4 3 4 4 4 3 4 3 5 4 4 5,11 1 13 7 5 17 3 15 9 16 4 8 6 18 12 2 10 14
Crestwood Golf Club,NY,Marcy,Gold,67.5,109,73.1,120,6010,4 5 5 4 4 3 4 3 4 4 4 3 4 3 5 4 4 5,11 1 13 7 5 17 3 15 9 16 4 8 6 18 12 2 10 14
Crestwood Golf Club,NY,Marcy,Red (W),72.5,118,72.5,118,,4 5 5 4 4 3 4 3 4 4 4 3 4 3 5 4 4 5,11 1 13 7 5 17 3 15 9 16 4 8 6 18 12 2 10 14
Lake Placid Club Golf Courses,NY,Lake Placid,Champ/Gold,71.3,126,,,6501,5 5 5 5 5 5 4 4 4 4 3 3 3 3 3 3 3 3,7 5 1 11 15 13 3 17 9 12 2 10 4 16 18 14 6 8
Lake Placid Club Golf Courses,NY,Lake Placid,Medal/Blue,68.1,120,72.5,120,5864,5 5 5 5 5 5 4 4 4 4 3 3 3 3 3 3 3 3,7 5 1 11 15 13 3 17 9 12 2 10 4 16 18 14 6 8
Lake Placid Club Golf Courses,NY,Lake Placid,Match/White,65.6,113,69.8,114,5527,5 5 5 5 5 5 4 4 4 4 3 3 3 3 3 3 3 3,7 5 1 11 15 13 3 17 9 12 2 10 4 16 18 14 6 8
Lake Placid Club Golf Courses,NY,Lake Placid,Forward/Green,64.1,108,68.0,110,4693,5 5 5 5 5 5 4 4 4 4 3 3 3 3 3 3 3 3,7 5 1 11 15 13 3 17 9 12 2 10 4 16 18 14 6 8
Tee-Bird Country Club - North,NY,Fort Edward,Blue,70.0,113,,,6165,4 3 4 4 3 5 3 4 5 5 3 4 4 3 5 4 3 4,13 15 5 11 7 9 17 1 3 4 8 14 10 2 12 6 18 16
Catskill Golf Club,NY,Catskill,Blue,71.8,135,,,6482,5 3 4 4 4 3 4 5 4 4 5 4 3 4 4 5 3 4,5 15 3 11 9 17 7 1 13 14 8 4 16 10 12 6 18 2
Catskill Golf Club,NY,Catskill,White,69.8,131,,,6013,5 3 4 4 4 3 4 5 4 4 5 4 3 4 4 5 3 4,5 15 3 11 9 17 7 1 13 14 8 4 16 10 12 6 18 2
Catskill Golf Club,NY,Catskill,Gold,64.7,110,,,5119,5 3 4 4 4 3 4 5 4 4 5 4 3 4 4 5 3 4,5 15 3 11 9 17 7 1 13 14 8 4 16 10 12 6 18 2
Catskill Golf Club,NY,Catskill,Red,67.9,114,,,4842,5 3 4 4 4 3 4 5 4 4 5 4 3 4 4 5 3 4,5 15 3 11 9 17 7 1 13 14 8 4 16 10 12 6 18 2
Caledonia Country Club,NY,Caledonia,Blue,71.2,121,,,6619,4 4 4 3 4 5 4 3 4 4 3 5 4 4 5 3 4 5,3 9 7 15 13 11 1 17 5 4 18 12 6 2 10 16 8 14
Caledonia Country Club,NY,Caledonia,White,69.6,118,75.1,122,6211,4 4 4 3 4 5 4 3 4 4 3 5 4 4 5 3 4 5,3 9 7 15 13 11 1 17 5 4 18 12 6 2 10 16 8 14
Caledonia Country Club,NY,Caledonia,Gold,68.6,117,73.5,120,5944,4 4 4 3 4 5 4 3 4 4 3 5 4 4 5 3 4 5,3 9 7 15 13 11 1 17 5 4 18 12 6 2 10 16 8 14
Caledonia Country Club,NY,Caledonia,Red,67.3,113,71.5,115,5554,4 4 4 3 4 5 4 3 4 4 3 5 4 4 5 3 4 5,3 9 7 15 13 11 1 17 5 4 18 12 6 2 10 16 8 14
18 Mile Creek Golf Course,NY,Hamburg,Blue,69.0,112,,,6169,4 3 5 3 4 4 4 4 4 4 3 5 4 4 3 4 4 4,11 15 1 7 13 9 17 5 3 10 18 8 2 14 16 12 4 6
18 Mile Creek Golf Course,NY,Hamburg,White,66.5,107,,,5630,4 3 5 3 4 4 4 4 4 4 3 5 4 4 3 4 4 4,11 15 1 7 13 9 17 5 3 10 18 8 2 14 16 12 4 6
18 Mile Creek Golf Course,NY,Hamburg,Red (W),69.5,105,69.5,105,,4 3 5 3 4 4 4 4 4 4 3 5 4 4 3 4 4 4,11 15 1 7 13 9 17 5 3 10 18 8 2 14 16 12 4 6
Lockport Town & Country Club,NY,Lockport,Black,72.4,130,,,6519,5 3 4 4 4 3 4 5 4 4 4 4 5 4 3 4 5 3,13 15 7 9 5 17 3 1 11 4 10 6 2 12 16 8 14 18
Lockport Town & Country Club,NY,Lockport,Blue,70.6,122,,,6073,5 3 4 4 4 3 4 5 4 4 4 4 5 4 3 4 5 3,13 15 7 9 5 17 3 1 11 4 10 6 2 12 16 8 14 18
Lockport Town & Country Club,NY,Lockport,White,68.2,119,73.0,124,5616,5 3 4 4 4 3 4 5 4 4 4 4 5 4 3 4 5 3,13 15 7 9 5 17 3 1 11 4 10 6 2 12 16 8 14 18
Lockport Town & Country Club,NY,Lockport,Red (W),69.5,116,69.5,116,,5 3 4 4 4 3 4 5 4 4 4 4 5 4 3 4 5 3,13 15 7 9 5 17 3 1 11 4 10 6 2 12 16 8 14 18
The Lynx at River Bend Golf Club,NY,Port Jervis,River,70.7,121,,,6257,5 4 4 4 5 3 4 4 3 4 4 3 4 3 4 5 4 5,15 1 3 5 17 7 11 13 9 2 8 6 10 18 12 16 4 14
The Lynx at River Bend Golf Club,NY,Port Jervis,Lynx,69.2,117,,,5874,5 4 4 4 5 3 4 4 3 4 4 3 4 3 4 5 4 5,15 1 3 5 17 7 11 13 9 2 8 6 10 18 12 16 4 14
The Lynx at River Bend Golf Club,NY,Port Jervis,Earth,66.1,111,67.1,113,5210,5 4 4 4 5 3 4 4 3 4 4 3 4 3 4 5 4 5,15 1 3 5 17 7 11 13 9 2 8 6 10 18 12 16 4 14
The Lynx at River Bend Golf Club,NY,Port Jervis,Sage,65.9,107,66.9,109,4611,5 4 4 4 5 3 4 4 3 4 4 3 4 3 4 5 4 5,15 1 3 5 17 7 11 13 9 2 8 6 10 18 12 16 4 14
Lochmor Golf Course,NY,Loch Sheldrake,Black,71.0,120,,,6550,,17 11 15 9 1 13 5 3 7 16 12 6 18 4 10 8 2 14
Lochmor Golf Course,NY,Loch Sheldrake,Green,69.8,118,,,6305,,17 11 15 9 1 13 5 3 7 16 12 6 18 4 10 8 2 14
Lochmor Golf Course,NY,Loch Sheldrake,Senior,69.8,118,,,5356,,17 11 15 9 1 13 5 3 7 16 12 6 18 4 10 8 2 14
Lochmor Golf Course,NY,Loch Sheldrake,Red (W),69.6,116,69.6,116,,,17 11 15 9 1 13 5 3 7 16 12 6 18 4 10 8 2 14
Grossinger Country Club,NY,Liberty,Blue,74.7,139,,,7004,5 5 5 4 4 4 4 4 4 4 4 4 4 4 3 3 3 3,3 9 1 11 17 7 13 15 5 14 18 2 8 4 6 10 16 12
Inness Golf Course,NY,Accord,Gold,71.4,132,,,6722,4 4 3 5 3 4 4 4 5,
Inness Golf Course,NY,Accord,Green,68.4,127,,,6110,4 4 3 5 3 4 4 4 5,
Inness Golf Course,NY,Accord,White,65.6,118,70.2,122,5468,4 4 3 5 3 4 4 4 5,
Inness Golf Course,NY,Accord,Orange,62.4,110,66.2,113,4652,4 4 3 5 3 4 4 4 5,
The Barracks Golf Course,NY,Plattsburgh,Championship/Blue,72.6,132,,,6857,4 4 4 3 4 5 3 5 4 5 4 3 4 4 4 3 4 5,6 16 8 18 10 2 14 4 12 3 5 15 13 11 9 17 7 1
The Barracks Golf Course,NY,Plattsburgh,Regular/White,69.7,119,,,6152,4 4 4 3 4 5 3 5 4 5 4 3 4 4 4 3 4 5,6 16 8 18 10 2 14 4 12 3 5 15 13 11 9 17 7 1
The Barracks Golf Course,NY,Plattsburgh,Women's/Red,68.7,115,,,5008,4 4 4 3 4 5 3 5 4 5 4 3 4 4 4 3 4 5,6 16 8 18 10 2 14 4 12 3 5 15 13 11 9 17 7 1
The Barracks Golf Course,NY,Plattsburgh,Senior/Gold,65.5,110,,,5008,4 4 4 3 4 5 3 5 4 5 4 3 4 4 4 3 4 5,6 16 8 18 10 2 14 4 12 3 5 15 13 11 9 17 7 1
Chautauqua Golf Club,NY,Chautauqua,Blue,70.8,124,,,6553,4 3 4 5 4 4 3 5 4 4 5 4 3 4 3 4 5 4,13 17 15 9 5 3 11 7 1 2 4 6 14 16 18 8 10 12
Chautauqua Golf Club,NY,Chautauqua,White,69.2,119,74.0,125,6018,4 3 4 5 4 4 3 5 4 4 5 4 3 4 3 4 5 4,13 17 15 9 5 3 11 7 1 2 4 6 14 16 18 8 10 12
Chautauqua Golf Club,NY,Chautauqua,Gold,66.1,115,71.3,118,5502,4 3 4 5 4 4 3 5 4 4 5 4 3 4 3 4 5 4,13 17 15 9 5 3 11 7 1 2 4 6 14 16 18 8 10 12
Chautauqua Golf Club,NY,Chautauqua,Red (W),69.0,113,69.0,113,,4 3 4 5 4 4 3 5 4 4 5 4 3 4 3 4 5 4,13 17 15 9 5 3 11 7 1 2 4 6 14 16 18 8 10 12
Livingston Country Club,NY,Geneseo,Blue,70.3,126,,,6462,4 3 4 5 4 5 4 4 3 4 3 4 3 5 4 5 4 4,8 6 10 12 18 14 4 2 16 3 17 11 13 7 9 15 1 5
Livingston Country Club,NY,Geneseo,White,69.4,125,,,6236,4 3 4 5 4 5 4 4 3 4 3 4 3 5 4 5 4 4,8 6 10 12 18 14 4 2 16 3 17 11 13 7 9 15 1 5
Livingston Country Club,NY,Geneseo,Gold,64.4,114,,,5312,4 3 4 5 4 5 4 4 3 4 3 4 3 5 4 5 4 4,8 6 10 12 18 14 4 2 16 3 17 11 13 7 9 15 1 5
Livingston Country Club,NY,Geneseo,Red,69.9,120,,,5241,4 3 4 5 4 5 4 4 3 4 3 4 3 5 4 5 4 4,8 6 10 12 18 14 4 2 16 3 17 11 13 7 9 15 1 5
Watkins Glen Golf Club,NY,Watkins Glen,Blue,69.2,117,,,2952,4 3 5 5 3 4 4 4 4,
Watkins Glen Golf Club,NY,Watkins Glen,White (W),70.2,119,70.2,119,,4 3 5 5 3 4 4 4 4,
Wellsville Country Club,NY,Wellsville,Blue,70.7,124,,,6253,4 4 3 4 4 4 5 5 4 4 3 4 5 3 4 4 4 3,9 13 17 3 1 15 5 7 11 2 18 4 6 16 8 10 12 14
Wellsville Country Club,NY,Wellsville,White,69.7,121,,,6001,4 4 3 4 4 4 5 5 4 4 3 4 5 3 4 4 4 3,9 13 17 3 1 15 5 7 11 2 18 4 6 16 8 10 12 14
Wellsville Country Club,NY,Wellsville,Yellow,67.9,118,72.3,123,5642,4 4 3 4 4 4 5 5 4 4 3 4 5 3 4 4 4 3,9 13 17 3 1 15 5 7 11 2 18 4 6 16 8 10 12 14
Wellsville Country Club,NY,Wellsville,Red (W),70.3,119,70.3,119,,4 4 3 4 4 4 5 5 4 4 3 4 5 3 4 4 4 3,9 13 17 3 1 15 5 7 11 2 18 4 6 16 8 10 12 14
Inlet Golf Club,NY,Inlet,White,70.2,119,,,6154,4 3 4 4 4 3 4 4 4 4 3 5 4 4 3 4 5 4,4 18 11 3 10 9 12 7 17 5 16 6 2 14 15 13 1 8
Inlet Golf Club,NY,Inlet,Red (W),71.0,118,71.0,118,,4 3 4 4 4 3 4 4 4 4 3 5 4 4 3 4 5 4,4 18 11 3 10 9 12 7 17 5 16 6 2 14 15 13 1 8
North Country Golf Club,NY,Rouses Point,Blue,71.0,126,,,6558,4 4 3 5 4 3 4 5 4 4 4 3 5 3 4 4 5 4,9 1 11 17 15 13 7 3 5 10 16 4 2 18 8 14 12 6
North Country Golf Club,NY,Rouses Point,White,68.0,117,,,6215,4 4 3 5 4 3 4 5 4 4 4 3 5 3 4 4 5 4,9 1 11 17 15 13 7 3 5 10 16 4 2 18 8 14 12 6
North Country Golf Club,NY,Rouses Point,Red,71.0,113,,,5325,4 4 3 5 4 3 4 5 4 4 4 3 5 3 4 4 5 4,9 1 11 17 15 13 7 3 5 10 16 4 2 18 8 14 12 6
Radisson Greens,NY,Baldwinsville,Blue,74.2,134,,,7010,5 3 5 4 4 4 3 4 4 4 3 4 4 4 3 5 4 5,13 15 1 11 5 9 17 3 7 2 18 10 4 12 16 8 14 6
Radisson Greens,NY,Baldwinsville,White,70.7,131,,,6360,5 3 5 4 4 4 3 4 4 4 3 4 4 4 3 5 4 5,13 15 1 11 5 9 17 3 7 2 18 10 4 12 16 8 14 6
Radisson Greens,NY,Baldwinsville,Gold,69.1,127,,,5954,5 3 5 4 4 4 3 4 4 4 3 4 4 4 3 5 4 5,13 15 1 11 5 9 17 3 7 2 18 10 4 12 16 8 14 6
Radisson Greens,NY,Baldwinsville,Red,70.0,124,,,5543,5 3 5 4 4 4 3 4 4 4 3 4 4 4 3 5 4 5,13 15 1 11 5 9 17 3 7 2 18 10 4 12 16 8 14 6
Radisson Greens,NY,Baldwinsville,Green,61.6,108,,,4019,5 3 5 4 4 4 3 4 4 4 3 4 4 4 3 5 4 5,13 15 1 11 5 9 17 3 7 2 18 10 4 12 16 8 14 6
Radisson Greens,NY,Baldwinsville,Orange,58.9,106,,,3277,5 3 5 4 4 4 3 4 4 4 3 4 4 4 3 5 4 5,13 15 1 11 5 9 17 3 7 2 18 10 4 12 16 8 14 6
Salmon Creek Country Club,NY,Spencerport,Men,71.0,128,,,6330,4 5 4 3 4 4 4 4 4 3 4 5 4 5 4 3 4 4,9 15 7 13 3 17 5 11 1 18 2 4 8 14 16 10 6 12
Salmon Creek Country Club,NY,Spencerport,Women,73.8,121,,,5495,4 5 4 3 4 4 4 4 4 3 4 5 4 5 4 3 4 4,9 15 7 13 3 17 5 11 1 18 2 4 8 14 16 10 6 12
Arrowhead Golf Course & Marina,NY,Spencerport,Blue,62.5,104,,,4454,4 4 4 3 3 3 3 4 4 4 3 4 4 4 4 4 4 4,7 3 5 15 13 1 17 9 11 8 18 2 6 14 10 4 16 12
Arrowhead Golf Course & Marina,NY,Spencerport,White,61.5,103,,,4277,4 4 4 3 3 3 3 4 4 4 3 4 4 4 4 4 4 4,7 3 5 15 13 1 17 9 11 8 18 2 6 14 10 4 16 12
Arrowhead Golf Course & Marina,NY,Spencerport,Red,60.2,101,,,3618,4 4 4 3 3 3 3 4 4 4 3 4 4 4 4 4 4 4,7 3 5 15 13 1 17 9 11 8 18 2 6 14 10 4 16 12
Vassar Golf Course,NY,Poughkeepsie,Men,31.8,104,,,2514,4 4 3 4 4 3 4 4 4,
Vassar Golf Course,NY,Poughkeepsie,Women,32.3,102,,,2514,4 4 3 4 4 3 4 4 4,
Wiltwyck Golf Club,NY,Kingston,Black,73.5,132,,,6877,4 5 4 4 3 4 5 3 4 4 3 5 4 4 4 3 5 4,11 13 5 7 9 15 1 17 3 2 18 12 16 4 6 14 10 8
Wiltwyck Golf Club,NY,Kingston,Blue,72.2,128,,,6578,4 5 4 4 3 4 5 3 4 4 3 5 4 4 4 3 5 4,11 13 5 7 9 15 1 17 3 2 18 12 16 4 6 14 10 8
Wiltwyck Golf Club,NY,Kingston,White,69.6,125,76.2,134,6074,4 5 4 4 3 4 5 3 4 4 3 5 4 4 4 3 5 4,11 13 5 7 9 15 1 17 3 2 18 12 16 4 6 14 10 8
Wiltwyck Golf Club,NY,Kingston,Gold,67.6,123,,,5675,4 5 4 4 3 4 5 3 4 4 3 5 4 4 4 3 5 4,11 13 5 7 9 15 1 17 3 2 18 12 16 4 6 14 10 8
Wiltwyck Golf Club,NY,Kingston,Red (W),73.3,125,73.3,125,,4 5 4 4 3 4 5 3 4 4 3 5 4 4 4 3 5 4,11 13 5 7 9 15 1 17 3 2 18 12 16 4 6 14 10 8
Patriot Hills Golf Club,NY,Stony Point,Gold,72.0,136,,,6485,4 4 5 4 5 4 3 4 3 3 4 4 3 5 4 5 3 4,6 12 8 2 10 14 18 4 16 15 5 7 13 11 1 3 17 9
Patriot Hills Golf Club,NY,Stony Point,Blue,70.4,134,,,6111,4 4 5 4 5 4 3 4 3 3 4 4 3 5 4 5 3 4,6 12 8 2 10 14 18 4 16 15 5 7 13 11 1 3 17 9
Patriot Hills Golf Club,NY,Stony Point,White,68.0,128,,,5599,4 4 5 4 5 4 3 4 3 3 4 4 3 5 4 5 3 4,6 12 8 2 10 14 18 4 16 15 5 7 13 11 1 3 17 9
Patriot Hills Golf Club,NY,Stony Point,Red,69.4,120,,,5101,4 4 5 4 5 4 3 4 3 3 4 4 3 5 4 5 3 4,6 12 8 2 10 14 18 4 16 15 5 7 13 11 1 3 17 9
West Point Golf Course,NY,West Point,Black,70.0,134,,,6036,4 3 4 5 4 3 5 4 3 4 3 4 3 4 4 3 5 5,5 15 9 11 3 17 1 7 13 12 10 2 18 6 16 14 4 8
West Point Golf Course,NY,West Point,Gray,68.0,130,,,5573,4 3 4 5 4 3 5 4 3 4 3 4 3 4 4 3 5 5,5 15 9 11 3 17 1 7 13 12 10 2 18 6 16 14 4 8
West Point Golf Course,NY,West Point,White,63.6,119,,,4940,4 3 4 5 4 3 5 4 3 4 3 4 3 4 4 3 5 5,5 15 9 11 3 17 1 7 13 12 10 2 18 6 16 14 4 8
West Point Golf Course,NY,West Point,Gold,62.4,113,,,4647,4 3 4 5 4 3 5 4 3 4 3 4 3 4 4 3 5 5,5 15 9 11 3 17 1 7 13 12 10 2 18 6 16 14 4 8
Windham Country Club,NY,Windham,Blue,70.5,130,,,6333,,17 5 13 1 15 3 11 9 7 8 14 16 4 10 6 18 2 12
Windham Country Club,NY,Windham,White,68.0,125,,,5780,,17 5 13 1 15 3 11 9 7 8 14 16 4 10 6 18 2 12
Windham Country Club,NY,Windham,Gold,64.4,110,,,5124,,17 5 13 1 15 3 11 9 7 8 14 16 4 10 6 18 2 12
Windham Country Club,NY,Windham,Red (W),67.6,118,67.6,118,,,17 5 13 1 15 3 11 9 7 8 14 16 4 10 6 18 2 12
Endwell Greens,NY,Endicott,Gold,74.4,138,,,7072,,
Endwell Greens,NY,Endicott,Blue,70.4,132,,,6313,,
Endwell Greens,NY,Endicott,White,68.1,123,,,5781,,
Endwell Greens,NY,Endicott,Green,66.5,113,71.5,122,5350,,
Endwell Greens,NY,Endicott,Red,69.3,117,,,5036,,
En-Joie Golf Club,NY,Endicott,Blue,72.1,135,,,6600,4 4 5 3 5 4 3 5 4 4 4 5 4 3 4 4 3 4,13 9 1 15 5 7 17 3 11 12 6 4 10 16 2 14 18 8
En-Joie Golf Club,NY,Endicott,White,69.4,129,,,6220,4 4 5 3 5 4 3 5 4 4 4 5 4 3 4 4 3 4,13 9 1 15 5 7 17 3 11 12 6 4 10 16 2 14 18 8
En-Joie Golf Club,NY,Endicott,Gold,65.9,121,,,5480,4 4 5 3 5 4 3 5 4 4 4 5 4 3 4 4 3 4,13 9 1 15 5 7 17 3 11 12 6 4 10 16 2 14 18 8
En-Joie Golf Club,NY,Endicott,Red,70.3,127,,,5150,4 4 5 3 5 4 3 5 4 4 4 5 4 3 4 4 3 4,13 9 1 15 5 7 17 3 11 12 6 4 10 16 2 14 18 8
En-Joie Golf Club,NY,Endicott,Silver,68.2,122,,,4770,4 4 5 3 5 4 3 5 4 4 4 5 4 3 4 4 3 4,13 9 1 15 5 7 17 3 11 12 6 4 10 16 2 14 18 8
Binghamton Country Club,NY,Endwell,Blue,71.0,124,,,6430,4 3 4 5 4 4 4 5 3 4 4 4 3 4 5 4 4 3,8 18 4 6 12 10 14 2 16 3 7 13 17 9 1 11 5 15
Binghamton Country Club,NY,Endwell,White,69.9,122,,,6140,4 3 4 5 4 4 4 5 3 4 4 4 3 4 5 4 4 3,8 18 4 6 12 10 14 2 16 3 7 13 17 9 1 11 5 15
Binghamton Country Club,NY,Endwell,Red (W),69.6,121,69.6,121,,4 3 4 5 4 4 4 5 3 4 4 4 3 4 5 4 4 3,8 18 4 6 12 10 14 2 16 3 7 13 17 9 1 11 5 15
Orchard Vali,NY,La Fayette,White,67.1,111,,,5798,,3 7 9 13 5 17 11 1 15 10 6 8 14 12 2 16 18 4
Orchard Vali,NY,La Fayette,Red (W),67.8,110,67.8,110,,,3 7 9 13 5 17 11 1 15 10 6 8 14 12 2 16 18 4
Canandaigua Country Club,NY,Canandaigua,Blue (18-hole),71.0,127,,,6294,4 3 4 4 3 4 4 4 5 4 3 4 5 3 5 4 4 4,10 16 8 4 18 2 14 6 12 5 11 1 15 17 13 9 7 3
Canandaigua Country Club,NY,Canandaigua,Blue/White (18-hole),69.6,127,,,5983,4 3 4 4 3 4 4 4 5 4 3 4 5 3 5 4 4 4,10 16 8 4 18 2 14 6 12 5 11 1 15 17 13 9 7 3
Canandaigua Country Club,NY,Canandaigua,White (18-hole),68.4,127,73.9,132,5762,4 3 4 4 3 4 4 4 5 4 3 4 5 3 5 4 4 4,10 16 8 4 18 2 14 6 12 5 11 1 15 17 13 9 7 3
Canandaigua Country Club,NY,Canandaigua,White/Red (18-hole),66.3,119,71.7,129,5388,4 3 4 4 3 4 4 4 5 4 3 4 5 3 5 4 4 4,10 16 8 4 18 2 14 6 12 5 11 1 15 17 13 9 7 3
Canandaigua Country Club,NY,Canandaigua,Red (18-hole),69.5,123,,,5024,4 3 4 4 3 4 4 4 5 4 3 4 5 3 5 4 4 4,10 16 8 4 18 2 14 6 12 5 11 1 15 17 13 9 7 3
Orchard Park Country Club,NY,Orchard Park,Blue,71.5,126,,,6481,4 3 4 4 5 3 4 4 5 3 4 4 4 4 5 3 5 4,3 15 7 17 1 13 9 5 11 14 12 2 6 16 8 18 4 10
Orchard Park Country Club,NY,Orchard Park,White,70.0,122,,,6094,4 3 4 4 5 3 4 4 5 3 4 4 4 4 5 3 5 4,3 15 7 17 1 13 9 5 11 14 12 2 6 16 8 18 4 10
Orchard Park Country Club,NY,Orchard Park,Red,73.1,125,,,5629,4 3 4 4 5 3 4 4 5 3 4 4 4 4 5 3 5 4,3 15 7 17 1 13 9 5 11 14 12 2 6 16 8 18 4 10
Harvest Hill Golf Club,NY,Orchard Park,Black,73.8,129,,,7021,4 5 4 4 3 5 3 4 4 5 4 3 5 4 3 4 3 5,6 14 4 10 18 8 12 16 2 9 13 17 5 15 11 1 3 7
Harvest Hill Golf Club,NY,Orchard Park,Gold,70.8,124,,,6433,4 5 4 4 3 5 3 4 4 5 4 3 5 4 3 4 3 5,6 14 4 10 18 8 12 16 2 9 13 17 5 15 11 1 3 7
Harvest Hill Golf Club,NY,Orchard Park,Silver,67.8,117,,,5812,4 5 4 4 3 5 3 4 4 5 4 3 5 4 3 4 3 5,6 14 4 10 18 8 12 16 2 9 13 17 5 15 11 1 3 7
Harvest Hill Golf Club,NY,Orchard Park,Bronze,68.9,119,,,5102,4 5 4 4 3 5 3 4 4 5 4 3 5 4 3 4 3 5,6 14 4 10 18 8 12 16 2 9 13 17 5 15 11 1 3 7
Harvest Hill Golf Club,NY,Orchard Park,Blue,65.7,106,,,4583,4 5 4 4 3 5 3 4 4 5 4 3 5 4 3 4 3 5,6 14 4 10 18 8 12 16 2 9 13 17 5 15 11 1 3 7
Canasawacta Country Club,NY,Norwich,Blue,69.9,120,,,6271,4 3 4 4 5 4 5 3 4 5 4 3 5 3 4 4 3 4,13 17 7 1 11 3 9 15 5 10 12 14 8 6 2 16 4 18
Canasawacta Country Club,NY,Norwich,White,69.5,118,,,6044,4 3 4 4 5 4 5 3 4 5 4 3 5 3 4 4 3 4,13 17 7 1 11 3 9 15 5 10 12 14 8 6 2 16 4 18
Canasawacta Country Club,NY,Norwich,Red,68.8,114,,,5166,4 3 4 4 5 4 5 3 4 5 4 3 5 3 4 4 3 4,13 17 7 1 11 3 9 15 5 10 12 14 8 6 2 16 4 18
Chenango Valley State Park Golf Course,NY,Chenango Forks,Championship,70.4,125,,,6478,4 4 3 5 4 4 5 3 4 5 4 3 5 4 4 3 4 4,12 6 16 2 10 14 4 18 8 7 1 17 5 9 13 15 3 11
Chenango Valley State Park Golf Course,NY,Chenango Forks,Regulation,69.3,120,,,6143,4 4 3 5 4 4 5 3 4 5 4 3 5 4 4 3 4 4,12 6 16 2 10 14 4 18 8 7 1 17 5 9 13 15 3 11
Chenango Valley State Park Golf Course,NY,Chenango Forks,Forward,69.4,127,,,5279,4 4 3 5 4 4 5 3 4 5 4 3 5 4 4 3 4 4,12 6 16 2 10 14 4 18 8 7 1 17 5 9 13 15 3 11
Watertown Golf Club,NY,Watertown,Blue,67.9,109,,,5780,,12 16 8 10 14 3 5 1 7 15 4 13 6 2 9 18 17 11
Watertown Golf Club,NY,Watertown,Red (W),70.3,114,70.3,114,,,12 16 8 10 14 3 5 1 7 15 4 13 6 2 9 18 17 11
Mcconnellsville Golf Club,NY,McConnellsville,Blue,70.4,125,,,6322,5 5 5 4 4 4 4 4 4 4 4 4 4 3 3 3 3 3,13 3 1 5 7 15 17 9 11 4 14 2 10 12 8 6 16 18
Mcconnellsville Golf Club,NY,McConnellsville,White,68.4,122,,,6066,5 5 5 4 4 4 4 4 4 4 4 4 4 3 3 3 3 3,13 3 1 5 7 15 17 9 11 4 14 2 10 12 8 6 16 18
Mcconnellsville Golf Club,NY,McConnellsville,Red/Gold,69.8,113,,,5539,5 5 5 4 4 4 4 4 4 4 4 4 4 3 3 3 3 3,13 3 1 5 7 15 17 9 11 4 14 2 10 12 8 6 16 18
Big Oak Public Golf Course,NY,Geneva,Blue,69.1,124,,,6125,4 4 4 4 3 4 3 5 4 3 4 4 4 4 5 4 3 4,9 5 1 17 15 7 11 3 13 16 6 12 14 2 4 18 10 8
Big Oak Public Golf Course,NY,Geneva,White,67.2,111,,,5550,4 4 4 4 3 4 3 5 4 3 4 4 4 4 5 4 3 4,9 5 1 17 15 7 11 3 13 16 6 12 14 2 4 18 10 8
Big Oak Public Golf Course,NY,Geneva,Red (W),68.5,112,68.5,112,,4 4 4 4 3 4 3 5 4 3 4 4 4 4 5 4 3 4,9 5 1 17 15 7 11 3 13 16 6 12 14 2 4 18 10 8
Davis Countryside Meadows,NY,Pavilion,White,68.1,112,74.4,125,6133,4 4 3 5 3 4 4 5 4 4 3 5 4 3 4 4 5 4,16 4 12 2 14 6 10 8 18 7 11 13 5 9 1 15 3 17
Davis Countryside Meadows,NY,Pavilion,Red,62.7,95,66.2,106,4771,4 4 3 5 3 4 4 5 4 4 3 5 4 3 4 4 5 4,16 4 12 2 14 6 10 8 18 7 11 13 5 9 1 15 3 17
Whiteface Club & Resort Golf Course,NY,Lake Placid,Blue,71.0,133,,,6244,4 4 3 4 4 5 4 3 4 4 3 4 4 3 4 4 5 5,14 6 16 10 7 3 12 17 8 13 18 11 15 5 4 9 2 1
Whiteface Club & Resort Golf Course,NY,Lake Placid,White (W) (W),75.5,142,75.5,142,,4 4 3 4 4 5 4 3 4 4 3 4 4 3 4 4 5 5,14 6 16 10 7 3 12 17 8 13 18 11 15 5 4 9 2 1
Whiteface Club & Resort Golf Course,NY,Lake Placid,White,70.0,130,,,5965,4 4 3 4 4 5 4 3 4 4 3 4 4 3 4 4 5 5,14 6 16 10 7 3 12 17 8 13 18 11 15 5 4 9 2 1
Whiteface Club & Resort Golf Course,NY,Lake Placid,Gold (W) (W),71.6,133,71.6,133,,4 4 3 4 4 5 4 3 4 4 3 4 4 3 4 4 5 5,14 6 16 10 7 3 12 17 8 13 18 11 15 5 4 9 2 1
Whiteface Club & Resort Golf Course,NY,Lake Placid,Gold,67.0,122,,,5222,4 4 3 4 4 5 4 3 4 4 3 4 4 3 4 4 5 5,14 6 16 10 7 3 12 17 8 13 18 11 15 5 4 9 2 1
Whiteface Club & Resort Golf Course,NY,Lake Placid,Red,65.4,119,,,5084,4 4 3 4 4 5 4 3 4 4 3 4 4 3 4 4 5 5,14 6 16 10 7 3 12 17 8 13 18 11 15 5 4 9 2 1
Whiteface Club & Resort Golf Course,NY,Lake Placid,Red (W) (W),70.0,130,70.0,130,,4 4 3 4 4 5 4 3 4 4 3 4 4 3 4 4 5 5,14 6 16 10 7 3 12 17 8 13 18 11 15 5 4 9 2 1
Town of Schroon Lake Golf Club,NY,Schroon Lake,White/Blue (18-hole),69.8,125,,,6105,4 3 3 4 4 5 5 4 4,
Town of Schroon Lake Golf Club,NY,Schroon Lake,Gold/Gold (18-hole),65.6,106,69.4,120,5142,4 3 3 4 4 5 5 4 4,
Town of Schroon Lake Golf Club,NY,Schroon Lake,Red/Red (18-hole) (W),67.7,118,67.7,118,,4 3 3 4 4 5 5 4 4,
Breezewood Links,NY,Falconer,White,67.0,112,,,5863,,
Maplehurst Country Club,NY,Lakewood,Men,66.0,113,,,6147,5 5 5 5 5 5 5 5 4 4 4 3 3 3 3 3 3 4,5 1 11 9 17 15 13 3 7 12 4 14 10 16 6 18 8 2
Maplehurst Country Club,NY,Lakewood,Ladies,68.0,111,,,5376,5 5 5 5 5 5 5 5 4 4 4 3 3 3 3 3 3 4,5 1 11 9 17 15 13 3 7 12 4 14 10 16 6 18 8 2
Peek'n Peak Resort,NY,Findley Lake,Blue,69.0,115,,,6260,5 3 4 4 5 4 4 3 4 4 3 4 4 4 5 3 5 4,7 17 11 13 1 9 15 3 5 2 18 6 16 10 14 12 4 8
Peek'n Peak Resort,NY,Findley Lake,Red,69.5,112,,,5328,5 3 4 4 5 4 4 3 4 4 3 4 4 4 5 3 5 4,7 17 11 13 1 9 15 3 5 2 18 6 16 10 14 12 4 8
South Hills Country Club,NY,Jamestown,Blue,68.8,118,,,6320,5 5 5 5 4 4 4 4 4 4 4 4 4 4 3 3 3 3,11 13 1 15 3 5 9 17 7 14 4 6 12 2 18 16 8 10
South Hills Country Club,NY,Jamestown,White,67.0,116,,,5680,5 5 5 5 4 4 4 4 4 4 4 4 4 4 3 3 3 3,11 13 1 15 3 5 9 17 7 14 4 6 12 2 18 16 8 10
South Hills Country Club,NY,Jamestown,Red (W),66.0,105,66.0,105,,5 5 5 5 4 4 4 4 4 4 4 4 4 4 3 3 3 3,11 13 1 15 3 5 9 17 7 14 4 6 12 2 18 16 8 10
Tri-County Country Club,NY,Forestville,Blue,73.3,125,,,6829,,
Tri-County Country Club,NY,Forestville,White,72.3,124,,,6571,,
Tri-County Country Club,NY,Forestville,Hybrid,69.6,122,,,6107,,
Tri-County Country Club,NY,Forestville,Gold,67.8,116,,,5675,,
Tri-County Country Club,NY,Forestville,Red (W),72.1,121,72.1,121,,,
Indian Hills State Golf Course,NY,Painted Post,Blue,72.2,130,,,6632,4 4 3 5 5 3 4 4 4 5 3 5 4 3 4 4 4 4,4 10 14 2 16 18 6 8 12 3 17 5 7 11 9 13 1 15
Indian Hills State Golf Course,NY,Painted Post,White,70.5,125,,,6290,4 4 3 5 5 3 4 4 4 5 3 5 4 3 4 4 4 4,4 10 14 2 16 18 6 8 12 3 17 5 7 11 9 13 1 15
Indian Hills State Golf Course,NY,Painted Post,Gold,65.1,112,,,5416,4 4 3 5 5 3 4 4 4 5 3 5 4 3 4 4 4 4,4 10 14 2 16 18 6 8 12 3 17 5 7 11 9 13 1 15
Indian Hills State Golf Course,NY,Painted Post,Red,68.9,120,,,4954,4 4 3 5 5 3 4 4 4 5 3 5 4 3 4 4 4 4,4 10 14 2 16 18 6 8 12 3 17 5 7 11 9 13 1 15
Braemar Country Club,NY,Spencerport,Blue,73.2,132,,,6767,4 4 3 5 4 4 5 3 4 4 3 4 4 4 5 5 3 4,7 15 13 1 9 3 5 17 11 8 18 14 10 4 6 2 16 12
Braemar Country Club,NY,Spencerport,White,71.1,128,,,6476,4 4 3 5 4 4 5 3 4 4 3 4 4 4 5 5 3 4,7 15 13 1 9 3 5 17 11 8 18 14 10 4 6 2 16 12
Braemar Country Club,NY,Spencerport,Gold,66.8,116,,,5663,4 4 3 5 4 4 5 3 4 4 3 4 4 4 5 5 3 4,7 15 13 1 9 3 5 17 11 8 18 14 10 4 6 2 16 12
Braemar Country Club,NY,Spencerport,Red,71.2,122,,,5352,4 4 3 5 4 4 5 3 4 4 3 4 4 4 5 5 3 4,7 15 13 1 9 3 5 17 11 8 18 14 10 4 6 2 16 12
Ontario Golf Club,NY,Ontario,Black,73.4,138,,,6806,5 4 3 4 4 4 3 5 4 4 5 3 5 3 4 4 4 4,5 1 15 3 9 7 17 13 11 16 6 12 14 18 4 2 8 10
Ontario Golf Club,NY,Ontario,Blue,71.3,132,,,6428,5 4 3 4 4 4 3 5 4 4 5 3 5 3 4 4 4 4,5 1 15 3 9 7 17 13 11 16 6 12 14 18 4 2 8 10
Ontario Golf Club,NY,Ontario,White,69.9,126,73.7,127,6106,5 4 3 4 4 4 3 5 4 4 5 3 5 3 4 4 4 4,5 1 15 3 9 7 17 13 11 16 6 12 14 18 4 2 8 10
Ontario Golf Club,NY,Ontario,Green,66.4,117,72.4,125,5448,5 4 3 4 4 4 3 5 4 4 5 3 5 3 4 4 4 4,5 1 15 3 9 7 17 13 11 16 6 12 14 18 4 2 8 10
Farview Golf Course,NY,Avon,Blue,71.4,123,,,6355,4 4 4 3 4 4 5 4 4 5 4 4 3 4 4 4 3 5,3 7 5 11 1 17 13 15 9 4 10 18 8 6 12 16 14 2
Farview Golf Course,NY,Avon,White,68.6,116,,,5863,4 4 4 3 4 4 5 4 4 5 4 4 3 4 4 4 3 5,3 7 5 11 1 17 13 15 9 4 10 18 8 6 12 16 14 2
Farview Golf Course,NY,Avon,Red,65.7,106,,,5088,4 4 4 3 4 4 5 4 4 5 4 4 3 4 4 4 3 5,3 7 5 11 1 17 13 15 9 4 10 18 8 6 12 16 14 2
Twin Hills Golf Course,NY,Spencerport,Black,69.4,125,,,6068,5 3 4 5 4 4 4 3 4 5 4 3 4 3 4 4 4 4,8 16 18 12 2 14 10 6 4 5 7 11 15 17 9 3 13 1
Country Club of Perinton,NY,Fairport,White,71.0,117,,,6518,5 4 4 4 4 3 4 3 5 3 4 4 4 4 4 5 4 4,1 5 13 9 15 17 11 7 3 12 14 4 16 6 8 2 10 18
Batavia Country Club,NY,Batavia,Blue,73.9,122,,,7225,5 5 3 4 4 4 3 4 4 4 4 5 3 4 4 5 3 4,6 18 16 8 10 12 14 2 4 5 1 9 17 13 3 7 15 11
Batavia Country Club,NY,Batavia,White,70.6,119,,,6533,5 5 3 4 4 4 3 4 4 4 4 5 3 4 4 5 3 4,6 18 16 8 10 12 14 2 4 5 1 9 17 13 3 7 15 11
Batavia Country Club,NY,Batavia,Gold,68.8,118,,,6010,5 5 3 4 4 4 3 4 4 4 4 5 3 4 4 5 3 4,6 18 16 8 10 12 14 2 4 5 1 9 17 13 3 7 15 11
Batavia Country Club,NY,Batavia,Red (W),71.1,117,71.1,117,,5 5 3 4 4 4 3 4 4 4 4 5 3 4 4 5 3 4,6 18 16 8 10 12 14 2 4 5 1 9 17 13 3 7 15 11
CenterPointe,NY,Canandaigua,Blue,72.3,124,,,6787,4 5 3 4 3 4 5 4 4 4 3 4 4 4 5 3 5 4,5 17 15 7 13 3 11 1 9 8 14 12 6 4 16 10 18 2
CenterPointe,NY,Canandaigua,White,71.3,122,72.0,126,6490,4 5 3 4 3 4 5 4 4 4 3 4 4 4 5 3 5 4,5 17 15 7 13 3 11 1 9 8 14 12 6 4 16 10 18 2
CenterPointe,NY,Canandaigua,Gold,67.5,117,,,5372,4 5 3 4 3 4 5 4 4 4 3 4 4 4 5 3 5 4,5 17 15 7 13 3 11 1 9 8 14 12 6 4 16 10 18 2
CenterPointe,NY,Canandaigua,Red (W),69.8,121,69.8,121,,4 5 3 4 3 4 5 4 4 4 3 4 4 4 5 3 5 4,5 17 15 7 13 3 11 1 9 8 14 12 6 4 16 10 18 2
Cragie Brae,NY,Scottsville,Blue,70.4,121,,,6468,4 4 5 4 5 3 4 3 4 5 4 5 4 3 4 4 3 4,5 1 3 13 7 11 17 9 15 4 18 16 2 12 10 6 14 8
Cragie Brae,NY,Scottsville,White,69.3,118,,,6230,4 4 5 4 5 3 4 3 4 5 4 5 4 3 4 4 3 4,5 1 3 13 7 11 17 9 15 4 18 16 2 12 10 6 14 8
Cragie Brae,NY,Scottsville,Gold,67.6,112,73.4,122,5905,4 4 5 4 5 3 4 3 4 5 4 5 4 3 4 4 3 4,5 1 3 13 7 11 17 9 15 4 18 16 2 12 10 6 14 8
Cragie Brae,NY,Scottsville,Red (W),71.8,119,71.8,119,,4 4 5 4 5 3 4 3 4 5 4 5 4 3 4 4 3 4,5 1 3 13 7 11 17 9 15 4 18 16 2 12 10 6 14 8
Hickory Ridge C.C.,NY,Holley,Blue,70.4,124,,,6333,5 4 3 4 4 3 4 4 4 5 3 5 4 5 4 4 4 3,14 12 6 4 8 18 16 2 10 11 13 9 7 3 5 15 1 17
Hickory Ridge C.C.,NY,Holley,White,68.7,116,,,6018,5 4 3 4 4 3 4 4 4 5 3 5 4 5 4 4 4 3,14 12 6 4 8 18 16 2 10 11 13 9 7 3 5 15 1 17
Hickory Ridge C.C.,NY,Holley,Red (W),69.1,114,69.1,114,,5 4 3 4 4 3 4 4 4 5 3 5 4 5 4 4 4 3,14 12 6 4 8 18 16 2 10 11 13 9 7 3 5 15 1 17
Lima Country Club - Charleston Pines,NY,Lima,Black,73.1,124,,,6952,5 4 3 3 5 4 4 4 4 3 4 4 4 4 5 4 3 5,3 9 11 17 13 1 7 5 15 16 8 4 10 6 14 2 18 12
Lima Country Club - Charleston Pines,NY,Lima,Blue,70.7,121,,,6458,5 4 3 3 5 4 4 4 4 3 4 4 4 4 5 4 3 5,3 9 11 17 13 1 7 5 15 16 8 4 10 6 14 2 18 12
Lima Country Club - Charleston Pines,NY,Lima,White,68.2,115,,,5940,5 4 3 3 5 4 4 4 4 3 4 4 4 4 5 4 3 5,3 9 11 17 13 1 7 5 15 16 8 4 10 6 14 2 18 12
Lima Country Club - Charleston Pines,NY,Lima,Gold,64.9,105,,,5327,5 4 3 3 5 4 4 4 4 3 4 4 4 4 5 4 3 5,3 9 11 17 13 1 7 5 15 16 8 4 10 6 14 2 18 12
Lima Country Club - Charleston Pines,NY,Lima,Red (W),67.8,112,67.8,112,,5 4 3 3 5 4 4 4 4 3 4 4 4 4 5 4 3 5,3 9 11 17 13 1 7 5 15 16 8 4 10 6 14 2 18 12
Old Hickory Golf Club,NY,Livonia,Blue,71.7,122,,,6665,5 3 5 4 3 4 4 4 4 5 3 4 4 4 5 3 4 4,12 10 8 18 16 6 2 4 14 13 17 1 15 7 5 11 3 9
Old Hickory Golf Club,NY,Livonia,White,69.4,119,,,6245,5 3 5 4 3 4 4 4 4 5 3 4 4 4 5 3 4 4,12 10 8 18 16 6 2 4 14 13 17 1 15 7 5 11 3 9
Old Hickory Golf Club,NY,Livonia,Red (W),70.3,117,70.3,117,,5 3 5 4 3 4 4 4 4 5 3 4 4 4 5 3 4 4,12 10 8 18 16 6 2 4 14 13 17 1 15 7 5 11 3 9
Old Hickory Golf Club,NY,Livonia,Gold,65.1,105,70.3,117,5322,5 3 5 4 3 4 4 4 4 5 3 4 4 4 5 3 4 4,12 10 8 18 16 6 2 4 14 13 17 1 15 7 5 11 3 9
Parkview Fairways,NY,Victor,Black,72.6,131,,,6755,5 4 3 4 4 3 5 4 4 5 4 3 4 4 4 3 4 5,2 14 12 8 6 16 10 4 18 3 15 17 11 5 9 13 1 7
Parkview Fairways,NY,Victor,Blue,70.4,120,,,6420,5 4 3 4 4 3 5 4 4 5 4 3 4 4 4 3 4 5,2 14 12 8 6 16 10 4 18 3 15 17 11 5 9 13 1 7
Parkview Fairways,NY,Victor,White,68.5,116,,,5568,5 4 3 4 4 3 5 4 4 5 4 3 4 4 4 3 4 5,2 14 12 8 6 16 10 4 18 3 15 17 11 5 9 13 1 7
Parkview Fairways,NY,Victor,Gold,69.2,116,,,5069,5 4 3 4 4 3 5 4 4 5 4 3 4 4 4 3 4 5,2 14 12 8 6 16 10 4 18 3 15 17 11 5 9 13 1 7
Sodus Bay Heights Golf Club,NY,Sodus Point,Black,72.9,135,,,6682,4 5 3 5 4 4 3 4 4 4 4 4 5 4 3 4 3 5,8 12 18 4 14 2 16 6 10 15 7 9 11 1 17 3 13 5
Sodus Bay Heights Golf Club,NY,Sodus Point,Blue,71.4,129,,,6316,4 5 3 5 4 4 3 4 4 4 4 4 5 4 3 4 3 5,8 12 18 4 14 2 16 6 10 15 7 9 11 1 17 3 13 5
Sodus Bay Heights Golf Club,NY,Sodus Point,White,70.3,126,,,6081,4 5 3 5 4 4 3 4 4 4 4 4 5 4 3 4 3 5,8 12 18 4 14 2 16 6 10 15 7 9 11 1 17 3 13 5
Sodus Bay Heights Golf Club,NY,Sodus Point,Green,68.8,123,,,5784,4 5 3 5 4 4 3 4 4 4 4 4 5 4 3 4 3 5,8 12 18 4 14 2 16 6 10 15 7 9 11 1 17 3 13 5
Sodus Bay Heights Golf Club,NY,Sodus Point,Yellow,72.5,122,,,5470,4 5 3 5 4 4 3 4 4 4 4 4 5 4 3 4 3 5,8 12 18 4 14 2 16 6 10 15 7 9 11 1 17 3 13 5
Wayne Hills Country Club,NY,Lyons,Gold,73.7,137,,,6884,4 5 4 3 4 4 3 4 5 4 3 5 4 4 3 4 5 4,13 5 1 7 3 11 17 15 9 14 16 8 4 6 18 10 2 12
Wayne Hills Country Club,NY,Lyons,Blue,72.5,137,,,6638,4 5 4 3 4 4 3 4 5 4 3 5 4 4 3 4 5 4,13 5 1 7 3 11 17 15 9 14 16 8 4 6 18 10 2 12
Wayne Hills Country Club,NY,Lyons,White,70.8,126,77.0,141,6281,4 5 4 3 4 4 3 4 5 4 3 5 4 4 3 4 5 4,13 5 1 7 3 11 17 15 9 14 16 8 4 6 18 10 2 12
Wayne Hills Country Club,NY,Lyons,White/Black,68.5,125,74.1,133,5803,4 5 4 3 4 4 3 4 5 4 3 5 4 4 3 4 5 4,13 5 1 7 3 11 17 15 9 14 16 8 4 6 18 10 2 12
Wayne Hills Country Club,NY,Lyons,Black,67.6,123,72.9,130,5587,4 5 4 3 4 4 3 4 5 4 3 5 4 4 3 4 5 4,13 5 1 7 3 11 17 15 9 14 16 8 4 6 18 10 2 12
Wayne Hills Country Club,NY,Lyons,Silver,65.2,112,70.4,122,5100,4 5 4 3 4 4 3 4 5 4 3 5 4 4 3 4 5 4,13 5 1 7 3 11 17 15 9 14 16 8 4 6 18 10 2 12
Seneca Hickory Stick Golf Course,NY,Lewiston,Black,73.6,129,,,7016,4 5 3 4 4 4 4 5 3 4 3 5 3 5 4 3 4 5,13 1 11 5 9 3 15 7 17 4 18 12 6 2 16 10 14 8
Seneca Hickory Stick Golf Course,NY,Lewiston,Blue,72.0,128,,,6670,4 5 3 4 4 4 4 5 3 4 3 5 3 5 4 3 4 5,13 1 11 5 9 3 15 7 17 4 18 12 6 2 16 10 14 8
Seneca Hickory Stick Golf Course,NY,Lewiston,White,70.4,126,,,6331,4 5 3 4 4 4 4 5 3 4 3 5 3 5 4 3 4 5,13 1 11 5 9 3 15 7 17 4 18 12 6 2 16 10 14 8
Seneca Hickory Stick Golf Course,NY,Lewiston,Green (W),68.5,121,68.5,121,,4 5 3 4 4 4 4 5 3 4 3 5 3 5 4 3 4 5,13 1 11 5 9 3 15 7 17 4 18 12 6 2 16 10 14 8
Seneca Hickory Stick Golf Course,NY,Lewiston,Red (W),70.7,120,70.7,120,,4 5 3 4 4 4 4 5 3 4 3 5 3 5 4 3 4 5,13 1 11 5 9 3 15 7 17 4 18 12 6 2 16 10 14 8
Crag Burn Golf Club,NY,East Aurora,Black,75.2,137,,,7150,,
Crag Burn Golf Club,NY,East Aurora,Gold,74.2,135,,,6878,,
Crag Burn Golf Club,NY,East Aurora,Blue,72.4,133,,,6521,,
Crag Burn Golf Club,NY,East Aurora,White,70.5,128,,,6147,,
Crag Burn Golf Club,NY,East Aurora,Red (W),72.5,130,72.5,130,,,
Tuscarora Golf Club,NY,Marcellus,Black,69.8,126,,,6275,,
Tuscarora Golf Club,NY,Marcellus,Blue,68.0,122,74.5,133,5936,,
Tuscarora Golf Club,NY,Marcellus,White,65.6,108,69.7,123,5259,,
Tuscarora Golf Club,NY,Marcellus,Yellow,61.6,103,64.0,103,4042,,
Seneca Falls Country Club,NY,Seneca Falls,Blue,70.9,121,,,6509,4 4 3 4 4 5 3 4 5 4 4 3 4 5 4 4 3 5,17 5 13 1 11 9 15 3 7 12 10 8 4 6 16 2 14 18
Seneca Falls Country Club,NY,Seneca Falls,White,70.0,119,,,6335,4 4 3 4 4 5 3 4 5 4 4 3 4 5 4 4 3 5,17 5 13 1 11 9 15 3 7 12 10 8 4 6 16 2 14 18
Seneca Falls Country Club,NY,Seneca Falls,Red (W),71.8,120,71.8,120,,4 4 3 4 4 5 3 4 5 4 4 3 4 5 4 4 3 5,17 5 13 1 11 9 15 3 7 12 10 8 4 6 16 2 14 18
Highland Park Golf Course,NY,Auburn,Blue,71.9,134,,,6461,4 5 4 4 4 3 4 5 3 4 3 4 3 5 4 4 4 4,1 17 5 15 3 11 7 13 9 4 14 2 16 10 8 6 18 12
Highland Park Golf Course,NY,Auburn,White,70.6,125,,,6144,4 5 4 4 4 3 4 5 3 4 3 4 3 5 4 4 4 4,1 17 5 15 3 11 7 13 9 4 14 2 16 10 8 6 18 12
Highland Park Golf Course,NY,Auburn,Gold,67.2,128,,,5458,4 5 4 4 4 3 4 5 3 4 3 4 3 5 4 4 4 4,1 17 5 15 3 11 7 13 9 4 14 2 16 10 8 6 18 12
Highland Park Golf Course,NY,Auburn,Red (W),69.8,121,69.8,121,,4 5 4 4 4 3 4 5 3 4 3 4 3 5 4 4 4 4,1 17 5 15 3 11 7 13 9 4 14 2 16 10 8 6 18 12
Shamrock Golf & Country Club,NY,Oriskany,Blue,67.5,113,,,6323,4 4 3 4 4 4 5 3 4 4 4 3 4 4 4 5 3 4,13 3 11 7 1 9 15 17 5 4 12 18 2 6 14 8 16 10
Shamrock Golf & Country Club,NY,Oriskany,White,66.0,106,,,6033,4 4 3 4 4 4 5 3 4 4 4 3 4 4 4 5 3 4,13 3 11 7 1 9 15 17 5 4 12 18 2 6 14 8 16 10
Shamrock Golf & Country Club,NY,Oriskany,Gold,61.9,97,65.3,102,5047,4 4 3 4 4 4 5 3 4 4 4 3 4 4 4 5 3 4,13 3 11 7 1 9 15 17 5 4 12 18 2 6 14 8 16 10
Oneida Community Golf Club,NY,Oneida,Blue,70.4,123,,,6418,4 4 4 5 3 4 3 4 4 5 3 4 5 4 4 4 3 4,5 7 3 9 13 1 15 17 11 6 18 4 10 8 14 12 16 2
Oneida Community Golf Club,NY,Oneida,White,69.2,120,,,6167,4 4 4 5 3 4 3 4 4 5 3 4 5 4 4 4 3 4,5 7 3 9 13 1 15 17 11 6 18 4 10 8 14 12 16 2
Oneida Community Golf Club,NY,Oneida,Gold,67.0,108,,,5584,4 4 4 5 3 4 3 4 4 5 3 4 5 4 4 4 3 4,5 7 3 9 13 1 15 17 11 6 18 4 10 8 14 12 16 2
Oneida Community Golf Club,NY,Oneida,Red (W),69.7,117,69.7,117,,4 4 4 5 3 4 3 4 4 5 3 4 5 4 4 4 3 4,5 7 3 9 13 1 15 17 11 6 18 4 10 8 14 12 16 2
Rome Country Club,NY,Rome,Blue,70.0,119,,,6816,4 3 3 4 4 4 5 4 5 5 5 4 4 3 4 3 4 4,1 13 15 11 5 3 7 17 9 8 4 10 2 14 16 18 6 12
Rome Country Club,NY,Rome,White,70.6,127,,,6317,4 3 3 4 4 4 5 4 5 5 5 4 4 3 4 3 4 4,1 13 15 11 5 3 7 17 9 8 4 10 2 14 16 18 6 12
Rome Country Club,NY,Rome,Gold,68.2,117,,,5595,4 3 3 4 4 4 5 4 5 5 5 4 4 3 4 3 4 4,1 13 15 11 5 3 7 17 9 8 4 10 2 14 16 18 6 12
Rome Country Club,NY,Rome,Red (W),70.0,119,70.0,119,,4 3 3 4 4 4 5 4 5 5 5 4 4 3 4 3 4 4,1 13 15 11 5 3 7 17 9 8 4 10 2 14 16 18 6 12
Casolwood Golf Course,NY,Canastota,Blue,65.0,106,,,6214,4 4 3 5 4 4 3 4 5 4 3 4 4 3 5 3 5 4,17 1 9 15 11 13 5 7 3 4 12 14 18 16 2 10 6 8
Casolwood Golf Course,NY,Canastota,White,64.1,104,,,5942,4 4 3 5 4 4 3 4 5 4 3 4 4 3 5 3 5 4,17 1 9 15 11 13 5 7 3 4 12 14 18 16 2 10 6 8
Casolwood Golf Course,NY,Canastota,Red,63.2,103,,,5005,4 4 3 5 4 4 3 4 5 4 3 4 4 3 5 3 5 4,17 1 9 15 11 13 5 7 3 4 12 14 18 16 2 10 6 8
Soaring Eagles Golf Course,NY,Horseheads,Eagle,74.2,135,,,7067,4 5 4 3 4 3 4 4 4 5 4 4 5 4 3 4 3 4,2 12 8 14 6 18 10 16 4 11 9 7 1 3 17 15 13 5
Soaring Eagles Golf Course,NY,Horseheads,Blue,72.3,133,,,6732,4 5 4 3 4 3 4 4 4 5 4 4 5 4 3 4 3 4,2 12 8 14 6 18 10 16 4 11 9 7 1 3 17 15 13 5
Soaring Eagles Golf Course,NY,Horseheads,White,70.4,127,,,6332,4 5 4 3 4 3 4 4 4 5 4 4 5 4 3 4 3 4,2 12 8 14 6 18 10 16 4 11 9 7 1 3 17 15 13 5
Soaring Eagles Golf Course,NY,Horseheads,Gold,66.0,117,71.0,125,5401,4 5 4 3 4 3 4 4 4 5 4 4 5 4 3 4 3 4,2 12 8 14 6 18 10 16 4 11 9 7 1 3 17 15 13 5
Soaring Eagles Golf Course,NY,Horseheads,Red (W),64.5,111,64.5,111,,4 5 4 3 4 3 4 4 4 5 4 4 5 4 3 4 3 4,2 12 8 14 6 18 10 16 4 11 9 7 1 3 17 15 13 5
Elmira Country Club,NY,Elmira,Blue,73.8,132,,,6747,,7 3 1 17 5 9 15 11 13 8 2 16 4 14 18 6 10 12
Elmira Country Club,NY,Elmira,White,71.9,129,,,6292,,7 3 1 17 5 9 15 11 13 8 2 16 4 14 18 6 10 12
Elmira Country Club,NY,Elmira,Red (W),72.3,128,72.3,128,,,7 3 1 17 5 9 15 11 13 8 2 16 4 14 18 6 10 12
Mark Twain Golf Course,NY,Elmira Heights,Blue,73.6,130,,,6857,4 4 5 3 5 4 3 4 4 4 3 5 4 4 3 4 5 4,5 3 9 15 1 17 13 11 7 2 4 14 8 12 16 6 18 10
Mark Twain Golf Course,NY,Elmira Heights,White,71.2,126,,,6497,4 4 5 3 5 4 3 4 4 4 3 5 4 4 3 4 5 4,5 3 9 15 1 17 13 11 7 2 4 14 8 12 16 6 18 10
Mark Twain Golf Course,NY,Elmira Heights,Gold,66.3,121,,,5528,4 4 5 3 5 4 3 4 4 4 3 5 4 4 3 4 5 4,5 3 9 15 1 17 13 11 7 2 4 14 8 12 16 6 18 10
Mark Twain Golf Course,NY,Elmira Heights,Red,69.6,120,,,5031,4 4 5 3 5 4 3 4 4 4 3 5 4 4 3 4 5 4,5 3 9 15 1 17 13 11 7 2 4 14 8 12 16 6 18 10
Pleasant Hill Country Club,NY,Owego,Blue,69.1,122,,,6020,,15 7 17 13 11 5 3 9 1 8 10 4 2 16 12 6 14 18
Pleasant Hill Country Club,NY,Owego,White,66.8,116,,,5515,,15 7 17 13 11 5 3 9 1 8 10 4 2 16 12 6 14 18
Pleasant Hill Country Club,NY,Owego,Yellow,64.3,107,,,4978,,15 7 17 13 11 5 3 9 1 8 10 4 2 16 12 6 14 18
Pleasant Hill Country Club,NY,Owego,Red (W),64.8,107,64.8,107,,,15 7 17 13 11 5 3 9 1 8 10 4 2 16 12 6 14 18
Oak Run Golf Club,NY,Lockport,Blue,70.8,118,,,6605,,16 10 4 6 2 18 12 14 8 11 15 1 13 3 7 9 5 17
Oak Run Golf Club,NY,Lockport,White,69.2,116,,,6270,,16 10 4 6 2 18 12 14 8 11 15 1 13 3 7 9 5 17
Oak Run Golf Club,NY,Lockport,Green,68.0,109,,,5592,,16 10 4 6 2 18 12 14 8 11 15 1 13 3 7 9 5 17
Springbrook Greens State Golf Course,NY,Fair Haven,Championship,68.8,118,,,5993,4 4 3 5 4 4 4 3 4 5 3 5 4 4 4 4 3 4,14 8 16 2 12 4 10 18 6 7 11 5 15 13 9 3 17 1
Springbrook Greens State Golf Course,NY,Fair Haven,Regulation,66.9,114,,,5372,4 4 3 5 4 4 4 3 4 5 3 5 4 4 4 4 3 4,14 8 16 2 12 4 10 18 6 7 11 5 15 13 9 3 17 1
Springbrook Greens State Golf Course,NY,Fair Haven,Forward,68.3,108,,,4622,4 4 3 5 4 4 4 3 4 5 3 5 4 4 4 4 3 4,14 8 16 2 12 4 10 18 6 7 11 5 15 13 9 3 17 1
Genegantslet Golf Club,NY,Greene,Blue,70.4,122,,,6547,,5 8 14 10 6 7 13 18 17 9 11 12 15 1 3 16 2 4
Genegantslet Golf Club,NY,Greene,White,69.7,117,,,6059,,5 8 14 10 6 7 13 18 17 9 11 12 15 1 3 16 2 4
Genegantslet Golf Club,NY,Greene,Gold,68.3,108,,,5353,,5 8 14 10 6 7 13 18 17 9 11 12 15 1 3 16 2 4
Genegantslet Golf Club,NY,Greene,Red,68.8,111,,,4894,,5 8 14 10 6 7 13 18 17 9 11 12 15 1 3 16 2 4
Ely Park Golf Course,NY,Binghamton,Blue,69.4,115,,,5663,,5 13 17 7 15 9 3 1 11 18 14 2 8 16 10 12 6 4
Ely Park Golf Course,NY,Binghamton,White,65.1,109,,,5272,,5 13 17 7 15 9 3 1 11 18 14 2 8 16 10 12 6 4
Ely Park Golf Course,NY,Binghamton,Red,71.0,117,,,4924,,5 13 17 7 15 9 3 1 11 18 14 2 8 16 10 12 6 4
Tamarack Golf Club,NY,Oswego,Blue,68.0,120,,,5706,4 4 4 4 3 5 3 4 4 5 4 3 4 4 4 4 3 4,13 11 7 3 15 5 17 9 1 4 14 16 12 8 6 10 18 2
Tamarack Golf Club,NY,Oswego,White,66.7,115,,,5448,4 4 4 4 3 5 3 4 4 5 4 3 4 4 4 4 3 4,13 11 7 3 15 5 17 9 1 4 14 16 12 8 6 10 18 2
Tamarack Golf Club,NY,Oswego,Red (W),68.4,114,68.4,114,,4 4 4 4 3 5 3 4 4 5 4 3 4 4 4 4 3 4,13 11 7 3 15 5 17 9 1 4 14 16 12 8 6 10 18 2
Mohawk River Country Club,NY,Clifton Park,Blue,73.7,128,,,7095,5 5 4 3 4 4 4 3 5 4 5 3 4 5 3 4 4 4,9 11 1 17 5 3 15 7 13 14 6 16 2 8 12 4 18 10
Mohawk River Country Club,NY,Clifton Park,White,70.7,120,,,6490,5 5 4 3 4 4 4 3 5 4 5 3 4 5 3 4 4 4,9 11 1 17 5 3 15 7 13 14 6 16 2 8 12 4 18 10
Mohawk River Country Club,NY,Clifton Park,Red (W),73.4,124,73.4,124,,5 5 4 3 4 4 4 3 5 4 5 3 4 5 3 4 4 4,9 11 1 17 5 3 15 7 13 14 6 16 2 8 12 4 18 10
Mohawk River Country Club,NY,Clifton Park,Gold,71.8,115,,,5018,5 5 4 3 4 4 4 3 5 4 5 3 4 5 3 4 4 4,9 11 1 17 5 3 15 7 13 14 6 16 2 8 12 4 18 10
Rolling Hills Country Club,NY,Fort Johnson,Gold,70.2,124,,,6326,,9 17 11 5 3 13 15 1 7 4 8 10 14 18 16 12 6 2
Rolling Hills Country Club,NY,Fort Johnson,White,68.6,122,,,6043,,9 17 11 5 3 13 15 1 7 4 8 10 14 18 16 12 6 2
Rolling Hills Country Club,NY,Fort Johnson,Silver,65.1,117,,,5209,,9 17 11 5 3 13 15 1 7 4 8 10 14 18 16 12 6 2
Rolling Hills Country Club,NY,Fort Johnson,Red (W),69.4,123,69.4,123,,,9 17 11 5 3 13 15 1 7 4 8 10 14 18 16 12 6 2
McGregor Links,NY,Saratoga Springs,Gold,72.2,134,,,6629,5 4 3 4 3 5 4 5 4 4 3 5 3 4 5 4 4 3,11 7 5 13 17 3 1 9 15 4 6 14 18 12 2 10 8 16
McGregor Links,NY,Saratoga Springs,White,71.0,129,,,6349,5 4 3 4 3 5 4 5 4 4 3 5 3 4 5 4 4 3,11 7 5 13 17 3 1 9 15 4 6 14 18 12 2 10 8 16
McGregor Links,NY,Saratoga Springs,Red (W),72.2,128,72.2,128,,5 4 3 4 3 5 4 5 4 4 3 5 3 4 5 4 4 3,11 7 5 13 17 3 1 9 15 4 6 14 18 12 2 10 8 16
McGregor Links,NY,Saratoga Springs,Green,65.6,113,,,5521,5 4 3 4 3 5 4 5 4 4 3 5 3 4 5 4 4 3,11 7 5 13 17 3 1 9 15 4 6 14 18 12 2 10 8 16
Airway Meadows Golf Club,NY,Gansevoort,Blue,71.2,125,,,6427,5 4 3 4 4 4 4 5 3 5 3 4 4 4 4 4 3 5,3 11 13 17 5 7 9 1 15 2 6 14 16 10 8 12 18 4
Airway Meadows Golf Club,NY,Gansevoort,White,69.2,121,,,6000,5 4 3 4 4 4 4 5 3 5 3 4 4 4 4 4 3 5,3 11 13 17 5 7 9 1 15 2 6 14 16 10 8 12 18 4
Airway Meadows Golf Club,NY,Gansevoort,Gold,64.6,102,,,5139,5 4 3 4 4 4 4 5 3 5 3 4 4 4 4 4 3 5,3 11 13 17 5 7 9 1 15 2 6 14 16 10 8 12 18 4
Airway Meadows Golf Club,NY,Gansevoort,Red,67.4,114,,,4823,5 4 3 4 4 4 4 5 3 5 3 4 4 4 4 4 3 5,3 11 13 17 5 7 9 1 15 2 6 14 16 10 8 12 18 4
Saratoga Lake Golf Club,NY,Saratoga Springs,Black,71.6,121,,,6284,4 5 3 4 3 4 5 4 4 4 4 4 4 3 5 4 3 5,3 7 17 5 11 15 1 13 9 18 12 4 2 16 14 6 10 8
Saratoga Lake Golf Club,NY,Saratoga Springs,White,69.9,119,,,5833,4 5 3 4 3 4 5 4 4 4 4 4 4 3 5 4 3 5,3 7 17 5 11 15 1 13 9 18 12 4 2 16 14 6 10 8
Saratoga Lake Golf Club,NY,Saratoga Springs,Gold,66.9,116,71.5,127,5113,4 5 3 4 3 4 5 4 4 4 4 4 4 3 5 4 3 5,3 7 17 5 11 15 1 13 9 18 12 4 2 16 14 6 10 8
Hyde Park Municipal Golf Course,NY,Niagara Falls,Blue,34.6,116,,,3100,4 5 4 4 3 4 4 4 3,7 5 1 2 9 3 4 6 8
Hyde Park Municipal Golf Course,NY,Niagara Falls,White,34.0,115,,,3020,4 5 4 4 3 4 4 4 3,7 5 1 2 9 3 4 6 8
Hyde Park Municipal Golf Course,NY,Niagara Falls,Senior,32.8,109,,,2635,4 5 4 4 3 4 4 4 3,7 5 1 2 9 3 4 6 8
Hyde Park Municipal Golf Course,NY,Niagara Falls,Ladies (W),34.1,104,34.1,104,,4 5 4 4 3 4 4 4 3,7 5 1 2 9 3 4 6 8
Niagara County Golf Course,NY,Lockport,White,69.3,108,,,6449,,
Niagara County Golf Course,NY,Lockport,Red (W),74.1,107,74.1,107,,,
Concord Crest Golf Course,NY,East Concord,Blue,70.2,114,,,6145,4 5 3 4 4 4 3 5 4 5 3 4 4 3 5 3 4 4,3 13 9 15 17 1 11 5 7 16 10 6 2 8 18 14 4 12
Concord Crest Golf Course,NY,East Concord,White,68.8,112,,,5809,4 5 3 4 4 4 3 5 4 5 3 4 4 3 5 3 4 4,3 13 9 15 17 1 11 5 7 16 10 6 2 8 18 14 4 12
Concord Crest Golf Course,NY,East Concord,Gold,68.4,110,,,4912,4 5 3 4 4 4 3 5 4 5 3 4 4 3 5 3 4 4,3 13 9 15 17 1 11 5 7 16 10 6 2 8 18 14 4 12
Concord Crest Golf Course,NY,East Concord,Red,68.2,109,,,4757,4 5 3 4 4 4 3 5 4 5 3 4 4 3 5 3 4 4,3 13 9 15 17 1 11 5 7 16 10 6 2 8 18 14 4 12
Eden Valley Golf Course,NY,Eden,White,70.0,113,,,6265,4 3 5 4 4 4 4 3 5 4 4 5 4 3 4 4 3 5,6 14 8 2 4 16 12 18 10 13 5 1 3 17 7 9 15 11
Wanakah Country Club,NY,Hamburg,Black,75.1,147,,,7035,,
Wanakah Country Club,NY,Hamburg,Black/Blue,73.9,140,,,6802,,
Wanakah Country Club,NY,Hamburg,Blue,72.9,140,79.2,148,6548,,
Wanakah Country Club,NY,Hamburg,Blue/White,71.8,132,,,6263,,
Wanakah Country Club,NY,Hamburg,White,70.1,130,76.0,139,6037,,
Wanakah Country Club,NY,Hamburg,White/Gold,68.6,126,,,5805,,
Wanakah Country Club,NY,Hamburg,Gold,66.9,119,72.3,131,5520,,
Wanakah Country Club,NY,Hamburg,Gold/Green (W),70.8,131,70.8,131,,,
Wanakah Country Club,NY,Hamburg,Green,64.7,114,69.3,128,4919,,
Shorewood Country Club,NY,Dunkirk,Blue,71.2,121,,,6759,4 4 4 3 4 3 5 4 5 5 4 4 4 4 3 4 3 5,1 5 11 17 3 15 7 13 9 6 4 12 10 14 18 2 16 8
Shorewood Country Club,NY,Dunkirk,White,70.6,119,77.6,131,6624,4 4 4 3 4 3 5 4 5 5 4 4 4 4 3 4 3 5,1 5 11 17 3 15 7 13 9 6 4 12 10 14 18 2 16 8
Shorewood Country Club,NY,Dunkirk,Red (W),71.9,121,71.9,121,,4 4 4 3 4 3 5 4 5 5 4 4 4 4 3 4 3 5,1 5 11 17 3 15 7 13 9 6 4 12 10 14 18 2 16 8
Shorewood Country Club,NY,Dunkirk,Gold,66.0,107,,,5709,4 4 4 3 4 3 5 4 5 5 4 4 4 4 3 4 3 5,1 5 11 17 3 15 7 13 9 6 4 12 10 14 18 2 16 8
Twin Hickory Golf Club,NY,Hornell,Blue,71.4,121,,,6323,5 4 5 3 4 4 4 4 3 4 4 5 4 3 4 5 3 4,16 6 10 18 4 14 2 8 12 15 5 9 17 3 13 1 7 11
Twin Hickory Golf Club,NY,Hornell,White,69.7,115,,,5940,5 4 5 3 4 4 4 4 3 4 4 5 4 3 4 5 3 4,16 6 10 18 4 14 2 8 12 15 5 9 17 3 13 1 7 11
Twin Hickory Golf Club,NY,Hornell,Gold,65.0,113,,,5049,5 4 5 3 4 4 4 4 3 4 4 5 4 3 4 5 3 4,16 6 10 18 4 14 2 8 12 15 5 9 17 3 13 1 7 11
Twin Hickory Golf Club,NY,Hornell,Red (W),68.0,120,68.0,120,,5 4 5 3 4 4 4 4 3 4 4 5 4 3 4 5 3 4,16 6 10 18 4 14 2 8 12 15 5 9 17 3 13 1 7 11
Hudson National Golf Course,NY,Croton-on-Hudson,Black,76.4,147,,,7326,4 3 4 4 4 5 4 3 5 4 3 4 3 5 4 3 4 4,3 17 7 11 5 1 9 15 13 6 18 10 16 4 8 12 14 2
Hudson National Golf Course,NY,Croton-on-Hudson,Blue,75.1,144,76.0,145,7012,4 3 4 4 4 5 4 3 5 4 3 4 3 5 4 3 4 4,3 17 7 11 5 1 9 15 13 6 18 10 16 4 8 12 14 2
Hudson National Golf Course,NY,Croton-on-Hudson,White,72.4,139,,,6482,4 3 4 4 4 5 4 3 5 4 3 4 3 5 4 3 4 4,3 17 7 11 5 1 9 15 13 6 18 10 16 4 8 12 14 2
Hudson National Golf Course,NY,Croton-on-Hudson,Gold,69.9,133,75.8,139,6002,4 3 4 4 4 5 4 3 5 4 3 4 3 5 4 3 4 4,3 17 7 11 5 1 9 15 13 6 18 10 16 4 8 12 14 2
Hudson National Golf Course,NY,Croton-on-Hudson,Red (W),70.2,127,70.2,127,,4 3 4 4 4 5 4 3 5 4 3 4 3 5 4 3 4 4,3 17 7 11 5 1 9 15 13 6 18 10 16 4 8 12 14 2
The River Course At Louisville Landing Recreation,NY,Massena,Championship,70.9,114,,,6602,,
Partridge Run Golf & Country Club,NY,Canton,Blue,71.7,130,,,6569,4 4 5 4 4 3 5 3 4 4 4 5 4 4 3 5 3 4,8 12 4 18 6 14 2 16 10 9 5 3 13 1 15 7 17 11
Partridge Run Golf & Country Club,NY,Canton,White,70.5,128,,,6336,4 4 5 4 4 3 5 3 4 4 4 5 4 4 3 5 3 4,8 12 4 18 6 14 2 16 10 9 5 3 13 1 15 7 17 11
Partridge Run Golf & Country Club,NY,Canton,Gold,67.0,114,,,5850,4 4 5 4 4 3 5 3 4 4 4 5 4 4 3 5 3 4,8 12 4 18 6 14 2 16 10 9 5 3 13 1 15 7 17 11
Partridge Run Golf & Country Club,NY,Canton,Red,70.1,114,,,5267,4 4 5 4 4 3 5 3 4 4 4 5 4 4 3 5 3 4,8 12 4 18 6 14 2 16 10 9 5 3 13 1 15 7 17 11
Lakeside Country Club,NY,Penn Yan,Blue,71.6,129,,,6549,5 4 4 4 3 5 4 4 3 4 4 5 5 3 4 4 3 4,3 5 1 7 17 9 15 13 11 6 10 14 12 16 8 2 18 4
Lakeside Country Club,NY,Penn Yan,White,70.2,127,,,6230,5 4 4 4 3 5 4 4 3 4 4 5 5 3 4 4 3 4,3 5 1 7 17 9 15 13 11 6 10 14 12 16 8 2 18 4
Lakeside Country Club,NY,Penn Yan,Green,68.4,119,,,5848,5 4 4 4 3 5 4 4 3 4 4 5 5 3 4 4 3 4,3 5 1 7 17 9 15 13 11 6 10 14 12 16 8 2 18 4
Lakeside Country Club,NY,Penn Yan,Gold,65.5,111,,,5213,5 4 4 4 3 5 4 4 3 4 4 5 5 3 4 4 3 4,3 5 1 7 17 9 15 13 11 6 10 14 12 16 8 2 18 4
Lakeside Country Club,NY,Penn Yan,Red,69.9,121,,,5118,5 4 4 4 3 5 4 4 3 4 4 5 5 3 4 4 3 4,3 5 1 7 17 9 15 13 11 6 10 14 12 16 8 2 18 4
Lakeside Country Club,NY,Penn Yan,Fwd White,64.2,108,,,4228,5 4 4 4 3 5 4 4 3 4 4 5 5 3 4 4 3 4,3 5 1 7 17 9 15 13 11 6 10 14 12 16 8 2 18 4
Vesper Hills Golf Club,NY,Tully,Blue,72.8,133,,,6771,,16 3 12 8 6 17 4 5 13 10 15 18 11 2 7 9 1 14
Vesper Hills Golf Club,NY,Tully,White,69.8,129,,,6152,,16 3 12 8 6 17 4 5 13 10 15 18 11 2 7 9 1 14
Vesper Hills Golf Club,NY,Tully,Yellow,64.5,115,,,5080,,16 3 12 8 6 17 4 5 13 10 15 18 11 2 7 9 1 14
Vesper Hills Golf Club,NY,Tully,Red (W),69.0,118,69.0,118,,,16 3 12 8 6 17 4 5 13 10 15 18 11 2 7 9 1 14
Highland Meadows Golf and Country Club,NY,Watertown,Blue,69.6,116,,,6311,5 4 3 4 4 4 3 5 4 4 3 4 4 4 5 5 3 4,14 6 18 15 13 12 7 3 11 10 16 2 4 9 5 1 17 8
Highland Meadows Golf and Country Club,NY,Watertown,White,67.8,110,,,5893,5 4 3 4 4 4 3 5 4 4 3 4 4 4 5 5 3 4,14 6 18 15 13 12 7 3 11 10 16 2 4 9 5 1 17 8
Highland Meadows Golf and Country Club,NY,Watertown,Red (W),69.6,112,69.6,112,,5 4 3 4 4 4 3 5 4 4 3 4 4 4 5 5 3 4,14 6 18 15 13 12 7 3 11 10 16 2 4 9 5 1 17 8
C-Way Golf Club,NY,Clayton,Blue,66.1,102,,,5808,5 4 4 4 3 5 4 4 3 4 4 3 5 4 4 3 4 4,4 10 11 14 16 2 8 3 17 7 6 15 5 9 12 18 1 13
C-Way Golf Club,NY,Clayton,White,64.6,100,,,5492,5 4 4 4 3 5 4 4 3 4 4 3 5 4 4 3 4 4,4 10 11 14 16 2 8 3 17 7 6 15 5 9 12 18 1 13
C-Way Golf Club,NY,Clayton,Red,67.6,101,,,5077,5 4 4 4 3 5 4 4 3 4 4 3 5 4 4 3 4 4,4 10 11 14 16 2 8 3 17 7 6 15 5 9 12 18 1 13
Anglebrook Golf Club,NY,Lincolndale,Black,74.6,137,,,7001,5 4 4 3 4 4 5 3 4 4 5 4 5 3 4 4 3 4,15 5 7 13 3 9 11 17 1 2 14 4 6 12 18 10 16 8
Anglebrook Golf Club,NY,Lincolndale,Purple,72.7,130,,,6539,5 4 4 3 4 4 5 3 4 4 5 4 5 3 4 4 3 4,15 5 7 13 3 9 11 17 1 2 14 4 6 12 18 10 16 8
Anglebrook Golf Club,NY,Lincolndale,Grey,71.0,127,75.6,148,6192,5 4 4 3 4 4 5 3 4 4 5 4 5 3 4 4 3 4,15 5 7 13 3 9 11 17 1 2 14 4 6 12 18 10 16 8
Anglebrook Golf Club,NY,Lincolndale,Green,67.9,120,72.7,133,5597,5 4 4 3 4 4 5 3 4 4 5 4 5 3 4 4 3 4,15 5 7 13 3 9 11 17 1 2 14 4 6 12 18 10 16 8
Anglebrook Golf Club,NY,Lincolndale,Red,67.0,113,68.3,115,4706,5 4 4 3 4 4 5 3 4 4 5 4 5 3 4 4 3 4,15 5 7 13 3 9 11 17 1 2 14 4 6 12 18 10 16 8
Cobleskill Golf Country Club,NY,Cobleskill,Blue Ladies (W),71.0,127,71.0,127,,4 3 4 4 4 5 4 3 5 3 5 4 4 3 4 4 3 4,2 10 6 16 12 8 4 18 14 13 5 1 9 15 11 3 7 17
Cobleskill Golf Country Club,NY,Cobleskill,Blue Mens,69.7,125,,,6163,4 3 4 4 4 5 4 3 5 3 5 4 4 3 4 4 3 4,2 10 6 16 12 8 4 18 14 13 5 1 9 15 11 3 7 17
Cobleskill Golf Country Club,NY,Cobleskill,White,68.2,123,,,5861,4 3 4 4 4 5 4 3 5 3 5 4 4 3 4 4 3 4,2 10 6 16 12 8 4 18 14 13 5 1 9 15 11 3 7 17
Cobleskill Golf Country Club,NY,Cobleskill,Silver,65.3,115,70.4,126,5198,4 3 4 4 4 5 4 3 5 3 5 4 4 3 4 4 3 4,2 10 6 16 12 8 4 18 14 13 5 1 9 15 11 3 7 17
Cobleskill Golf Country Club,NY,Cobleskill,Red,64.8,114,69.8,124,5084,4 3 4 4 4 5 4 3 5 3 5 4 4 3 4 4 3 4,2 10 6 16 12 8 4 18 14 13 5 1 9 15 11 3 7 17
James Baird State Park Golf Course,NY,Pleasant Valley,Championship,72.7,124,,,6815,,
James Baird State Park Golf Course,NY,Pleasant Valley,Regulation,70.8,122,,,6356,,
James Baird State Park Golf Course,NY,Pleasant Valley,Forward,70.3,112,,,5454,,
Adirondack Golf And Country Club,NY,Peru,Blue,71.9,123,,,6894,4 4 3 5 5 4 4 3 4 4 4 5 4 3 4 5 3 4,9 17 15 5 1 11 7 13 3 16 4 18 12 14 2 8 10 6
Adirondack Golf And Country Club,NY,Peru,White,69.6,117,,,6359,4 4 3 5 5 4 4 3 4 4 4 5 4 3 4 5 3 4,9 17 15 5 1 11 7 13 3 16 4 18 12 14 2 8 10 6
Adirondack Golf And Country Club,NY,Peru,Red (W),71.0,116,71.0,116,,4 4 3 5 5 4 4 3 4 4 4 5 4 3 4 5 3 4,9 17 15 5 1 11 7 13 3 16 4 18 12 14 2 8 10 6
Moriah Country Club,NY,Port Henry,White,63.0,103,,,2144,4 3 3 3 4 3 4 4 4,1 2 3 4 5 6 7 8 9
Moriah Country Club,NY,Port Henry,Red,62.9,98,,,1892,4 3 3 3 4 3 4 4 4,1 2 3 4 5 6 7 8 9
Skene Valley Country Club,NY,Whitehall,Blue,71.8,121,,,6824,,12 10 14 3 6 2 1 17 18 11 7 13 5 15 8 4 16 9
Skene Valley Country Club,NY,Whitehall,White,70.3,116,,,6455,,12 10 14 3 6 2 1 17 18 11 7 13 5 15 8 4 16 9
Skene Valley Country Club,NY,Whitehall,Red (W),71.8,117,71.8,117,,,12 10 14 3 6 2 1 17 18 11 7 13 5 15 8 4 16 9
Ticonderoga Golf Course,NY,Ticonderoga,Blue,69.7,120,,,6217,4 4 5 3 4 3 5 3 5 4 5 4 3 4 4 5 3 4,13 5 3 17 9 15 1 11 7 8 2 12 18 4 14 6 16 10
Ticonderoga Golf Course,NY,Ticonderoga,White,69.9,116,,,5923,4 4 5 3 4 3 5 3 5 4 5 4 3 4 4 5 3 4,13 5 3 17 9 15 1 11 7 8 2 12 18 4 14 6 16 10
Ticonderoga Golf Course,NY,Ticonderoga,Gold,69.0,114,,,5070,4 4 5 3 4 3 5 3 5 4 5 4 3 4 4 5 3 4,13 5 3 17 9 15 1 11 7 8 2 12 18 4 14 6 16 10
Ticonderoga Golf Course,NY,Ticonderoga,Red,67.0,108,,,4807,4 4 5 3 4 3 5 3 5 4 5 4 3 4 4 5 3 4,13 5 3 17 9 15 1 11 7 8 2 12 18 4 14 6 16 10
Queensbury Country Club,NY,Lake George,Championship,67.4,112,,,6067,4 4 3 4 5 5 4 3 4 3 4 5 4 3 4 4 3 4,17 11 5 13 1 9 15 7 3 14 10 4 2 16 18 6 12 8
Queensbury Country Club,NY,Lake George,Middle,64.7,105,,,5536,4 4 3 4 5 5 4 3 4 3 4 5 4 3 4 4 3 4,17 11 5 13 1 9 15 7 3 14 10 4 2 16 18 6 12 8
Queensbury Country Club,NY,Lake George,Forward (W),66.5,106,66.5,106,,4 4 3 4 5 5 4 3 4 3 4 5 4 3 4 4 3 4,17 11 5 13 1 9 15 7 3 14 10 4 2 16 18 6 12 8
Hiland Park Country Club,NY,Queensbury,Blue,72.8,130,,,6797,4 4 3 4 4 3 5 4 5 4 3 4 5 4 3 4 4 5,9 11 7 5 15 17 3 13 1 6 4 10 18 8 12 16 2 14
Hiland Park Country Club,NY,Queensbury,White,71.6,127,,,6402,4 4 3 4 4 3 5 4 5 4 3 4 5 4 3 4 4 5,9 11 7 5 15 17 3 13 1 6 4 10 18 8 12 16 2 14
Hiland Park Country Club,NY,Queensbury,Gold,67.9,115,,,5462,4 4 3 4 4 3 5 4 5 4 3 4 5 4 3 4 4 5,9 11 7 5 15 17 3 13 1 6 4 10 18 8 12 16 2 14
Hiland Park Country Club,NY,Queensbury,Red (W),71.5,122,71.5,122,,4 4 3 4 4 3 5 4 5 4 3 4 5 4 3 4 4 5,9 11 7 5 15 17 3 13 1 6 4 10 18 8 12 16 2 14
Century Country Club,NY,Purchase,Blue,73.3,132,,,6920,4 4 4 3 4 4 3 5 4 4 5 4 3 4 5 4 3 4,3 13 9 15 1 5 17 11 7 10 6 12 18 4 14 2 16 8
Century Country Club,NY,Purchase,White,72.0,129,,,6522,4 4 4 3 4 4 3 5 4 4 5 4 3 4 5 4 3 4,3 13 9 15 1 5 17 11 7 10 6 12 18 4 14 2 16 8
Century Country Club,NY,Purchase,Gold,69.9,128,,,5835,4 4 4 3 4 4 3 5 4 4 5 4 3 4 5 4 3 4,3 13 9 15 1 5 17 11 7 10 6 12 18 4 14 2 16 8
Century Country Club,NY,Purchase,Red (W),72.0,129,72.0,129,,4 4 4 3 4 4 3 5 4 4 5 4 3 4 5 4 3 4,3 13 9 15 1 5 17 11 7 10 6 12 18 4 14 2 16 8
Knollwood Country Club,NY,Elmsford,Blue,72.1,137,,,6552,4 4 3 4 5 4 4 3 5 4 3 4 4 4 4 3 5 4,11 3 17 15 5 1 7 9 13 4 14 18 12 10 8 16 6 2
Knollwood Country Club,NY,Elmsford,White,70.5,133,,,6199,4 4 3 4 5 4 4 3 5 4 3 4 4 4 4 3 5 4,11 3 17 15 5 1 7 9 13 4 14 18 12 10 8 16 6 2
Knollwood Country Club,NY,Elmsford,Gold,67.9,126,,,5671,4 4 3 4 5 4 4 3 5 4 3 4 4 4 4 3 5 4,11 3 17 15 5 1 7 9 13 4 14 18 12 10 8 16 6 2
Knollwood Country Club,NY,Elmsford,Red (W),73.3,137,73.3,137,,4 4 3 4 5 4 4 3 5 4 3 4 4 4 4 3 5 4,11 3 17 15 5 1 7 9 13 4 14 18 12 10 8 16 6 2
Trump National Golf Club Westchester,NY,Briarcliff Manor,Black,77.4,152,,,7291,4 5 4 4 5 3 4 3 4 4 4 5 3 4 3 5 4 4,13 7 1 9 5 17 15 11 3 8 2 6 12 16 18 4 14 10
Trump National Golf Club Westchester,NY,Briarcliff Manor,Blue,74.0,148,,,6755,4 5 4 4 5 3 4 3 4 4 4 5 3 4 3 5 4 4,13 7 1 9 5 17 15 11 3 8 2 6 12 16 18 4 14 10
Trump National Golf Club Westchester,NY,Briarcliff Manor,White,72.0,136,77.3,148,6262,4 5 4 4 5 3 4 3 4 4 4 5 3 4 3 5 4 4,13 7 1 9 5 17 15 11 3 8 2 6 12 16 18 4 14 10
Trump National Golf Club Westchester,NY,Briarcliff Manor,Gold,68.1,131,74.3,136,5717,4 5 4 4 5 3 4 3 4 4 4 5 3 4 3 5 4 4,13 7 1 9 5 17 15 11 3 8 2 6 12 16 18 4 14 10
Trump National Golf Club Westchester,NY,Briarcliff Manor,Red (W),72.2,134,72.2,134,,4 5 4 4 5 3 4 3 4 4 4 5 3 4 3 5 4 4,13 7 1 9 5 17 15 11 3 8 2 6 12 16 18 4 14 10
Hudson Hills Golf Course,NY,Ossining,Black,73.7,139,,,6935,4 5 3 4 4 3 5 4 3 5 3 4 4 3 5 4 4 4,7 5 15 3 11 17 1 9 13 12 16 8 6 14 4 18 2 10
Hudson Hills Golf Course,NY,Ossining,Green,70.9,129,,,6323,4 5 3 4 4 3 5 4 3 5 3 4 4 3 5 4 4 4,7 5 15 3 11 17 1 9 13 12 16 8 6 14 4 18 2 10
Hudson Hills Golf Course,NY,Ossining,Blue,68.1,125,74.6,128,5755,4 5 3 4 4 3 5 4 3 5 3 4 4 3 5 4 4 4,7 5 15 3 11 17 1 9 13 12 16 8 6 14 4 18 2 10
Hudson Hills Golf Course,NY,Ossining,Gold,65.6,116,70.7,127,5102,4 5 3 4 4 3 5 4 3 5 3 4 4 3 5 4 4 4,7 5 15 3 11 17 1 9 13 12 16 8 6 14 4 18 2 10
Bedford Golf and Tennis Club,NY,Bedford,Black,72.5,143,,,6662,,17 3 11 7 13 15 1 9 5 16 4 12 8 2 10 6 14 18
Bedford Golf and Tennis Club,NY,Bedford,Blue,71.8,141,,,6481,,17 3 11 7 13 15 1 9 5 16 4 12 8 2 10 6 14 18
Bedford Golf and Tennis Club,NY,Bedford,White,70.3,136,,,6181,,17 3 11 7 13 15 1 9 5 16 4 12 8 2 10 6 14 18
Bedford Golf and Tennis Club,NY,Bedford,Red (W),74.4,137,74.4,137,,,17 3 11 7 13 15 1 9 5 16 4 12 8 2 10 6 14 18
Metropolis Country Club,NY,White Plains,Blue,73.1,136,,,6795,,11 13 3 15 7 1 5 9 17 2 4 8 16 6 18 14 12 10
Metropolis Country Club,NY,White Plains,White,71.9,135,78.8,144,6518,,11 13 3 15 7 1 5 9 17 2 4 8 16 6 18 14 12 10
Metropolis Country Club,NY,White Plains,Gold,68.5,127,,,5869,,11 13 3 15 7 1 5 9 17 2 4 8 16 6 18 14 12 10
Metropolis Country Club,NY,White Plains,Red (W),74.8,137,74.8,137,,,11 13 3 15 7 1 5 9 17 2 4 8 16 6 18 14 12 10
Waccabuc Country Club,NY,Waccabuc,Black,71.3,125,,,6489,,15 3 1 7 11 5 17 9 13 14 2 16 4 12 18 8 10 6
Waccabuc Country Club,NY,Waccabuc,Blue,70.0,124,,,6223,,15 3 1 7 11 5 17 9 13 14 2 16 4 12 18 8 10 6
Waccabuc Country Club,NY,Waccabuc,White,68.3,120,74.0,129,5846,,15 3 1 7 11 5 17 9 13 14 2 16 4 12 18 8 10 6
Waccabuc Country Club,NY,Waccabuc,Red (W),71.2,124,71.2,124,,,15 3 1 7 11 5 17 9 13 14 2 16 4 12 18 8 10 6
GlenArbor Golf Club,NY,Bedford Hills,Black,74.0,143,,,6981,,7 15 17 1 9 11 13 3 5 12 16 2 8 18 4 10 14 6
GlenArbor Golf Club,NY,Bedford Hills,Blue,72.2,138,,,6565,,7 15 17 1 9 11 13 3 5 12 16 2 8 18 4 10 14 6
GlenArbor Golf Club,NY,Bedford Hills,Player,70.5,134,,,6192,,7 15 17 1 9 11 13 3 5 12 16 2 8 18 4 10 14 6
GlenArbor Golf Club,NY,Bedford Hills,White,69.5,130,74.7,137,5959,,7 15 17 1 9 11 13 3 5 12 16 2 8 18 4 10 14 6
GlenArbor Golf Club,NY,Bedford Hills,Green (W),71.5,130,71.5,130,,,7 15 17 1 9 11 13 3 5 12 16 2 8 18 4 10 14 6
Blind Brook Club,NY,Rye Brook,Blue,70.9,124,,,6411,5 4 4 4 4 4 4 4 4 4 4 4 4 4 4 4 3 3,11 5 17 7 15 3 13 9 1 16 4 14 8 2 18 12 10 6
Blind Brook Club,NY,Rye Brook,White,70.0,122,74.2,125,6245,5 4 4 4 4 4 4 4 4 4 4 4 4 4 4 4 3 3,11 5 17 7 15 3 13 9 1 16 4 14 8 2 18 12 10 6
Blind Brook Club,NY,Rye Brook,Green,67.2,119,71.3,119,5584,5 4 4 4 4 4 4 4 4 4 4 4 4 4 4 4 3 3,11 5 17 7 15 3 13 9 1 16 4 14 8 2 18 12 10 6
Copake Country Club,NY,Craryville,White,70.6,132,,,6266,4 4 4 5 3 4 4 3 5 4 4 3 4 4 5 4 3 5,11 1 5 3 7 15 17 13 9 14 12 8 18 2 16 4 10 6
Copake Country Club,NY,Craryville,Yellow,67.3,116,,,5532,4 4 4 5 3 4 4 3 5 4 4 3 4 4 5 4 3 5,11 1 5 3 7 15 17 13 9 14 12 8 18 2 16 4 10 6
Copake Country Club,NY,Craryville,Red (W),71.9,124,71.9,124,,4 4 4 5 3 4 4 3 5 4 4 3 4 4 5 4 3 5,11 1 5 3 7 15 17 13 9 14 12 8 18 2 16 4 10 6
Silo Ridge Field Club,NY,Amenia,Blue Championship,71.8,135,,,6763,4 4 5 4 3 4 4 5 3 5 4 4 3 4 3 4 3 5,10 2 8 14 18 6 12 4 16 5 15 1 17 9 13 7 11 3
Silo Ridge Field Club,NY,Amenia,White Men,70.1,131,,,6286,4 4 5 4 3 4 4 5 3 5 4 4 3 4 3 4 3 5,10 2 8 14 18 6 12 4 16 5 15 1 17 9 13 7 11 3
Silo Ridge Field Club,NY,Amenia,Red Woman,72.1,136,,,5505,4 4 5 4 3 4 4 5 3 5 4 4 3 4 3 4 3 5,10 2 8 14 18 6 12 4 16 5 15 1 17 9 13 7 11 3
Trump National Golf Club Hudson Valley,NY,Hopewell Junction,Gold,77.3,147,,,7693,,5 1 17 9 7 3 13 15 11 6 18 14 4 12 2 16 10 8
Trump National Golf Club Hudson Valley,NY,Hopewell Junction,Black,72.9,142,,,6739,,5 1 17 9 7 3 13 15 11 6 18 14 4 12 2 16 10 8
Trump National Golf Club Hudson Valley,NY,Hopewell Junction,Blue,71.5,139,,,6413,,5 1 17 9 7 3 13 15 11 6 18 14 4 12 2 16 10 8
Trump National Golf Club Hudson Valley,NY,Hopewell Junction,Blue/White,70.9,137,,,6267,,5 1 17 9 7 3 13 15 11 6 18 14 4 12 2 16 10 8
Trump National Golf Club Hudson Valley,NY,Hopewell Junction,White,70.1,135,75.6,142,6106,,5 1 17 9 7 3 13 15 11 6 18 14 4 12 2 16 10 8
Trump National Golf Club Hudson Valley,NY,Hopewell Junction,Green,67.2,129,72.0,134,5462,,5 1 17 9 7 3 13 15 11 6 18 14 4 12 2 16 10 8
Trump National Golf Club Hudson Valley,NY,Hopewell Junction,Green/Red (W),70.2,127,70.2,127,,,5 1 17 9 7 3 13 15 11 6 18 14 4 12 2 16 10 8
Trump National Golf Club Hudson Valley,NY,Hopewell Junction,Red (W),69.0,124,69.0,124,,,5 1 17 9 7 3 13 15 11 6 18 14 4 12 2 16 10 8
Hudson Valley Resort Golf Course,NY,Kerhonkson,Championship,69.6,123,,,6307,,9 7 1 3 17 13 15 5 11 10 12 2 18 16 4 6 14 8
McCann Golf Course,NY,Poughkeepsie,Blue,71.7,126,,,6524,4 5 4 5 3 4 4 3 4 4 4 3 4 5 3 4 5 4,10 16 2 14 4 6 12 18 8 1 5 13 9 11 17 7 15 3
McCann Golf Course,NY,Poughkeepsie,White,70.1,121,,,6090,4 5 4 5 3 4 4 3 4 4 4 3 4 5 3 4 5 4,10 16 2 14 4 6 12 18 8 1 5 13 9 11 17 7 15 3
McCann Golf Course,NY,Poughkeepsie,Gold,67.9,117,71.9,122,5617,4 5 4 5 3 4 4 3 4 4 4 3 4 5 3 4 5 4,10 16 2 14 4 6 12 18 8 1 5 13 9 11 17 7 15 3
McCann Golf Course,NY,Poughkeepsie,Red (W),70.4,117,70.4,117,,4 5 4 5 3 4 4 3 4 4 4 3 4 5 3 4 5 4,10 16 2 14 4 6 12 18 8 1 5 13 9 11 17 7 15 3
Swan Lake Golf & Country Club,NY,Swan Lake,Blue,73.7,130,,,6820,,7 13 1 3 11 15 9 5 17 6 18 12 2 14 4 16 8 10
Swan Lake Golf & Country Club,NY,Swan Lake,White,71.2,126,,,6221,,7 13 1 3 11 15 9 5 17 6 18 12 2 14 4 16 8 10
Swan Lake Golf & Country Club,NY,Swan Lake,Gold,68.7,120,,,5339,,7 13 1 3 11 15 9 5 17 6 18 12 2 14 4 16 8 10
Ausable Club Golf Course,NY,Saint Huberts,Men,63.2,117,,,4527,4 3 4 4 4 4 3 4 3,
Ausable Club Golf Course,NY,Saint Huberts,Women,64.8,115,,,4223,4 3 4 4 4 4 3 4 3,
Sprain Lake Golf Course,NY,Yonkers,Blue,69.3,122,,,6110,4 4 4 3 4 4 4 4 3 5 4 4 3 4 4 3 5 4,6 2 12 18 14 10 4 8 16 7 11 5 17 13 3 15 9 1
Sprain Lake Golf Course,NY,Yonkers,White,67.2,120,,,5631,4 4 4 3 4 4 4 4 3 5 4 4 3 4 4 3 5 4,6 2 12 18 14 10 4 8 16 7 11 5 17 13 3 15 9 1
Sprain Lake Golf Course,NY,Yonkers,Red (W),67.9,118,67.9,118,,4 4 4 3 4 4 4 4 3 5 4 4 3 4 4 3 5 4,6 2 12 18 14 10 4 8 16 7 11 5 17 13 3 15 9 1
Ironwood Golf Course,NY,Cowlesville,Blue,69.9,115,,,6416,4 4 4 3 5 4 5 3 4 4 3 5 4 4 4 4 3 5,17 3 7 13 1 11 9 5 15 16 18 6 8 2 12 4 14 10
Ironwood Golf Course,NY,Cowlesville,White,67.6,110,,,5941,4 4 4 3 5 4 5 3 4 4 3 5 4 4 4 4 3 5,17 3 7 13 1 11 9 5 15 16 18 6 8 2 12 4 14 10
Ironwood Golf Course,NY,Cowlesville,Red,67.8,108,,,5023,4 4 4 3 5 4 5 3 4 4 3 5 4 4 4 4 3 5,17 3 7 13 1 11 9 5 15 16 18 6 8 2 12 4 14 10
Elkdale Country Club,NY,Salamanca,White,69.3,120,,,6132,4 4 5 3 4 4 4 4 3 4 4 3 4 4 5 3 4 4,3 13 5 15 7 1 11 9 17 4 12 18 14 6 2 16 8 10
Elkdale Country Club,NY,Salamanca,Red,65.8,110,70.8,115,5455,4 4 5 3 4 4 4 4 3 4 4 3 4 4 5 3 4 4,3 13 5 15 7 1 11 9 17 4 12 18 14 6 2 16 8 10
Niagara Frontier Golf Club,NY,Youngstown,Blue,71.8,126,,,6548,,13 5 15 1 11 17 3 7 9 8 18 6 10 14 4 2 16 12
Niagara Frontier Golf Club,NY,Youngstown,White,69.9,124,,,6178,,13 5 15 1 11 17 3 7 9 8 18 6 10 14 4 2 16 12
Niagara Frontier Golf Club,NY,Youngstown,Combo,67.5,118,,,5720,,13 5 15 1 11 17 3 7 9 8 18 6 10 14 4 2 16 12
Niagara Frontier Golf Club,NY,Youngstown,Gold,66.6,115,,,5461,,13 5 15 1 11 17 3 7 9 8 18 6 10 14 4 2 16 12
Niagara Frontier Golf Club,NY,Youngstown,Red (W),69.5,118,69.5,118,,,13 5 15 1 11 17 3 7 9 8 18 6 10 14 4 2 16 12
Sheridan Park Golf Course,NY,Tonawanda,Blue,72.5,128,,,6644,4 5 4 4 4 3 5 3 4 4 4 4 3 4 4 3 5 4,3 11 7 13 1 17 5 15 9 8 12 2 16 4 6 18 10 14
Sheridan Park Golf Course,NY,Tonawanda,White,71.3,126,72.6,128,6399,4 5 4 4 4 3 5 3 4 4 4 4 3 4 4 3 5 4,3 11 7 13 1 17 5 15 9 8 12 2 16 4 6 18 10 14
Sheridan Park Golf Course,NY,Tonawanda,Red,66.9,115,72.0,128,5526,4 5 4 4 4 3 5 3 4 4 4 4 3 4 4 3 5 4,3 11 7 13 1 17 5 15 9 8 12 2 16 4 6 18 10 14
Sheridan Park Golf Course,NY,Tonawanda,Gold,66.5,113,71.1,127,5387,4 5 4 4 4 3 5 3 4 4 4 4 3 4 4 3 5 4,3 11 7 13 1 17 5 15 9 8 12 2 16 4 6 18 10 14
Sunset Ridge Golf Club,NY,Marcellus,Black,72.8,126,,,6754,4 4 3 5 4 3 5 3 5 4 4 3 5 5 3 4 3 5,7 3 17 11 13 15 1 5 9 18 10 8 2 12 14 4 16 6
Sunset Ridge Golf Club,NY,Marcellus,Green,70.0,124,,,6190,4 4 3 5 4 3 5 3 5 4 4 3 5 5 3 4 3 5,7 3 17 11 13 15 1 5 9 18 10 8 2 12 14 4 16 6
Sunset Ridge Golf Club,NY,Marcellus,Gold,67.0,112,,,5523,4 4 3 5 4 3 5 3 5 4 4 3 5 5 3 4 3 5,7 3 17 11 13 15 1 5 9 18 10 8 2 12 14 4 16 6
Sunset Ridge Golf Club,NY,Marcellus,Red (W),70.0,120,70.0,120,,4 4 3 5 4 3 5 3 5 4 4 3 5 5 3 4 3 5,7 3 17 11 13 15 1 5 9 18 10 8 2 12 14 4 16 6
The Pompey Club,NY,Pompey,Blue,71.1,127,,,6650,5 5 5 5 5 5 4 4 4 4 4 4 3 3 3 3 3 3,11 15 17 13 3 7 1 9 5 16 4 6 18 12 2 14 10 8
The Pompey Club,NY,Pompey,White,69.9,124,,,6275,5 5 5 5 5 5 4 4 4 4 4 4 3 3 3 3 3 3,11 15 17 13 3 7 1 9 5 16 4 6 18 12 2 14 10 8
The Pompey Club,NY,Pompey,Gold,69.0,122,,,5653,5 5 5 5 5 5 4 4 4 4 4 4 3 3 3 3 3 3,11 15 17 13 3 7 1 9 5 16 4 6 18 12 2 14 10 8
The Pompey Club,NY,Pompey,Red,70.6,121,,,5438,5 5 5 5 5 5 4 4 4 4 4 4 3 3 3 3 3 3,11 15 17 13 3 7 1 9 5 16 4 6 18 12 2 14 10 8
Seven Oaks Golf Course,NY,Hamilton,Black,74.2,139,,,6834,4 3 4 4 5 4 5 3 4 4 3 5 4 3 4 4 4 5,1 17 11 9 13 7 5 15 3 4 6 12 16 14 10 2 18 8
Seven Oaks Golf Course,NY,Hamilton,Maroon,71.4,132,,,6423,4 3 4 4 5 4 5 3 4 4 3 5 4 3 4 4 4 5,1 17 11 9 13 7 5 15 3 4 6 12 16 14 10 2 18 8
Seven Oaks Golf Course,NY,Hamilton,Maroon/White,69.3,125,,,6068,4 3 4 4 5 4 5 3 4 4 3 5 4 3 4 4 4 5,1 17 11 9 13 7 5 15 3 4 6 12 16 14 10 2 18 8
Seven Oaks Golf Course,NY,Hamilton,White,67.1,122,,,5638,4 3 4 4 5 4 5 3 4 4 3 5 4 3 4 4 4 5,1 17 11 9 13 7 5 15 3 4 6 12 16 14 10 2 18 8
Seven Oaks Golf Course,NY,Hamilton,Grey (W),70.5,123,70.5,123,,4 3 4 4 5 4 5 3 4 4 3 5 4 3 4 4 4 5,1 17 11 9 13 7 5 15 3 4 6 12 16 14 10 2 18 8
Seven Oaks Golf Course,NY,Hamilton,Grey/Yellow (W),67.3,118,67.3,118,,4 3 4 4 5 4 5 3 4 4 3 5 4 3 4 4 4 5,1 17 11 9 13 7 5 15 3 4 6 12 16 14 10 2 18 8
Brookfield Country Club,NY,Clarence,Blue,73.2,130,,,6807,4 4 3 5 3 4 5 4 4 4 3 5 4 4 4 4 3 5,5 11 15 1 17 9 3 7 13 10 16 4 12 6 8 14 18 2
Brookfield Country Club,NY,Clarence,White,70.7,125,,,6321,4 4 3 5 3 4 5 4 4 4 3 5 4 4 4 4 3 5,5 11 15 1 17 9 3 7 13 10 16 4 12 6 8 14 18 2
Brookfield Country Club,NY,Clarence,Gold,67.0,110,,,5641,4 4 3 5 3 4 5 4 4 4 3 5 4 4 4 4 3 5,5 11 15 1 17 9 3 7 13 10 16 4 12 6 8 14 18 2
Brookfield Country Club,NY,Clarence,Yellow,73.0,127,,,5641,4 4 3 5 3 4 5 4 4 4 3 5 4 4 4 4 3 5,5 11 15 1 17 9 3 7 13 10 16 4 12 6 8 14 18 2
Brookfield Country Club,NY,Clarence,Red (W),71.1,123,71.1,123,,4 4 3 5 3 4 5 4 4 4 3 5 4 4 4 4 3 5,5 11 15 1 17 9 3 7 13 10 16 4 12 6 8 14 18 2
Country Club of Buffalo,NY,Williamsville,Black,72.7,131,,,6852,4 4 4 4 4 3 5 3 4 4 4 3 5 4 4 3 4 4,11 7 5 1 15 13 17 9 3 18 4 16 14 2 10 12 6 8
Country Club of Buffalo,NY,Williamsville,Blue,71.8,127,,,6444,4 4 4 4 4 3 5 3 4 4 4 3 5 4 4 3 4 4,11 7 5 1 15 13 17 9 3 18 4 16 14 2 10 12 6 8
Country Club of Buffalo,NY,Williamsville,White,69.5,124,75.3,132,5888,4 4 4 4 4 3 5 3 4 4 4 3 5 4 4 3 4 4,11 7 5 1 15 13 17 9 3 18 4 16 14 2 10 12 6 8
Country Club of Buffalo,NY,Williamsville,Green,67.8,122,,,5537,4 4 4 4 4 3 5 3 4 4 4 3 5 4 4 3 4 4,11 7 5 1 15 13 17 9 3 18 4 16 14 2 10 12 6 8
Country Club of Buffalo,NY,Williamsville,Gold (W),70.6,121,70.6,121,,4 4 4 4 4 3 5 3 4 4 4 3 5 4 4 3 4 4,11 7 5 1 15 13 17 9 3 18 4 16 14 2 10 12 6 8
Country Club of Buffalo,NY,Williamsville,Red (W),68.9,120,68.9,120,,4 4 4 4 4 3 5 3 4 4 4 3 5 4 4 3 4 4,11 7 5 1 15 13 17 9 3 18 4 16 14 2 10 12 6 8
Whispering Pines Golf Course,NY,Schenectady,White,55.0,90,,,2315,3 3 3 3 3 4 3 3 3 3 3 3 3 3 3 3 3 3,10 8 3 6 11 1 12 13 9 16 17 4 5 7 2 18 15 14
Whispering Pines Golf Course,NY,Schenectady,Red (W),55.0,90,55.0,90,,3 3 3 3 3 4 3 3 3 3 3 3 3 3 3 3 3 3,10 8 3 6 11 1 12 13 9 16 17 4 5 7 2 18 15 14
Colonie Golf & Country Club,NY,Voorheesville,Professional,74.1,133,,,6847,4 3 5 4 4 5 3 4 4 4 4 3 5 4 3 4 4 5,7 13 15 9 3 1 11 17 5 12 10 16 4 2 18 6 8 14
Colonie Golf & Country Club,NY,Voorheesville,Men's,71.5,130,,,6310,4 3 5 4 4 5 3 4 4 4 4 3 5 4 3 4 4 5,7 13 15 9 3 1 11 17 5 12 10 16 4 2 18 6 8 14
Colonie Golf & Country Club,NY,Voorheesville,Seniors,69.6,128,,,5896,4 3 5 4 4 5 3 4 4 4 4 3 5 4 3 4 4 5,7 13 15 9 3 1 11 17 5 12 10 16 4 2 18 6 8 14
Colonie Golf & Country Club,NY,Voorheesville,Red (W),73.5,128,73.5,128,,4 3 5 4 4 5 3 4 4 4 4 3 5 4 3 4 4 5,7 13 15 9 3 1 11 17 5 12 10 16 4 2 18 6 8 14
Hidden Valley Golf Club,NY,Whitesboro,Blue,70.0,109,,,6405,4 4 3 4 4 3 4 4 5 5 3 4 4 3 5 4 4 4,4 11 14 1 8 6 13 10 17 15 2 9 3 12 16 18 5 7
Hidden Valley Golf Club,NY,Whitesboro,White,69.1,106,,,6067,4 4 3 4 4 3 4 4 5 5 3 4 4 3 5 4 4 4,4 11 14 1 8 6 13 10 17 15 2 9 3 12 16 18 5 7
Hidden Valley Golf Club,NY,Whitesboro,Red (W),72.0,114,72.0,114,,4 4 3 4 4 3 4 4 5 5 3 4 4 3 5 4 4 4,4 11 14 1 8 6 13 10 17 15 2 9 3 12 16 18 5 7
Sagamore Golf Course,NY,Bolton Landing,Blue,73.8,138,,,6809,4 4 3 4 4 5 4 3 4 4 3 4 4 3 4 4 5 4,5 13 15 3 11 7 1 17 9 10 18 12 2 16 8 14 4 6
Sagamore Golf Course,NY,Bolton Landing,White,71.9,131,,,6392,4 4 3 4 4 5 4 3 4 4 3 4 4 3 4 4 5 4,5 13 15 3 11 7 1 17 9 10 18 12 2 16 8 14 4 6
Sagamore Golf Course,NY,Bolton Landing,Red,66.2,121,70.1,120,5261,4 4 3 4 4 5 4 3 4 4 3 4 4 3 4 4 5 4,5 13 15 3 11 7 1 17 9 10 18 12 2 16 8 14 4 6
Sidney Golf & Country Club,NY,Sidney,Back (18-hole),71.9,118,,,6901,5 5 4 4 4 4 4 3 3,
Mahopac Golf and Beach Club,NY,Mahopac,Championship,70.4,120,,,6523,,12 2 18 10 8 14 6 16 4 9 3 15 7 13 17 5 1 11
Shenendoah Golf Course,NY,Verona,Black,74.2,140,,,7013,4 4 3 5 4 4 4 5 3 5 4 3 4 3 4 4 4 5,5 9 13 3 7 1 17 11 15 12 14 16 10 6 8 18 2 4
Shenendoah Golf Course,NY,Verona,Blue,71.5,131,,,6520,4 4 3 5 4 4 4 5 3 5 4 3 4 3 4 4 4 5,5 9 13 3 7 1 17 11 15 12 14 16 10 6 8 18 2 4
Shenendoah Golf Course,NY,Verona,White,69.9,128,,,6170,4 4 3 5 4 4 4 5 3 5 4 3 4 3 4 4 4 5,5 9 13 3 7 1 17 11 15 12 14 16 10 6 8 18 2 4
Shenendoah Golf Course,NY,Verona,Gold,67.2,125,72.0,129,5605,4 4 3 5 4 4 4 5 3 5 4 3 4 3 4 4 4 5,5 9 13 3 7 1 17 11 15 12 14 16 10 6 8 18 2 4
Shenendoah Golf Course,NY,Verona,Red (W),68.9,118,68.9,118,,4 4 3 5 4 4 4 5 3 5 4 3 4 3 4 4 4 5,5 9 13 3 7 1 17 11 15 12 14 16 10 6 8 18 2 4
Oneida Community Golf Club,NY,Oneida,Blue,70.4,123,,,6418,4 4 4 5 3 4 3 4 4 5 3 4 5 4 4 4 3 4,5 7 3 9 13 1 15 17 11 6 18 4 10 8 14 12 16 2
Oneida Community Golf Club,NY,Oneida,White,69.2,120,,,6167,4 4 4 5 3 4 3 4 4 5 3 4 5 4 4 4 3 4,5 7 3 9 13 1 15 17 11 6 18 4 10 8 14 12 16 2
Oneida Community Golf Club,NY,Oneida,Gold,67.0,108,,,5584,4 4 4 5 3 4 3 4 4 5 3 4 5 4 4 4 3 4,5 7 3 9 13 1 15 17 11 6 18 4 10 8 14 12 16 2
Oneida Community Golf Club,NY,Oneida,Red (W),69.7,117,69.7,117,,4 4 4 5 3 4 3 4 4 5 3 4 5 4 4 4 3 4,5 7 3 9 13 1 15 17 11 6 18 4 10 8 14 12 16 2
Nick Stoner Municipal Golf Course,NY,Caroga Lake,Blue,69.5,110,,,6200,,7 13 3 5 15 9 1 11 17 4 12 2 18 10 6 16 14 8
Nick Stoner Municipal Golf Course,NY,Caroga Lake,White,68.5,117,,,5808,,7 13 3 5 15 9 1 11 17 4 12 2 18 10 6 16 14 8
Nick Stoner Municipal Golf Course,NY,Caroga Lake,Red (W),69.5,117,69.5,117,,,7 13 3 5 15 9 1 11 17 4 12 2 18 10 6 16 14 8
Columbia Golf & Country Club,NY,Claverack,Back,70.6,137,,,6231,,9 5 11 15 7 3 17 13 1 16 18 6 12 2 10 4 14 8
Columbia Golf & Country Club,NY,Claverack,Middle,68.9,134,,,5815,,9 5 11 15 7 3 17 13 1 16 18 6 12 2 10 4 14 8
Columbia Golf & Country Club,NY,Claverack,Forward (W),71.3,123,71.3,123,,,9 5 11 15 7 3 17 13 1 16 18 6 12 2 10 4 14 8
Cortland Country Club,NY,Cortland,Blue,70.5,129,76.7,134,6327,5 4 4 5 5 3 4 3 3 4 5 5 3 4 3 4 4 4,3 11 7 5 1 15 9 17 13 2 6 14 18 8 16 12 4 10
Cortland Country Club,NY,Cortland,White,69.4,125,74.7,127,6003,5 4 4 5 5 3 4 3 3 4 5 5 3 4 3 4 4 4,3 11 7 5 1 15 9 17 13 2 6 14 18 8 16 12 4 10
Cortland Country Club,NY,Cortland,Red (W),72.0,123,72.0,123,,5 4 4 5 5 3 4 3 3 4 5 5 3 4 3 4 4 4,3 11 7 5 1 15 9 17 13 2 6 14 18 8 16 12 4 10
Glen Oak Golf Course,NY,East Amherst,Tee 1,75.4,142,,,7310,5 3 4 4 5 4 4 3 4 4 5 3 4 4 3 4 4 5,17 13 9 15 1 7 5 3 11 6 18 4 8 14 10 16 12 2
Glen Oak Golf Course,NY,East Amherst,Tee 2,72.8,136,,,6720,5 3 4 4 5 4 4 3 4 4 5 3 4 4 3 4 4 5,17 13 9 15 1 7 5 3 11 6 18 4 8 14 10 16 12 2
Glen Oak Golf Course,NY,East Amherst,Tee 3,70.4,127,75.2,131,6170,5 3 4 4 5 4 4 3 4 4 5 3 4 4 3 4 4 5,17 13 9 15 1 7 5 3 11 6 18 4 8 14 10 16 12 2
Glen Oak Golf Course,NY,East Amherst,Tee 4,67.7,118,73.0,128,5620,5 3 4 4 5 4 4 3 4 4 5 3 4 4 3 4 4 5,17 13 9 15 1 7 5 3 11 6 18 4 8 14 10 16 12 2
Glen Oak Golf Course,NY,East Amherst,Tee 5,64.4,112,69.3,118,4940,5 3 4 4 5 4 4 3 4 4 5 3 4 4 3 4 4 5,17 13 9 15 1 7 5 3 11 6 18 4 8 14 10 16 12 2
Glen Oak Golf Course,NY,East Amherst,Tee 6,62.2,101,65.3,113,4325,5 3 4 4 5 4 4 3 4 4 5 3 4 4 3 4 4 5,17 13 9 15 1 7 5 3 11 6 18 4 8 14 10 16 12 2
Glen Oak Golf Course,NY,East Amherst,Tee 7,60.0,99,61.6,108,3755,5 3 4 4 5 4 4 3 4 4 5 3 4 4 3 4 4 5,17 13 9 15 1 7 5 3 11 6 18 4 8 14 10 16 12 2
Glen Oak Golf Course,NY,East Amherst,Tee 8,58.1,94,58.4,104,3160,5 3 4 4 5 4 4 3 4 4 5 3 4 4 3 4 4 5,17 13 9 15 1 7 5 3 11 6 18 4 8 14 10 16 12 2
Sycamore Country Club,NY,Ravena,Blue,71.5,120,,,6610,,17 5 7 15 11 3 13 9 1 4 10 8 12 6 14 16 18 2
Sycamore Country Club,NY,Ravena,White,70.2,117,,,6196,,17 5 7 15 11 3 13 9 1 4 10 8 12 6 14 16 18 2
Sycamore Country Club,NY,Ravena,Red (W),70.5,121,70.5,121,,,17 5 7 15 11 3 13 9 1 4 10 8 12 6 14 16 18 2
Montauk Downs,NY,Montauk,Championship,73.3,135,,,6976,4 3 4 4 5 4 5 3 4 5 4 3 5 3 4 4 4 4,11 17 9 5 3 13 7 15 1 2 18 14 8 16 6 10 12 4
Montauk Downs,NY,Montauk,Regulation,71.2,130,,,6289,4 3 4 4 5 4 5 3 4 5 4 3 5 3 4 4 4 4,11 17 9 5 3 13 7 15 1 2 18 14 8 16 6 10 12 4
Montauk Downs,NY,Montauk,Forward,74.2,132,,,5797,4 3 4 4 5 4 5 3 4 5 4 3 5 3 4 4 4 4,11 17 9 5 3 13 7 15 1 2 18 14 8 16 6 10 12 4
Ballston Spa Country Club,NY,Ballston Spa,Blue,70.6,121,,,6280,4 3 5 4 4 3 4 5 3 5 4 4 5 4 3 4 3 4,2 12 10 6 4 14 8 18 16 11 17 3 13 1 9 5 15 7
Ballston Spa Country Club,NY,Ballston Spa,White,68.8,119,,,5890,4 3 5 4 4 3 4 5 3 5 4 4 5 4 3 4 3 4,2 12 10 6 4 14 8 18 16 11 17 3 13 1 9 5 15 7
Ballston Spa Country Club,NY,Ballston Spa,Red,66.8,114,,,5505,4 3 5 4 4 3 4 5 3 5 4 4 5 4 3 4 3 4,2 12 10 6 4 14 8 18 16 11 17 3 13 1 9 5 15 7
Fox Run Golf Club,NY,Johnstown,Blue,70.9,120,,,6400,4 4 3 4 3 5 4 4 4 4 3 4 4 5 5 4 3 4,15 13 7 17 11 1 5 3 9 14 12 8 6 2 10 4 18 16
Fox Run Golf Club,NY,Johnstown,White,68.7,118,,,6084,4 4 3 4 3 5 4 4 4 4 3 4 4 5 5 4 3 4,15 13 7 17 11 1 5 3 9 14 12 8 6 2 10 4 18 16
Fox Run Golf Club,NY,Johnstown,Gold,65.9,111,,,5271,4 4 3 4 3 5 4 4 4 4 3 4 4 5 5 4 3 4,15 13 7 17 11 1 5 3 9 14 12 8 6 2 10 4 18 16
Fox Run Golf Club,NY,Johnstown,Red (W),68.1,110,68.1,110,,4 4 3 4 3 5 4 4 4 4 3 4 4 5 5 4 3 4,15 13 7 17 11 1 5 3 9 14 12 8 6 2 10 4 18 16
Swan Lake Golf Club,NY,Manorville,Blue,73.7,124,,,7035,4 5 4 3 4 5 3 4 4 4 4 5 4 3 5 3 4 4,9 13 1 11 5 15 17 7 3 4 8 14 16 2 18 12 10 6
Swan Lake Golf Club,NY,Manorville,White,70.6,120,,,6372,4 5 4 3 4 5 3 4 4 4 4 5 4 3 5 3 4 4,9 13 1 11 5 15 17 7 3 4 8 14 16 2 18 12 10 6
Swan Lake Golf Club,NY,Manorville,Red (W),69.4,114,69.4,114,,4 5 4 3 4 5 3 4 4 4 4 5 4 3 5 3 4 4,9 13 1 11 5 15 17 7 3 4 8 14 16 2 18 12 10 6
Fairways of Halfmoon,NY,Mechanicville,Blue,70.4,124,,,6237,5 4 4 4 3 4 5 3 5 4 4 4 3 4 5 4 3 4,5 15 11 1 17 13 7 9 3 4 12 14 16 2 6 18 10 8
Fairways of Halfmoon,NY,Mechanicville,White,68.3,122,,,5864,5 4 4 4 3 4 5 3 5 4 4 4 3 4 5 4 3 4,5 15 11 1 17 13 7 9 3 4 12 14 16 2 6 18 10 8
Fairways of Halfmoon,NY,Mechanicville,Gold,65.7,111,,,5560,5 4 4 4 3 4 5 3 5 4 4 4 3 4 5 4 3 4,5 15 11 1 17 13 7 9 3 4 12 14 16 2 6 18 10 8
Fairways of Halfmoon,NY,Mechanicville,Red (W),66.8,114,66.8,114,,5 4 4 4 3 4 5 3 5 4 4 4 3 4 5 4 3 4,5 15 11 1 17 13 7 9 3 4 12 14 16 2 6 18 10 8
North Hempstead Country Club,NY,Port Washington,Gold,71.1,132,72.4,134,6371,4 3 4 4 5 3 4 5 3 4 4 4 3 5 4 4 3 4,8 18 12 10 4 16 2 6 14 1 7 11 17 9 15 3 13 5
North Hempstead Country Club,NY,Port Washington,Blue,69.5,129,,,6037,4 3 4 4 5 3 4 5 3 4 4 4 3 5 4 4 3 4,8 18 12 10 4 16 2 6 14 1 7 11 17 9 15 3 13 5
North Hempstead Country Club,NY,Port Washington,White,68.6,127,74.4,131,5808,4 3 4 4 5 3 4 5 3 4 4 4 3 5 4 4 3 4,8 18 12 10 4 16 2 6 14 1 7 11 17 9 15 3 13 5
North Hempstead Country Club,NY,Port Washington,Red,66.9,118,71.7,127,5465,4 3 4 4 5 3 4 5 3 4 4 4 3 5 4 4 3 4,8 18 12 10 4 16 2 6 14 1 7 11 17 9 15 3 13 5
Hanah Country Club,NY,Margaretville,Black,74.0,136,,,7195,4 4 3 5 4 4 3 5 4 5 4 3 4 5 3 4 4 4,17 7 5 9 11 15 13 3 1 4 6 12 2 8 18 10 16 14
Hanah Country Club,NY,Margaretville,Blue,73.5,133,,,7033,4 4 3 5 4 4 3 5 4 5 4 3 4 5 3 4 4 4,17 7 5 9 11 15 13 3 1 4 6 12 2 8 18 10 16 14
Hanah Country Club,NY,Margaretville,White,70.0,126,,,6313,4 4 3 5 4 4 3 5 4 5 4 3 4 5 3 4 4 4,17 7 5 9 11 15 13 3 1 4 6 12 2 8 18 10 16 14
Hanah Country Club,NY,Margaretville,Red,69.7,123,,,5125,4 4 3 5 4 4 3 5 4 5 4 3 4 5 3 4 4 4,17 7 5 9 11 15 13 3 1 4 6 12 2 8 18 10 16 14
Westhampton Country Club,NY,Westhampton Beach,Red,72.3,137,,,6548,4 4 3 4 5 4 3 4 4 4 3 4 4 5 4 4 3 4,13 15 17 1 7 5 11 9 3 2 16 4 18 6 8 14 12 10
Westhampton Country Club,NY,Westhampton Beach,Red/White,71.5,136,,,6309,4 4 3 4 5 4 3 4 4 4 3 4 4 5 4 4 3 4,13 15 17 1 7 5 11 9 3 2 16 4 18 6 8 14 12 10
Westhampton Country Club,NY,Westhampton Beach,White,70.9,135,,,6207,4 4 3 4 5 4 3 4 4 4 3 4 4 5 4 4 3 4,13 15 17 1 7 5 11 9 3 2 16 4 18 6 8 14 12 10
Westhampton Country Club,NY,Westhampton Beach,White/Blue,68.4,129,,,5652,4 4 3 4 5 4 3 4 4 4 3 4 4 5 4 4 3 4,13 15 17 1 7 5 11 9 3 2 16 4 18 6 8 14 12 10
Westhampton Country Club,NY,Westhampton Beach,Blue,67.2,125,72.1,134,5329,4 4 3 4 5 4 3 4 4 4 3 4 4 5 4 4 3 4,13 15 17 1 7 5 11 9 3 2 16 4 18 6 8 14 12 10
Westhampton Country Club,NY,Westhampton Beach,Green,65.7,122,70.3,127,5005,4 4 3 4 5 4 3 4 4 4 3 4 4 5 4 4 3 4,13 15 17 1 7 5 11 9 3 2 16 4 18 6 8 14 12 10
Westhampton Country Club,NY,Westhampton Beach,Blue/Pink (W),70.6,126,70.6,126,,4 4 3 4 5 4 3 4 4 4 3 4 4 5 4 4 3 4,13 15 17 1 7 5 11 9 3 2 16 4 18 6 8 14 12 10
Quogue Field Club,NY,Quogue,Black/Orange (18-hole),70.5,128,,,6159,,
Quogue Field Club,NY,Quogue,White/Red (18-hole),67.0,126,71.5,132,5186,,
Sands Point Golf Club,NY,Sands Point,Black,73.6,140,,,6823,,
Sands Point Golf Club,NY,Sands Point,Blue,72.2,136,,,6544,,
Sands Point Golf Club,NY,Sands Point,White,71.0,133,,,6310,,
Sands Point Golf Club,NY,Sands Point,White/Gold,68.7,130,,,5862,,
Sands Point Golf Club,NY,Sands Point,Red (W),71.2,129,71.2,129,,,
Sands Point Golf Club,NY,Sands Point,Gold,66.5,125,71.2,129,5407,,
Village Club of Sands Point,NY,Sands Point,Black,71.8,133,,,6549,5 4 5 4 3 4 3 5 4 4 3 4 4 3 4 3 5 4,14 4 10 6 16 12 18 8 2 3 9 13 5 11 1 17 15 7
Village Club of Sands Point,NY,Sands Point,Blue,70.9,132,,,6366,5 4 5 4 3 4 3 5 4 4 3 4 4 3 4 3 5 4,14 4 10 6 16 12 18 8 2 3 9 13 5 11 1 17 15 7
Village Club of Sands Point,NY,Sands Point,Blue/White,70.2,129,,,6197,5 4 5 4 3 4 3 5 4 4 3 4 4 3 4 3 5 4,14 4 10 6 16 12 18 8 2 3 9 13 5 11 1 17 15 7
Village Club of Sands Point,NY,Sands Point,White,69.4,127,74.8,133,6024,5 4 5 4 3 4 3 5 4 4 3 4 4 3 4 3 5 4,14 4 10 6 16 12 18 8 2 3 9 13 5 11 1 17 15 7
Village Club of Sands Point,NY,Sands Point,White/Yellow,68.0,126,,,5754,5 4 5 4 3 4 3 5 4 4 3 4 4 3 4 3 5 4,14 4 10 6 16 12 18 8 2 3 9 13 5 11 1 17 15 7
Village Club of Sands Point,NY,Sands Point,Yellow,66.7,124,72.2,125,5505,5 4 5 4 3 4 3 5 4 4 3 4 4 3 4 3 5 4,14 4 10 6 16 12 18 8 2 3 9 13 5 11 1 17 15 7
Village Club of Sands Point,NY,Sands Point,Green (W),69.9,122,69.9,122,,5 4 5 4 3 4 3 5 4 4 3 4 4 3 4 3 5 4,14 4 10 6 16 12 18 8 2 3 9 13 5 11 1 17 15 7
Mill River Country Club,NY,Oyster Bay,Championship,72.6,138,,,6623,5 4 3 4 5 4 3 4 4 4 4 3 4 5 4 3 5 4,11 9 17 1 13 7 15 3 5 8 2 16 6 10 14 18 4 12
Mill River Country Club,NY,Oyster Bay,Back,70.8,134,,,6233,5 4 3 4 5 4 3 4 4 4 4 3 4 5 4 3 5 4,11 9 17 1 13 7 15 3 5 8 2 16 6 10 14 18 4 12
Mill River Country Club,NY,Oyster Bay,Middle,69.0,129,,,5624,5 4 3 4 5 4 3 4 4 4 4 3 4 5 4 3 5 4,11 9 17 1 13 7 15 3 5 8 2 16 6 10 14 18 4 12
Mill River Country Club,NY,Oyster Bay,Forward (W),72.7,124,72.7,124,,5 4 3 4 5 4 3 4 4 4 4 3 4 5 4 3 5 4,11 9 17 1 13 7 15 3 5 8 2 16 6 10 14 18 4 12
The Muttontown Club,NY,East Norwich,Black,70.3,128,,,6533,4 4 4 3 4 4 3 5 4 4 4 5 4 3 4 3 5 4,13 9 3 11 17 7 15 1 5 12 6 2 8 16 14 18 10 4
The Muttontown Club,NY,East Norwich,Blue,68.7,125,,,6134,4 4 4 3 4 4 3 5 4 4 4 5 4 3 4 3 5 4,13 9 3 11 17 7 15 1 5 12 6 2 8 16 14 18 10 4
The Muttontown Club,NY,East Norwich,White,67.4,122,73.8,127,5844,4 4 4 3 4 4 3 5 4 4 4 5 4 3 4 3 5 4,13 9 3 11 17 7 15 1 5 12 6 2 8 16 14 18 10 4
The Muttontown Club,NY,East Norwich,Red,66.5,113,72.0,124,5541,4 4 4 3 4 4 3 5 4 4 4 5 4 3 4 3 5 4,13 9 3 11 17 7 15 1 5 12 6 2 8 16 14 18 10 4
Fishers Island Club,NY,Fishers Island,Blue,71.8,143,,,6544,4 3 4 4 3 5 4 5 4 4 3 4 4 4 5 3 4 5,8 14 10 2 6 12 4 18 16 3 13 11 5 1 9 17 7 15
Fishers Island Club,NY,Fishers Island,White,70.1,133,,,6138,4 3 4 4 3 5 4 5 4 4 3 4 4 4 5 3 4 5,8 14 10 2 6 12 4 18 16 3 13 11 5 1 9 17 7 15
Fishers Island Club,NY,Fishers Island,Gold,66.5,116,71.9,129,5411,4 3 4 4 3 5 4 5 4 4 3 4 4 4 5 3 4 5,8 14 10 2 6 12 4 18 16 3 13 11 5 1 9 17 7 15
Fishers Island Club,NY,Fishers Island,Red/Gold (W),71.9,129,71.9,129,,4 3 4 4 3 5 4 5 4 4 3 4 4 4 5 3 4 5,8 14 10 2 6 12 4 18 16 3 13 11 5 1 9 17 7 15
Fishers Island Club,NY,Fishers Island,Green,59.8,108,63.4,115,4015,4 3 4 4 3 5 4 5 4 4 3 4 4 4 5 3 4 5,8 14 10 2 6 12 4 18 16 3 13 11 5 1 9 17 7 15
Long Island National,NY,Riverhead,Black,74.2,132,,,6901,4 4 4 5 4 3 4 4 3 5 3 4 4 3 4 4 4 5,8 2 12 6 4 14 16 10 18 11 17 7 9 13 15 3 1 5
Long Island National,NY,Riverhead,Blue,71.5,128,,,6269,4 4 4 5 4 3 4 4 3 5 3 4 4 3 4 4 4 5,8 2 12 6 4 14 16 10 18 11 17 7 9 13 15 3 1 5
Long Island National,NY,Riverhead,White,68.4,122,73.3,130,5603,4 4 4 5 4 3 4 4 3 5 3 4 4 3 4 4 4 5,8 2 12 6 4 14 16 10 18 11 17 7 9 13 15 3 1 5
Long Island National,NY,Riverhead,Red (W),70.6,120,70.6,120,,4 4 4 5 4 3 4 4 3 5 3 4 4 3 4 4 4 5,8 2 12 6 4 14 16 10 18 11 17 7 9 13 15 3 1 5
Dyker Beach Golf Course,NY,Brooklyn,Blue,70.5,122,,,6438,4 3 4 5 4 3 5 4 4 4 3 4 4 4 5 4 3 4,4 14 8 12 2 10 6 18 16 11 17 13 1 3 7 9 5 15
Dyker Beach Golf Course,NY,Brooklyn,White,69.3,119,,,6176,4 3 4 5 4 3 5 4 4 4 3 4 4 4 5 4 3 4,4 14 8 12 2 10 6 18 16 11 17 13 1 3 7 9 5 15
Dyker Beach Golf Course,NY,Brooklyn,Red,65.6,111,70.7,117,5366,4 3 4 5 4 3 5 4 4 4 3 4 4 4 5 4 3 4,4 14 8 12 2 10 6 18 16 11 17 13 1 3 7 9 5 15
Willow Creek Golf and Country Club,NY,Mt Sinai,Black,71.0,134,,,6611,4 3 4 3 5 4 4 4 5 4 3 4 5 3 5 3 4 4,15 17 9 13 7 3 11 5 1 12 18 6 4 14 2 16 8 10
Willow Creek Golf and Country Club,NY,Mt Sinai,Blue,69.5,131,,,6311,4 3 4 3 5 4 4 4 5 4 3 4 5 3 5 3 4 4,15 17 9 13 7 3 11 5 1 12 18 6 4 14 2 16 8 10
Willow Creek Golf and Country Club,NY,Mt Sinai,White,68.1,128,,,5810,4 3 4 3 5 4 4 4 5 4 3 4 5 3 5 3 4 4,15 17 9 13 7 3 11 5 1 12 18 6 4 14 2 16 8 10
Willow Creek Golf and Country Club,NY,Mt Sinai,Yellow,65.8,123,,,5377,4 3 4 3 5 4 4 4 5 4 3 4 5 3 5 3 4 4,15 17 9 13 7 3 11 5 1 12 18 6 4 14 2 16 8 10
Willow Creek Golf and Country Club,NY,Mt Sinai,Red (W),68.3,124,68.3,124,,4 3 4 3 5 4 4 4 5 4 3 4 5 3 5 3 4 4,15 17 9 13 7 3 11 5 1 12 18 6 4 14 2 16 8 10
Merrick Golf Course,NY,Merrick,White,69.6,108,,,3115,5 3 4 4 4 5 4 3 4,
Merrick Golf Course,NY,Merrick,Red (W),69.0,108,69.0,108,,5 3 4 4 4 5 4 3 4,
Atlantic Golf Club,NY,Bridgehampton,Champion,74.9,141,,,7071,5 4 4 3 4 5 3 4 4 4 3 4 5 4 3 4 4 5,9 1 15 7 5 13 17 11 3 2 12 10 14 8 16 4 18 6
Atlantic Golf Club,NY,Bridgehampton,Back,73.0,136,,,6610,5 4 4 3 4 5 3 4 4 4 3 4 5 4 3 4 4 5,9 1 15 7 5 13 17 11 3 2 12 10 14 8 16 4 18 6
Atlantic Golf Club,NY,Bridgehampton,Member,71.1,130,76.8,135,6160,5 4 4 3 4 5 3 4 4 4 3 4 5 4 3 4 4 5,9 1 15 7 5 13 17 11 3 2 12 10 14 8 16 4 18 6
Atlantic Golf Club,NY,Bridgehampton,Forward,66.9,122,71.1,124,5250,5 4 4 3 4 5 3 4 4 4 3 4 5 4 3 4 4 5,9 1 15 7 5 13 17 11 3 2 12 10 14 8 16 4 18 6
Meadow Brook Club,NY,Jericho,Blue,76.3,143,,,7405,5 4 4 4 4 3 4 5 3 5 4 4 3 4 4 3 4 5,15 7 1 5 17 13 9 3 11 16 6 2 10 4 12 14 18 8
Meadow Brook Club,NY,Jericho,Blue/Composite,73.3,140,,,7015,5 4 4 4 4 3 4 5 3 5 4 4 3 4 4 3 4 5,15 7 1 5 17 13 9 3 11 16 6 2 10 4 12 14 18 8
Meadow Brook Club,NY,Jericho,Red,72.8,138,,,6810,5 4 4 4 4 3 4 5 3 5 4 4 3 4 4 3 4 5,15 7 1 5 17 13 9 3 11 16 6 2 10 4 12 14 18 8
Meadow Brook Club,NY,Jericho,Red/Composite,70.9,136,,,6427,5 4 4 4 4 3 4 5 3 5 4 4 3 4 4 3 4 5,15 7 1 5 17 13 9 3 11 16 6 2 10 4 12 14 18 8
Meadow Brook Club,NY,Jericho,Gold,70.0,132,,,6205,5 4 4 4 4 3 4 5 3 5 4 4 3 4 4 3 4 5,15 7 1 5 17 13 9 3 11 16 6 2 10 4 12 14 18 8
Meadow Brook Club,NY,Jericho,Gold/Composite,74.9,135,,,5985,5 4 4 4 4 3 4 5 3 5 4 4 3 4 4 3 4 5,15 7 1 5 17 13 9 3 11 16 6 2 10 4 12 14 18 8
Meadow Brook Club,NY,Jericho,White,72.5,127,,,5607,5 4 4 4 4 3 4 5 3 5 4 4 3 4 4 3 4 5,15 7 1 5 17 13 9 3 11 16 6 2 10 4 12 14 18 8
Dutch Hollow Country Club,NY,Owasco,Blue,70.3,126,,,6527,5 4 4 3 5 3 4 5 3 4 4 4 4 3 5 3 4 4,7 11 5 13 9 15 1 3 17 14 8 4 6 18 2 16 10 12
Dutch Hollow Country Club,NY,Owasco,White,69.0,123,74.3,126,6003,5 4 4 3 5 3 4 5 3 4 4 4 4 3 5 3 4 4,7 11 5 13 9 15 1 3 17 14 8 4 6 18 2 16 10 12
Dutch Hollow Country Club,NY,Owasco,Gold,66.1,119,71.0,117,5481,5 4 4 3 5 3 4 5 3 4 4 4 4 3 5 3 4 4,7 11 5 13 9 15 1 3 17 14 8 4 6 18 2 16 10 12
Dutch Hollow Country Club,NY,Owasco,Red,64.1,113,68.3,114,5061,5 4 4 3 5 3 4 5 3 4 4 4 4 3 5 3 4 4,7 11 5 13 9 15 1 3 17 14 8 4 6 18 2 16 10 12
Tan Tara Golf Club,NY,North Tonawanda,Black,73.1,124,,,7087,3 5 5 4 4 4 4 4 3 3 5 4 5 4 4 4 4 3,15 7 13 1 3 11 5 9 17 18 2 8 4 14 6 10 12 16
Tan Tara Golf Club,NY,North Tonawanda,Blue,71.3,122,,,6712,3 5 5 4 4 4 4 4 3 3 5 4 5 4 4 4 4 3,15 7 13 1 3 11 5 9 17 18 2 8 4 14 6 10 12 16
Tan Tara Golf Club,NY,North Tonawanda,White,69.7,120,,,6390,3 5 5 4 4 4 4 4 3 3 5 4 5 4 4 4 4 3,15 7 13 1 3 11 5 9 17 18 2 8 4 14 6 10 12 16
Tan Tara Golf Club,NY,North Tonawanda,Gold,67.0,110,73.0,117,5870,3 5 5 4 4 4 4 4 3 3 5 4 5 4 4 4 4 3,15 7 13 1 3 11 5 9 17 18 2 8 4 14 6 10 12 16
Tan Tara Golf Club,NY,North Tonawanda,Red (W),70.3,114,70.3,114,,3 5 5 4 4 4 4 4 3 3 5 4 5 4 4 4 4 3,15 7 13 1 3 11 5 9 17 18 2 8 4 14 6 10 12 16
Tarry Brae Golf Course,NY,South Fallsburg,Black,73.8,133,,,6965,4 4 4 3 4 5 3 4 5 5 3 4 4 4 4 4 3 5,9 3 13 5 7 17 15 1 11 18 6 14 2 8 16 4 12 10
Tarry Brae Golf Course,NY,South Fallsburg,Green,71.6,126,,,6389,4 4 4 3 4 5 3 4 5 5 3 4 4 4 4 4 3 5,9 3 13 5 7 17 15 1 11 18 6 14 2 8 16 4 12 10
Tarry Brae Golf Course,NY,South Fallsburg,Gold,68.7,123,,,5789,4 4 4 3 4 5 3 4 5 5 3 4 4 4 4 4 3 5,9 3 13 5 7 17 15 1 11 18 6 14 2 8 16 4 12 10
Cavalry Club,NY,Manlius,Blue,72.5,133,,,6741,4 4 3 5 4 5 4 3 4 4 4 4 3 5 4 3 5 4,9 7 3 11 5 15 13 17 1 12 4 2 18 16 6 14 10 8
Cavalry Club,NY,Manlius,White,70.0,130,,,6234,4 4 3 5 4 5 4 3 4 4 4 4 3 5 4 3 5 4,9 7 3 11 5 15 13 17 1 12 4 2 18 16 6 14 10 8
Cavalry Club,NY,Manlius,Gold,68.1,125,,,5752,4 4 3 5 4 5 4 3 4 4 4 4 3 5 4 3 5 4,9 7 3 11 5 15 13 17 1 12 4 2 18 16 6 14 10 8
Cavalry Club,NY,Manlius,Red (W),72.0,125,72.0,125,,4 4 3 5 4 5 4 3 4 4 4 4 3 5 4 3 5 4,9 7 3 11 5 15 13 17 1 12 4 2 18 16 6 14 10 8
Briar Creek Golf Course,NY,Duanesburg,White,69.4,112,,,5672,,13 1 3 7 11 5 15 9 17 6 4 2 10 18 16 14 12 8
West Hills Country Club,NY,Middletown,Black,72.4,135,,,6527,4 3 4 4 3 5 4 4 3 4 5 4 4 5 5 3 4 3,5 13 11 9 15 1 7 3 17 6 4 10 14 8 2 18 12 16
West Hills Country Club,NY,Middletown,Blue,70.8,131,,,6089,4 3 4 4 3 5 4 4 3 4 5 4 4 5 5 3 4 3,5 13 11 9 15 1 7 3 17 6 4 10 14 8 2 18 12 16
West Hills Country Club,NY,Middletown,White,67.8,124,70.2,124,5506,4 3 4 4 3 5 4 4 3 4 5 4 4 5 5 3 4 3,5 13 11 9 15 1 7 3 17 6 4 10 14 8 2 18 12 16
West Hills Country Club,NY,Middletown,White/Red (W),71.8,130,71.8,130,,4 3 4 4 3 5 4 4 3 4 5 4 4 5 5 3 4 3,5 13 11 9 15 1 7 3 17 6 4 10 14 8 2 18 12 16
West Hills Country Club,NY,Middletown,Red (W),71.0,129,71.0,129,,4 3 4 4 3 5 4 4 3 4 5 4 4 5 5 3 4 3,5 13 11 9 15 1 7 3 17 6 4 10 14 8 2 18 12 16
Kutchers Golf Course,NY,Harris,Blue,73.9,129,,,7001,5 5 5 4 4 4 4 4 4 4 4 4 4 4 3 3 3 3,13 1 15 9 5 3 17 7 11 10 8 12 2 18 4 16 14 6
Cedars Golf Course,NY,Lowville,White,66.8,121,,,5647,4 4 3 5 4 3 4 3 5 4 3 4 4 4 3 5 4 4,8 6 14 10 4 18 2 16 12 7 17 3 13 1 15 5 11 9
Cedars Golf Course,NY,Lowville,Red (W),68.2,115,68.2,115,,4 4 3 5 4 3 4 3 5 4 3 4 4 4 3 5 4 4,8 6 14 10 4 18 2 16 12 7 17 3 13 1 15 5 11 9
Pine Ridge Golf Club,NY,Coram,Black,72.0,132,,,6607,,16 2 8 12 10 4 18 6 14 15 3 5 1 11 13 9 17 7
Pine Ridge Golf Club,NY,Coram,Blue,69.8,125,,,6135,,16 2 8 12 10 4 18 6 14 15 3 5 1 11 13 9 17 7
Pine Ridge Golf Club,NY,Coram,White,67.2,122,,,5612,,16 2 8 12 10 4 18 6 14 15 3 5 1 11 13 9 17 7
Pine Ridge Golf Club,NY,Coram,Gold,63.6,108,,,4868,,16 2 8 12 10 4 18 6 14 15 3 5 1 11 13 9 17 7
Byrncliff Golf Resort,NY,Varysburg,Blue,71.9,117,,,6672,4 5 4 3 4 4 5 3 4 4 4 3 4 5 5 3 4 4,7 9 3 17 1 11 5 15 13 4 14 18 6 10 12 16 2 8
Byrncliff Golf Resort,NY,Varysburg,White,69.0,113,,,6053,4 5 4 3 4 4 5 3 4 4 4 3 4 5 5 3 4 4,7 9 3 17 1 11 5 15 13 4 14 18 6 10 12 16 2 8
Byrncliff Golf Resort,NY,Varysburg,Gold,65.9,105,67.1,113,5382,4 5 4 3 4 4 5 3 4 4 4 3 4 5 5 3 4 4,7 9 3 17 1 11 5 15 13 4 14 18 6 10 12 16 2 8
Byrncliff Golf Resort,NY,Varysburg,Red (W),67.2,109,67.2,109,,4 5 4 3 4 4 5 3 4 4 4 3 4 5 5 3 4 4,7 9 3 17 1 11 5 15 13 4 14 18 6 10 12 16 2 8
Plandome Country Club,NY,Plandome,Back,71.7,138,73.6,131,6610,4 5 3 4 5 3 4 4 4 4 3 4 4 4 3 4 5 4,1 5 15 7 9 17 13 3 11 16 14 2 4 10 8 6 18 12
Plandome Country Club,NY,Plandome,Forward,70.1,133,72.2,126,6135,4 5 3 4 5 3 4 4 4 4 3 4 4 4 3 4 5 4,1 5 15 7 9 17 13 3 11 16 14 2 4 10 8 6 18 12
Moon Brook Country Club,NY,Jamestown,Blue,73.1,134,,,6844,4 4 4 3 5 5 4 3 4 4 5 4 3 5 4 4 3 4,15 9 11 17 1 7 5 13 3 10 4 6 14 8 12 16 18 2
Moon Brook Country Club,NY,Jamestown,White,71.9,131,,,6540,4 4 4 3 5 5 4 3 4 4 5 4 3 5 4 4 3 4,15 9 11 17 1 7 5 13 3 10 4 6 14 8 12 16 18 2
Moon Brook Country Club,NY,Jamestown,Gold,68.8,124,,,5932,4 4 4 3 5 5 4 3 4 4 5 4 3 5 4 4 3 4,15 9 11 17 1 7 5 13 3 10 4 6 14 8 12 16 18 2
Moon Brook Country Club,NY,Jamestown,Red (W),70.4,121,70.4,121,,4 4 4 3 5 5 4 3 4 4 5 4 3 5 4 4 3 4,15 9 11 17 1 7 5 13 3 10 4 6 14 8 12 16 18 2
Pinnacle Golf Course,NY,Addison,Regulation,71.8,122,,,3259,5 5 4 4 4 4 4 3 3,
Pinnacle Golf Course,NY,Addison,Forward,71.2,117,,,2657,5 5 4 4 4 4 4 3 3,
Hickory Hill,NY,Warwick,Blue,72.8,123,,,6797,4 4 4 4 3 4 5 3 5 4 4 4 5 3 4 4 3 5,10 8 14 12 6 16 4 18 2 17 7 13 15 11 3 1 5 9
Hickory Hill,NY,Warwick,White,70.9,119,,,6374,4 4 4 4 3 4 5 3 5 4 4 4 5 3 4 4 3 5,10 8 14 12 6 16 4 18 2 17 7 13 15 11 3 1 5 9
Hickory Hill,NY,Warwick,Red,74.2,125,,,5898,4 4 4 4 3 4 5 3 5 4 4 4 5 3 4 4 3 5,10 8 14 12 6 16 4 18 2 17 7 13 15 11 3 1 5 9
Southward Ho Country Club,NY,Bay Shore,Championship,71.8,133,,,6572,4 5 4 3 4 4 4 4 3 5 5 4 4 3 4 4 3 4,12 14 2 18 8 10 6 4 16 13 3 15 7 9 11 1 17 5
Southward Ho Country Club,NY,Bay Shore,Tournament,70.9,132,,,6340,4 5 4 3 4 4 4 4 3 5 5 4 4 3 4 4 3 4,12 14 2 18 8 10 6 4 16 13 3 15 7 9 11 1 17 5
Southward Ho Country Club,NY,Bay Shore,White,70.0,130,,,6141,4 5 4 3 4 4 4 4 3 5 5 4 4 3 4 4 3 4,12 14 2 18 8 10 6 4 16 13 3 15 7 9 11 1 17 5
Southward Ho Country Club,NY,Bay Shore,Forward (W),72.0,129,72.0,129,,4 5 4 3 4 4 4 4 3 5 5 4 4 3 4 4 3 4,12 14 2 18 8 10 6 4 16 13 3 15 7 9 11 1 17 5
Otterkill Country Club,NY,Campbell Hall,Blue,74.1,138,,,6860,5 4 3 4 4 4 5 4 3 4 4 5 3 5 4 4 3 4,7 3 15 9 1 11 5 13 17 4 10 18 16 12 2 8 14 6
Otterkill Country Club,NY,Campbell Hall,White,72.0,135,,,6464,5 4 3 4 4 4 5 4 3 4 4 5 3 5 4 4 3 4,7 3 15 9 1 11 5 13 17 4 10 18 16 12 2 8 14 6
Otterkill Country Club,NY,Campbell Hall,Yellow,70.1,131,,,6100,5 4 3 4 4 4 5 4 3 4 4 5 3 5 4 4 3 4,7 3 15 9 1 11 5 13 17 4 10 18 16 12 2 8 14 6
Otterkill Country Club,NY,Campbell Hall,Red (W),70.7,122,70.7,122,,5 4 3 4 4 4 5 4 3 4 4 5 3 5 4 4 3 4,7 3 15 9 1 11 5 13 17 4 10 18 16 12 2 8 14 6
Putnam County Golf Course,NY,Mahopac,Blue,73.3,129,,,6745,5 4 4 5 3 4 3 4 4 4 4 3 5 4 3 5 4 4,15 1 17 11 13 9 7 5 3 8 18 16 10 14 12 4 6 2
Putnam County Golf Course,NY,Mahopac,White,71.2,127,,,6725,5 4 4 5 3 4 3 4 4 4 4 3 5 4 3 5 4 4,15 1 17 11 13 9 7 5 3 8 18 16 10 14 12 4 6 2
Putnam County Golf Course,NY,Mahopac,Gold,69.3,121,,,5725,5 4 4 5 3 4 3 4 4 4 4 3 5 4 3 5 4 4,15 1 17 11 13 9 7 5 3 8 18 16 10 14 12 4 6 2
Putnam County Golf Course,NY,Mahopac,Red (W),72.6,122,72.6,122,,5 4 4 5 3 4 3 4 4 4 4 3 5 4 3 5 4 4,15 1 17 11 13 9 7 5 3 8 18 16 10 14 12 4 6 2
Morefar Back O' Beyond,NY,Putnam Lake,Championship,73.0,133,,,6748,,
Mount Kisco Country Club,NY,Mount Kisco,Blue,72.4,144,,,6552,,13 9 7 17 1 11 5 15 3 16 14 2 18 6 12 4 10 8
Mount Kisco Country Club,NY,Mount Kisco,White,71.1,141,,,6280,,13 9 7 17 1 11 5 15 3 16 14 2 18 6 12 4 10 8
Mount Kisco Country Club,NY,Mount Kisco,Gold,70.2,138,,,6089,,13 9 7 17 1 11 5 15 3 16 14 2 18 6 12 4 10 8
Mount Kisco Country Club,NY,Mount Kisco,Red,72.5,132,,,5454,,13 9 7 17 1 11 5 15 3 16 14 2 18 6 12 4 10 8
Traditions at the Glen Resort and Conference Center,NY,Johnson City,Championship,68.6,117,,,6266,4 4 4 4 4 4 4 4 4 4 4 4 4 4 4 4 4 4,
Vestal Hills Country Club,NY,Binghamton,Blue,72.7,133,,,6510,,
Vestal Hills Country Club,NY,Binghamton,White,71.1,128,,,6094,,
Vestal Hills Country Club,NY,Binghamton,Red (W),69.4,122,69.4,122,,,
Cazenovia Country Club,NY,Cazenovia,Blue,70.1,124,,,6325,4 4 3 4 4 3 5 3 5 5 3 4 3 4 5 3 4 5,2 16 18 10 8 14 4 12 6 7 13 15 9 1 3 17 11 5
Cazenovia Country Club,NY,Cazenovia,White,69.1,119,,,6091,4 4 3 4 4 3 5 3 5 5 3 4 3 4 5 3 4 5,2 16 18 10 8 14 4 12 6 7 13 15 9 1 3 17 11 5
Cazenovia Country Club,NY,Cazenovia,Red (W),72.1,126,72.1,126,,4 4 3 4 4 3 5 3 5 5 3 4 3 4 5 3 4 5,2 16 18 10 8 14 4 12 6 7 13 15 9 1 3 17 11 5
Cazenovia Country Club,NY,Cazenovia,Gold,66.3,111,,,5459,4 4 3 4 4 3 5 3 5 5 3 4 3 4 5 3 4 5,2 16 18 10 8 14 4 12 6 7 13 15 9 1 3 17 11 5
Tupper Lake Country Club,NY,Tupper Lake,Blue,69.9,130,,,6057,5 4 4 4 3 4 4 3 4 4 5 3 4 4 5 4 4 3,17 5 11 15 1 7 3 9 13 4 18 12 6 14 16 2 8 10
Tupper Lake Country Club,NY,Tupper Lake,White,65.8,123,,,5264,5 4 4 4 3 4 4 3 4 4 5 3 4 4 5 4 4 3,17 5 11 15 1 7 3 9 13 4 18 12 6 14 16 2 8 10
Tupper Lake Country Club,NY,Tupper Lake,Red (W),69.0,130,69.0,130,,5 4 4 4 3 4 4 3 4 4 5 3 4 4 5 4 4 3,17 5 11 15 1 7 3 9 13 4 18 12 6 14 16 2 8 10
Salem Golf Club,NY,North Salem,Blue,73.7,139,,,6760,,6 14 4 18 8 12 16 10 2 17 5 13 1 7 11 3 15 9
Salem Golf Club,NY,North Salem,White,72.1,137,,,6486,,6 14 4 18 8 12 16 10 2 17 5 13 1 7 11 3 15 9
Salem Golf Club,NY,North Salem,Gold,69.1,131,,,5946,,6 14 4 18 8 12 16 10 2 17 5 13 1 7 11 3 15 9
Salem Golf Club,NY,North Salem,Red (W),74.4,132,74.4,132,,,6 14 4 18 8 12 16 10 2 17 5 13 1 7 11 3 15 9
Stony Ford Golf Course,NY,Montgomery,Blue,71.8,127,,,6548,5 4 4 3 4 4 3 4 5 4 5 3 4 4 4 5 3 4,3 5 1 17 11 9 13 15 7 12 6 14 4 8 2 10 18 16
Stony Ford Golf Course,NY,Montgomery,White,70.0,122,,,6148,5 4 4 3 4 4 3 4 5 4 5 3 4 4 4 5 3 4,3 5 1 17 11 9 13 15 7 12 6 14 4 8 2 10 18 16
Stony Ford Golf Course,NY,Montgomery,Red (W),73.3,127,73.3,127,,5 4 4 3 4 4 3 4 5 4 5 3 4 4 4 5 3 4,3 5 1 17 11 9 13 15 7 12 6 14 4 8 2 10 18 16
Hampton Hills,NY,Westhampton Beach,Blue,73.6,139,,,6702,4 4 3 5 4 4 4 3 4 4 5 3 4 4 4 3 4 5,9 11 15 7 5 13 3 17 1 2 8 16 14 10 6 18 4 12
Hampton Hills,NY,Westhampton Beach,White,71.3,133,,,6217,4 4 3 5 4 4 4 3 4 4 5 3 4 4 4 3 4 5,9 11 15 7 5 13 3 17 1 2 8 16 14 10 6 18 4 12
Hampton Hills,NY,Westhampton Beach,Red (W),70.6,123,70.6,123,,4 4 3 5 4 4 4 3 4 4 5 3 4 4 4 3 4 5,9 11 15 7 5 13 3 17 1 2 8 16 14 10 6 18 4 12
Indian Island Golf Course,NY,Riverhead,Blue,71.5,126,,,6516,4 5 4 4 3 5 4 3 4 5 3 4 4 4 5 4 3 4,1 9 13 11 17 5 3 15 7 4 6 12 14 18 2 16 10 8
Indian Island Golf Course,NY,Riverhead,White,69.4,122,,,6077,4 5 4 4 3 5 4 3 4 5 3 4 4 4 5 4 3 4,1 9 13 11 17 5 3 15 7 4 6 12 14 18 2 16 10 8
Indian Island Golf Course,NY,Riverhead,Gold,68.1,119,,,5787,4 5 4 4 3 5 4 3 4 5 3 4 4 4 5 4 3 4,1 9 13 11 17 5 3 15 7 4 6 12 14 18 2 16 10 8
Indian Island Golf Course,NY,Riverhead,Red (W),71.3,118,71.3,118,,4 5 4 4 3 5 4 3 4 5 3 4 4 4 5 4 3 4,1 9 13 11 17 5 3 15 7 4 6 12 14 18 2 16 10 8
Laurel Links Country Club,NY,Laurel,Black,74.0,136,,,6813,5 4 4 4 3 5 4 4 3 4 4 3 4 3 4 4 5 4,9 7 3 13 17 11 1 5 15 4 2 16 10 18 12 14 6 8
Laurel Links Country Club,NY,Laurel,Green,72.4,132,,,6519,5 4 4 4 3 5 4 4 3 4 4 3 4 3 4 4 5 4,9 7 3 13 17 11 1 5 15 4 2 16 10 18 12 14 6 8
Laurel Links Country Club,NY,Laurel,Blue,70.7,130,,,6109,5 4 4 4 3 5 4 4 3 4 4 3 4 3 4 4 5 4,9 7 3 13 17 11 1 5 15 4 2 16 10 18 12 14 6 8
Laurel Links Country Club,NY,Laurel,Founders,69.4,126,,,5826,5 4 4 4 3 5 4 4 3 4 4 3 4 3 4 4 5 4,9 7 3 13 17 11 1 5 15 4 2 16 10 18 12 14 6 8
Laurel Links Country Club,NY,Laurel,Yellow,67.9,123,73.6,132,5580,5 4 4 4 3 5 4 4 3 4 4 3 4 3 4 4 5 4,9 7 3 13 17 11 1 5 15 4 2 16 10 18 12 14 6 8
Laurel Links Country Club,NY,Laurel,White (W),71.0,127,71.0,127,,5 4 4 4 3 5 4 4 3 4 4 3 4 3 4 4 5 4,9 7 3 13 17 11 1 5 15 4 2 16 10 18 12 14 6 8
Potsdam Town & Country Club,NY,Potsdam,Blue,71.6,133,,,6573,5 4 3 4 4 3 4 4 5 5 3 4 4 3 4 5 4 4,6 12 18 10 14 16 2 8 4 5 15 1 11 17 3 7 13 9
Potsdam Town & Country Club,NY,Potsdam,White,70.3,129,,,6132,5 4 3 4 4 3 4 4 5 5 3 4 4 3 4 5 4 4,6 12 18 10 14 16 2 8 4 5 15 1 11 17 3 7 13 9
Potsdam Town & Country Club,NY,Potsdam,Gold,67.9,121,,,5334,5 4 3 4 4 3 4 4 5 5 3 4 4 3 4 5 4 4,6 12 18 10 14 16 2 8 4 5 15 1 11 17 3 7 13 9
Potsdam Town & Country Club,NY,Potsdam,Red,69.0,117,,,4859,5 4 3 4 4 3 4 4 5 5 3 4 4 3 4 5 4 4,6 12 18 10 14 16 2 8 4 5 15 1 11 17 3 7 13 9
Nissequogue Golf Club,NY,Saint James,Blue,73.0,133,,,6643,4 5 3 4 4 3 5 4 4 4 4 3 5 4 4 5 3 4,7 1 15 11 13 17 3 9 5 10 6 18 2 14 12 8 16 4
Nissequogue Golf Club,NY,Saint James,White,70.7,128,,,6220,4 5 3 4 4 3 5 4 4 4 4 3 5 4 4 5 3 4,7 1 15 11 13 17 3 9 5 10 6 18 2 14 12 8 16 4
Nissequogue Golf Club,NY,Saint James,Red,71.4,123,,,5317,4 5 3 4 4 3 5 4 4 4 4 3 5 4 4 5 3 4,7 1 15 11 13 17 3 9 5 10 6 18 2 14 12 8 16 4
Bergen Point Golf Course,NY,West Babylon,Black,72.9,126,,,6722,4 3 4 5 4 3 4 5 3 4 3 4 5 4 4 4 3 5,5 15 11 13 1 7 3 9 17 4 18 16 10 8 6 12 14 2
Bergen Point Golf Course,NY,West Babylon,Blue,71.1,125,,,6354,4 3 4 5 4 3 4 5 3 4 3 4 5 4 4 4 3 5,5 15 11 13 1 7 3 9 17 4 18 16 10 8 6 12 14 2
Bergen Point Golf Course,NY,West Babylon,Gold,69.9,122,,,6096,4 3 4 5 4 3 4 5 3 4 3 4 5 4 4 4 3 5,5 15 11 13 1 7 3 9 17 4 18 16 10 8 6 12 14 2
Bergen Point Golf Course,NY,West Babylon,Red (W),74.0,117,74.0,117,,4 3 4 5 4 3 4 5 3 4 3 4 5 4 4 4 3 5,5 15 11 13 1 7 3 9 17 4 18 16 10 8 6 12 14 2
Mill Pond Golf Course,NY,Medford,Blue,70.4,126,,,6304,4 4 5 3 4 3 4 4 4 3 4 5 4 3 4 3 4 5,10 6 2 18 16 14 12 4 8 11 9 3 15 17 1 13 7 5
Mill Pond Golf Course,NY,Medford,White,68.6,,72.7,124,5966,4 4 5 3 4 3 4 4 4 3 4 5 4 3 4 3 4 5,10 6 2 18 16 14 12 4 8 11 9 3 15 17 1 13 7 5
Mill Pond Golf Course,NY,Medford,Gold,65.0,115,68.5,114,5156,4 4 5 3 4 3 4 4 4 3 4 5 4 3 4 3 4 5,10 6 2 18 16 14 12 4 8 11 9 3 15 17 1 13 7 5
Mill Pond Golf Course,NY,Medford,Red (W),67.9,111,67.9,111,,4 4 5 3 4 3 4 4 4 3 4 5 4 3 4 3 4 5,10 6 2 18 16 14 12 4 8 11 9 3 15 17 1 13 7 5
Pine Hills Country Club,NY,Manorville,Blue,74.4,131,,,7132,4 5 3 4 4 4 4 5 4 4 4 5 4 3 5 4 3 4,5 17 15 1 9 11 13 3 7 10 6 12 18 14 2 8 16 4
Pine Hills Country Club,NY,Manorville,White,72.0,127,,,6574,4 5 3 4 4 4 4 5 4 4 4 5 4 3 5 4 3 4,5 17 15 1 9 11 13 3 7 10 6 12 18 14 2 8 16 4
Pine Hills Country Club,NY,Manorville,Gold,68.2,119,,,5867,4 5 3 4 4 4 4 5 4 4 4 5 4 3 5 4 3 4,5 17 15 1 9 11 13 3 7 10 6 12 18 14 2 8 16 4
Pine Hills Country Club,NY,Manorville,Red (W),69.4,120,69.4,120,,4 5 3 4 4 4 4 5 4 4 4 5 4 3 5 4 3 4,5 17 15 1 9 11 13 3 7 10 6 12 18 14 2 8 16 4
Springville Country Club,NY,Springville,Gold,71.5,127,,,6338,4 5 3 4 4 4 5 3 4 4 5 3 4 3 4 4 3 5,9 5 17 11 7 3 1 15 13 8 4 18 2 16 10 12 14 6
Springville Country Club,NY,Springville,Blue,69.7,124,,,6049,4 5 3 4 4 4 5 3 4 4 5 3 4 3 4 4 3 5,9 5 17 11 7 3 1 15 13 8 4 18 2 16 10 12 14 6
Springville Country Club,NY,Springville,White,67.2,118,72.0,123,5501,4 5 3 4 4 4 5 3 4 4 5 3 4 3 4 4 3 5,9 5 17 11 7 3 1 15 13 8 4 18 2 16 10 12 14 6
Springville Country Club,NY,Springville,Red,69.4,119,,,5090,4 5 3 4 4 4 5 3 4 4 5 3 4 3 4 4 3 5,9 5 17 11 7 3 1 15 13 8 4 18 2 16 10 12 14 6
Elm Tree Golf Course,NY,Cortland,Blue/Back,66.7,117,,,6251,,8 14 2 18 10 6 4 16 12 3 7 17 1 15 5 11 9 13
Elm Tree Golf Course,NY,Cortland,White/Forward,65.3,114,,,6103,,8 14 2 18 10 6 4 16 12 3 7 17 1 15 5 11 9 13
Elm Tree Golf Course,NY,Cortland,Red/Women,66.3,99,,,5520,,8 14 2 18 10 6 4 16 12 3 7 17 1 15 5 11 9 13
Noyac Golf Club,NY,Sag Harbor,Championship,74.9,144,,,7007,4 5 4 4 3 4 4 3 5 4 4 3 4 5 4 3 5 4,9 1 3 11 13 15 7 17 5 4 18 16 12 2 8 14 10 6
Noyac Golf Club,NY,Sag Harbor,Blue,74.3,135,,,6907,4 5 4 4 3 4 4 3 5 4 4 3 4 5 4 3 5 4,9 1 3 11 13 15 7 17 5 4 18 16 12 2 8 14 10 6
Noyac Golf Club,NY,Sag Harbor,White,71.8,132,77.2,135,6388,4 5 4 4 3 4 4 3 5 4 4 3 4 5 4 3 5 4,9 1 3 11 13 15 7 17 5 4 18 16 12 2 8 14 10 6
Noyac Golf Club,NY,Sag Harbor,Red,68.0,125,72.3,127,5601,4 5 4 4 3 4 4 3 5 4 4 3 4 5 4 3 5 4,9 1 3 11 13 15 7 17 5 4 18 16 12 2 8 14 10 6
The Bridge Golf Club,NY,Bridgehampton,Checkered,77.6,146,,,7341,4 3 4 4 3 4 5 4 5 5 4 4 4 3 4 3 4 5,7 15 1 13 17 3 11 5 9 12 6 4 8 18 2 16 14 10
The Bridge Golf Club,NY,Bridgehampton,Black,75.1,141,,,6904,4 3 4 4 3 4 5 4 5 5 4 4 4 3 4 3 4 5,7 15 1 13 17 3 11 5 9 12 6 4 8 18 2 16 14 10
The Bridge Golf Club,NY,Bridgehampton,Blue,72.7,136,,,6371,4 3 4 4 3 4 5 4 5 5 4 4 4 3 4 3 4 5,7 15 1 13 17 3 11 5 9 12 6 4 8 18 2 16 14 10
The Bridge Golf Club,NY,Bridgehampton,Red (W),73.0,126,73.0,126,,4 3 4 4 3 4 5 4 5 5 4 4 4 3 4 3 4 5,7 15 1 13 17 3 11 5 9 12 6 4 8 18 2 16 14 10
Roscoe Mountain Club,NY,Roscoe,Blue,72.1,128,,,6546,4 5 4 3 4 4 5 4 3 4 3 5 4 5 4 4 3 4,8 4 10 16 6 2 14 12 18 7 17 9 15 1 3 11 13 5
Roscoe Mountain Club,NY,Roscoe,White,70.3,125,,,6215,4 5 4 3 4 4 5 4 3 4 3 5 4 5 4 4 3 4,8 4 10 16 6 2 14 12 18 7 17 9 15 1 3 11 13 5
Roscoe Mountain Club,NY,Roscoe,Gold,67.4,119,,,5254,4 5 4 3 4 4 5 4 3 4 3 5 4 5 4 4 3 4,8 4 10 16 6 2 14 12 18 7 17 9 15 1 3 11 13 5
Roscoe Mountain Club,NY,Roscoe,Red (W),70.1,120,70.1,120,,4 5 4 3 4 4 5 4 3 4 3 5 4 5 4 4 3 4,8 4 10 16 6 2 14 12 18 7 17 9 15 1 3 11 13 5
Woodgate Pines Pro Shop and Bar,NY,Boonville,Blue,68.2,120,,,5899,,4 18 2 12 8 14 6 10 16 3 5 15 9 11 17 13 7 1
Woodgate Pines Pro Shop and Bar,NY,Boonville,White,66.1,117,,,5432,,4 18 2 12 8 14 6 10 16 3 5 15 9 11 17 13 7 1
Woodgate Pines Pro Shop and Bar,NY,Boonville,Red (W),65.6,102,65.6,102,,,4 18 2 12 8 14 6 10 16 3 5 15 9 11 17 13 7 1
Marine Park Golf Course,NY,Brooklyn,Blue,72.2,123,,,6866,5 4 4 4 3 4 4 3 4 5 4 4 3 5 4 4 3 5,7 3 1 15 17 9 11 13 5 10 12 14 16 8 2 6 18 4
Marine Park Golf Course,NY,Brooklyn,White,71.5,121,,,6609,5 4 4 4 3 4 4 3 4 5 4 4 3 5 4 4 3 5,7 3 1 15 17 9 11 13 5 10 12 14 16 8 2 6 18 4
Marine Park Golf Course,NY,Brooklyn,Gold,67.5,113,,,5793,5 4 4 4 3 4 4 3 4 5 4 4 3 5 4 4 3 5,7 3 1 15 17 9 11 13 5 10 12 14 16 8 2 6 18 4
Marine Park Golf Course,NY,Brooklyn,Red (W),65.2,105,65.2,105,,5 4 4 4 3 4 4 3 4 5 4 4 3 5 4 4 3 5,7 3 1 15 17 9 11 13 5 10 12 14 16 8 2 6 18 4
Southampton Golf Course,NY,Southampton,Red,71.8,130,,,6407,4 3 4 4 4 4 3 4 4 3 4 5 4 3 4 4 5 4,
Southampton Golf Course,NY,Southampton,Gold,69.8,129,,,5999,4 3 4 4 4 4 3 4 4 3 4 5 4 3 4 4 5 4,
Southampton Golf Course,NY,Southampton,Green,69.3,127,75.1,137,5901,4 3 4 4 4 4 3 4 4 3 4 5 4 3 4 4 5 4,
Southampton Golf Course,NY,Southampton,White,66.4,121,71.4,128,5345,4 3 4 4 4 4 3 4 4 3 4 5 4 3 4 4 5 4,
Genesee Valley Golf Course South,NY,Rochester,White,64.4,104,69.4,109,5338,4 4 3 3 4 4 4 4 4 4 3 4 3 3 4 4 4 4,5 15 7 11 17 1 9 13 3 6 18 16 8 10 2 12 14 4
Heron Creek Golf Club,NY,Clinton,Blue,70.2,108,,,3207,4 4 5 3 4 4 5 3 4,5 1 4 6 7 3 2 9 8
Heron Creek Golf Club,NY,Clinton,White,69.4,106,,,3120,4 4 5 3 4 4 5 3 4,5 1 4 6 7 3 2 9 8
Heron Creek Golf Club,NY,Clinton,Red,68.4,102,,,2533,4 4 5 3 4 4 5 3 4,5 1 4 6 7 3 2 9 8
Hollow Brook Golf Club,NY,Cortlandt Manor,Black,73.0,135,,,6923,4 4 3 4 3 4 4 5 4 4 4 3 5 4 5 4 3 4,8 10 14 4 18 6 2 12 16 13 1 15 5 17 7 3 11 9
Hollow Brook Golf Club,NY,Cortlandt Manor,Blue,71.4,133,,,6577,4 4 3 4 3 4 4 5 4 4 4 3 5 4 5 4 3 4,8 10 14 4 18 6 2 12 16 13 1 15 5 17 7 3 11 9
Hollow Brook Golf Club,NY,Cortlandt Manor,White,68.8,130,,,6182,4 4 3 4 3 4 4 5 4 4 4 3 5 4 5 4 3 4,8 10 14 4 18 6 2 12 16 13 1 15 5 17 7 3 11 9
Hollow Brook Golf Club,NY,Cortlandt Manor,Gold,75.0,139,,,5583,4 4 3 4 3 4 4 5 4 4 4 3 5 4 5 4 3 4,8 10 14 4 18 6 2 12 16 13 1 15 5 17 7 3 11 9
Hollow Brook Golf Club,NY,Cortlandt Manor,Red,71.0,124,,,4982,4 4 3 4 3 4 4 5 4 4 4 3 5 4 5 4 3 4,8 10 14 4 18 6 2 12 16 13 1 15 5 17 7 3 11 9
Glen Cove Golf Club,NY,Glen Cove,Blue,64.1,114,,,5131,5 5 5 5 5 4 4 4 3 3 3 3 3 3 3 3 3 3,7 1 15 13 9 5 3 17 11 6 10 8 4 14 2 12 16 18
Glen Cove Golf Club,NY,Glen Cove,White,61.7,109,64.8,105,4513,5 5 5 5 5 4 4 4 3 3 3 3 3 3 3 3 3 3,7 1 15 13 9 5 3 17 11 6 10 8 4 14 2 12 16 18
Glen Cove Golf Club,NY,Glen Cove,Red (W),63.0,101,63.0,101,,5 5 5 5 5 4 4 4 3 3 3 3 3 3 3 3 3 3,7 1 15 13 9 5 3 17 11 6 10 8 4 14 2 12 16 18
Silver Creek Golf Club,NY,Waterloo,Blue,69.0,119,,,6168,4 5 3 4 4 4 4 3 4 4 5 3 4 3 4 5 3 5,8 4 18 6 14 2 12 16 10 11 3 15 7 17 1 5 13 9
Silver Creek Golf Club,NY,Waterloo,White,67.8,116,,,5859,4 5 3 4 4 4 4 3 4 4 5 3 4 3 4 5 3 5,8 4 18 6 14 2 12 16 10 11 3 15 7 17 1 5 13 9
Silver Creek Golf Club,NY,Waterloo,Gold,64.1,106,,,5074,4 5 3 4 4 4 4 3 4 4 5 3 4 3 4 5 3 5,8 4 18 6 14 2 12 16 10 11 3 15 7 17 1 5 13 9
Silver Creek Golf Club,NY,Waterloo,Red (W),67.5,113,67.5,113,,4 5 3 4 4 4 4 3 4 4 5 3 4 3 4 5 3 5,8 4 18 6 14 2 12 16 10 11 3 15 7 17 1 5 13 9
Hillendale Golf Course,NY,Ithaca,White,68.8,115,75.3,131,6004,,11 13 5 15 1 9 17 7 3 10 18 8 4 14 16 2 12 6
Hillendale Golf Course,NY,Ithaca,Yellow,67.9,114,70.5,121,5502,,11 13 5 15 1 9 17 7 3 10 18 8 4 14 16 2 12 6
Hillendale Golf Course,NY,Ithaca,Red (W),68.8,116,68.8,116,,,11 13 5 15 1 9 17 7 3 10 18 8 4 14 16 2 12 6
Rockville Links Golf Club,NY,Rockville Centre,Black,71.2,130,,,6407,4 4 4 4 3 4 5 5 3 3 5 4 4 4 4 4 3 5,13 7 1 11 15 3 9 5 17 18 8 6 2 12 10 14 16 4
Rockville Links Golf Club,NY,Rockville Centre,Blue,70.3,128,,,6257,4 4 4 4 3 4 5 5 3 3 5 4 4 4 4 4 3 5,13 7 1 11 15 3 9 5 17 18 8 6 2 12 10 14 16 4
Rockville Links Golf Club,NY,Rockville Centre,Red (W),72.6,122,72.6,122,,4 4 4 4 3 4 5 5 3 3 5 4 4 4 4 4 3 5,13 7 1 11 15 3 9 5 17 18 8 6 2 12 10 14 16 4
Orchard Creek Golf Club,NY,Altamont,Blue,72.0,131,,,6623,5 4 5 4 4 3 4 3 4 4 3 4 4 4 3 5 3 5,8 2 4 10 14 18 6 16 12 13 17 11 3 15 5 1 9 7
Orchard Creek Golf Club,NY,Altamont,Green,69.9,126,,,6178,5 4 5 4 4 3 4 3 4 4 3 4 4 4 3 5 3 5,8 2 4 10 14 18 6 16 12 13 17 11 3 15 5 1 9 7
Orchard Creek Golf Club,NY,Altamont,Gold,66.4,118,,,5385,5 4 5 4 4 3 4 3 4 4 3 4 4 4 3 5 3 5,8 2 4 10 14 18 6 16 12 13 17 11 3 15 5 1 9 7
Orchard Creek Golf Club,NY,Altamont,Red (W),67.5,121,67.5,121,,5 4 5 4 4 3 4 3 4 4 3 4 4 4 3 5 3 5,8 2 4 10 14 18 6 16 12 13 17 11 3 15 5 1 9 7
Thunderhart,NY,Freehold,Blue,71.7,125,,,6482,4 5 4 3 4 5 4 3 5 3 4 3 4 4 3 5 4 5,17 1 9 11 3 15 5 7 13 14 2 8 6 4 18 12 10 16
Thunderhart,NY,Freehold,White,69.6,120,,,6040,4 5 4 3 4 5 4 3 5 3 4 3 4 4 3 5 4 5,17 1 9 11 3 15 5 7 13 14 2 8 6 4 18 12 10 16
Thunderhart,NY,Freehold,Gold (W),65.8,108,65.8,108,,4 5 4 3 4 5 4 3 5 3 4 3 4 4 3 5 4 5,17 1 9 11 3 15 5 7 13 14 2 8 6 4 18 12 10 16
Thunderhart,NY,Freehold,Red (W),69.5,114,69.5,114,,4 5 4 3 4 5 4 3 5 3 4 3 4 4 3 5 4 5,17 1 9 11 3 15 5 7 13 14 2 8 6 4 18 12 10 16
Green Ridge Golf Club,NY,Johnson,Middle,70.0,113,,,5667,,4 13 16 6 12 15 11 17 10 5 18 3 9 2 8 7 14 1
Westmoreland Golf Club,NY,Westmoreland,Blue,35.5,113,,,3790,4 5 3 4 4 4 5 3 4,4 5 6 2 3 7 1 8 9
Brantingham Golf Course,NY,Brantingham,White,64.5,97,,,5268,,18 8 12 16 4 6 2 14 10 9 11 1 17 13 15 5 7 3
North Fork Country Club,NY,Cutchogue,Blue,70.4,130,,,6315,4 4 4 4 4 3 3 5 4 3 4 5 3 3 5 4 5 4,15 3 5 13 11 17 7 1 9 14 2 4 18 12 8 16 10 6
North Fork Country Club,NY,Cutchogue,White,69.1,129,,,6035,4 4 4 4 4 3 3 5 4 3 4 5 3 3 5 4 5 4,15 3 5 13 11 17 7 1 9 14 2 4 18 12 8 16 10 6
North Fork Country Club,NY,Cutchogue,Forward,69.6,124,,,5175,4 4 4 4 4 3 3 5 4 3 4 5 3 3 5 4 5 4,15 3 5 13 11 17 7 1 9 14 2 4 18 12 8 16 10 6
North Fork Country Club,NY,Cutchogue,Gold,65.2,121,,,5175,4 4 4 4 4 3 3 5 4 3 4 5 3 3 5 4 5 4,15 3 5 13 11 17 7 1 9 14 2 4 18 12 8 16 10 6
Rock Hill Golf and Country Club,NY,Manorville,Blue,73.6,136,,,7050,4 5 4 3 4 4 3 4 4 4 4 5 3 4 5 4 3 4,5 7 17 11 1 13 15 9 3 8 18 4 12 16 10 6 14 2
Rock Hill Golf and Country Club,NY,Manorville,White,71.0,131,,,6465,4 5 4 3 4 4 3 4 4 4 4 5 3 4 5 4 3 4,5 7 17 11 1 13 15 9 3 8 18 4 12 16 10 6 14 2
Rock Hill Golf and Country Club,NY,Manorville,Red,70.7,120,,,5390,4 5 4 3 4 4 3 4 4 4 4 5 3 4 5 4 3 4,5 7 17 11 1 13 15 9 3 8 18 4 12 16 10 6 14 2
Creek Club,NY,Locust Valley,Gold,71.7,133,,,6459,4 4 4 3 4 4 5 3 4 4 3 4 4 4 4 4 3 5,9 7 11 17 13 1 5 15 3 10 16 14 4 2 8 6 18 12
Creek Club,NY,Locust Valley,Blue,70.5,130,,,6215,4 4 4 3 4 4 5 3 4 4 3 4 4 4 4 4 3 5,9 7 11 17 13 1 5 15 3 10 16 14 4 2 8 6 18 12
Creek Club,NY,Locust Valley,White,69.1,126,,,5895,4 4 4 3 4 4 5 3 4 4 3 4 4 4 4 4 3 5,9 7 11 17 13 1 5 15 3 10 16 14 4 2 8 6 18 12
Creek Club,NY,Locust Valley,WMGA,73.2,131,,,5809,4 4 4 3 4 4 5 3 4 4 3 4 4 4 4 4 3 5,9 7 11 17 13 1 5 15 3 10 16 14 4 2 8 6 18 12
Creek Club,NY,Locust Valley,Red (W),71.4,127,71.4,127,,4 4 4 3 4 4 5 3 4 4 3 4 4 4 4 4 3 5,9 7 11 17 13 1 5 15 3 10 16 14 4 2 8 6 18 12
Kaluhyat Golf Course,NY,Verona,Black,75.1,146,,,7105,5 4 4 4 3 5 4 3 4 4 5 4 5 4 3 4 3 4,14 8 12 16 18 2 6 10 4 17 1 5 7 9 15 3 13 11
Piping Rock Club,NY,Locust Valley,Gold,73.7,134,,,6877,4 4 3 4 4 5 4 4 3 5 3 4 4 4 4 4 3 5,7 11 15 3 17 9 5 1 13 4 14 16 12 2 6 8 18 10
Piping Rock Club,NY,Locust Valley,Blue,71.0,130,,,6370,4 4 3 4 4 5 4 4 3 5 3 4 4 4 4 4 3 5,7 11 15 3 17 9 5 1 13 4 14 16 12 2 6 8 18 10
Piping Rock Club,NY,Locust Valley,White,69.0,124,,,5948,4 4 3 4 4 5 4 4 3 5 3 4 4 4 4 4 3 5,7 11 15 3 17 9 5 1 13 4 14 16 12 2 6 8 18 10
Piping Rock Club,NY,Locust Valley,Red (W),72.0,129,72.0,129,,4 4 3 4 4 5 4 4 3 5 3 4 4 4 4 4 3 5,7 11 15 3 17 9 5 1 13 4 14 16 12 2 6 8 18 10
Piping Rock Club,NY,Locust Valley,Yellow (W),69.8,125,69.8,125,,4 4 3 4 4 5 4 4 3 5 3 4 4 4 4 4 3 5,7 11 15 3 17 9 5 1 13 4 14 16 12 2 6 8 18 10
Beaver Meadow Creek Golf Course,NY,Java Center,Championship,70.1,125,,,6364,,
Arrowhead Golf Club,NY,Akron,Blue,71.8,128,,,6654,5 4 4 3 4 4 4 3 5 5 4 3 4 4 5 3 4 4,2 6 8 14 4 16 18 10 12 11 5 17 3 7 9 13 15 1
Arrowhead Golf Club,NY,Akron,White,70.3,125,,,6316,5 4 4 3 4 4 4 3 5 5 4 3 4 4 5 3 4 4,2 6 8 14 4 16 18 10 12 11 5 17 3 7 9 13 15 1
Arrowhead Golf Club,NY,Akron,Yellow,67.5,117,,,5740,5 4 4 3 4 4 4 3 5 5 4 3 4 4 5 3 4 4,2 6 8 14 4 16 18 10 12 11 5 17 3 7 9 13 15 1
Arrowhead Golf Club,NY,Akron,Red (W),69.3,117,69.3,117,,5 4 4 3 4 4 4 3 5 5 4 3 4 4 5 3 4 4,2 6 8 14 4 16 18 10 12 11 5 17 3 7 9 13 15 1
Reservoir Creek Golf Club,NY,Naples,Blue,70.5,125,,,6291,,
Reservoir Creek Golf Club,NY,Naples,Blue/White,69.0,123,,,6010,,
Reservoir Creek Golf Club,NY,Naples,White,67.4,120,72.8,125,5746,,
Reservoir Creek Golf Club,NY,Naples,Yellow,64.0,107,68.9,114,4953,,
Mohansic Golf Course,NY,Yorktown Heights,Blue,70.1,124,,,6558,4 4 4 4 3 4 3 4 5 5 4 4 3 4 4 4 4 3,14 7 2 1 17 9 16 12 3 18 6 10 13 4 5 8 11 15
Mohansic Golf Course,NY,Yorktown Heights,White,70.3,125,,,6285,4 4 4 4 3 4 3 4 5 5 4 4 3 4 4 4 4 3,14 7 2 1 17 9 16 12 3 18 6 10 13 4 5 8 11 15
Mohansic Golf Course,NY,Yorktown Heights,Red (W),71.6,120,71.6,120,,4 4 4 4 3 4 3 4 5 5 4 4 3 4 4 4 4 3,14 7 2 1 17 9 16 12 3 18 6 10 13 4 5 8 11 15
Conesus Golf Club,NY,Conesus,Blue,70.8,119,,,6471,4 5 4 4 4 3 4 3 4 4 3 4 4 5 5 3 4 4,6 4 16 10 12 18 2 14 8 3 15 7 1 9 5 17 13 11
Conesus Golf Club,NY,Conesus,White,68.2,115,,,6045,4 5 4 4 4 3 4 3 4 4 3 4 4 5 5 3 4 4,6 4 16 10 12 18 2 14 8 3 15 7 1 9 5 17 13 11
Conesus Golf Club,NY,Conesus,Red (W),69.7,111,69.7,111,,4 5 4 4 4 3 4 3 4 4 3 4 4 5 5 3 4 4,6 4 16 10 12 18 2 14 8 3 15 7 1 9 5 17 13 11
Pinehaven Country Club,NY,Guilderland,Black,72.1,125,,,6496,4 4 3 4 4 5 4 4 3 4 3 4 4 3 5 4 5 4,6 10 16 4 8 14 12 2 18 3 9 7 11 13 17 1 15 5
Pinehaven Country Club,NY,Guilderland,Blue,70.5,123,,,6186,4 4 3 4 4 5 4 4 3 4 3 4 4 3 5 4 5 4,6 10 16 4 8 14 12 2 18 3 9 7 11 13 17 1 15 5
Pinehaven Country Club,NY,Guilderland,White,68.8,121,73.9,131,5810,4 4 3 4 4 5 4 4 3 4 3 4 4 3 5 4 5 4,6 10 16 4 8 14 12 2 18 3 9 7 11 13 17 1 15 5
Pinehaven Country Club,NY,Guilderland,Green,66.9,119,72.0,126,5461,4 4 3 4 4 5 4 4 3 4 3 4 4 3 5 4 5 4,6 10 16 4 8 14 12 2 18 3 9 7 11 13 17 1 15 5
Genesee Valley Golf Course North,NY,Rochester,Blue,70.7,114,,,6495,5 4 4 3 5 3 4 4 3 4 4 3 5 4 5 4 4 3,1 15 13 17 5 9 3 7 11 6 12 16 2 8 4 10 14 18
Genesee Valley Golf Course North,NY,Rochester,White,69.4,112,,,6115,5 4 4 3 5 3 4 4 3 4 4 3 5 4 5 4 4 3,1 15 13 17 5 9 3 7 11 6 12 16 2 8 4 10 14 18
Genesee Valley Golf Course North,NY,Rochester,Red (W),71.3,115,71.3,115,,5 4 4 3 5 3 4 4 3 4 4 3 5 4 5 4 4 3,1 15 13 17 5 9 3 7 11 6 12 16 2 8 4 10 14 18
Turtle Creek Golf Course,NY,Wallkill,Blue,65.6,111,,,5876,4 4 5 3 3 4 3 5 4,
Turtle Creek Golf Course,NY,Wallkill,White,65.0,109,70.4,110,5456,4 4 5 3 3 4 3 5 4,
Turtle Creek Golf Course,NY,Wallkill,Red (W),64.8,102,64.8,102,,4 4 5 3 3 4 3 5 4,
Victor Hills - East Course,NY,Victor,Blue,70.0,123,,,6367,4 4 4 4 4 3 5 3 5 4 5 4 3 3 4 4 4 4,11 3 7 15 5 9 1 13 17 18 14 4 12 16 8 2 6 10
Victor Hills - East Course,NY,Victor,White,66.9,118,,,6072,4 4 4 4 4 3 5 3 5 4 5 4 3 3 4 4 4 4,11 3 7 15 5 9 1 13 17 18 14 4 12 16 8 2 6 10
Victor Hills - East Course,NY,Victor,Gold,65.4,113,71.7,121,5497,4 4 4 4 4 3 5 3 5 4 5 4 3 3 4 4 4 4,11 3 7 15 5 9 1 13 17 18 14 4 12 16 8 2 6 10
Victor Hills - East Course,NY,Victor,Red (W),69.7,115,69.7,115,,4 4 4 4 4 3 5 3 5 4 5 4 3 3 4 4 4 4,11 3 7 15 5 9 1 13 17 18 14 4 12 16 8 2 6 10
Olde Oak Golf Club,NY,Kirkville,Blue,69.9,118,,,6925,,15 9 17 11 1 13 7 3 5 6 10 8 14 12 2 4 18 16
Olde Oak Golf Club,NY,Kirkville,Red (W),72.0,,72.0,,,,15 9 17 11 1 13 7 3 5 6 10 8 14 12 2 4 18 16
Northern Pines Golf Club,NY,Cicero,Blue,71.6,124,,,6557,,11 3 13 7 15 5 9 17 1 4 16 2 12 18 14 10 6 8
Northern Pines Golf Club,NY,Cicero,White,69.6,120,,,6030,,11 3 13 7 15 5 9 17 1 4 16 2 12 18 14 10 6 8
Northern Pines Golf Club,NY,Cicero,Red (W),66.2,114,66.2,114,,,11 3 13 7 15 5 9 17 1 4 16 2 12 18 14 10 6 8
Woodcrest Golf Club,NY,Manlius,Blue,69.6,129,,,5875,5 4 3 4 3 4 5 3 4 4 4 5 3 4 4 4 3 4,7 1 13 15 9 3 5 17 11 14 18 4 16 8 10 2 12 6
Woodcrest Golf Club,NY,Manlius,White,68.1,123,,,5591,5 4 3 4 3 4 5 3 4 4 4 5 3 4 4 4 3 4,7 1 13 15 9 3 5 17 11 14 18 4 16 8 10 2 12 6
Woodcrest Golf Club,NY,Manlius,Gold/Red,64.4,112,,,4899,5 4 3 4 3 4 5 3 4 4 4 5 3 4 4 4 3 4,7 1 13 15 9 3 5 17 11 14 18 4 16 8 10 2 12 6
Kis’ N Greens Golf Course,NY,Alden,Blue,69.3,110,,,6307,4 4 3 4 4 5 3 5 4 5 4 3 4 3 4 5 4 4,9 13 3 17 7 1 15 11 5 8 2 18 4 12 6 14 16 10
Kis’ N Greens Golf Course,NY,Alden,White,68.3,109,,,6080,4 4 3 4 4 5 3 5 4 5 4 3 4 3 4 5 4 4,9 13 3 17 7 1 15 11 5 8 2 18 4 12 6 14 16 10
Kis’ N Greens Golf Course,NY,Alden,Red,67.8,109,,,5058,4 4 3 4 4 5 3 5 4 5 4 3 4 3 4 5 4 4,9 13 3 17 7 1 15 11 5 8 2 18 4 12 6 14 16 10
Apple Greens East,NY,Highland,Blue,72.9,131,,,6587,4 4 4 4 5 4 4 3 3 4 4 3 5 3 5 4 4 4,9 7 11 3 1 17 5 13 15 12 10 16 2 18 6 14 8 4
Apple Greens East,NY,Highland,White,71.1,129,,,6188,4 4 4 4 5 4 4 3 3 4 4 3 5 3 5 4 4 4,9 7 11 3 1 17 5 13 15 12 10 16 2 18 6 14 8 4
Apple Greens East,NY,Highland,Gold,70.6,114,,,5336,4 4 4 4 5 4 4 3 3 4 4 3 5 3 5 4 4 4,9 7 11 3 1 17 5 13 15 12 10 16 2 18 6 14 8 4
Apple Greens East,NY,Highland,Red,67.5,108,,,4811,4 4 4 4 5 4 4 3 3 4 4 3 5 3 5 4 4 4,9 7 11 3 1 17 5 13 15 12 10 16 2 18 6 14 8 4
Lancaster Country Club,NY,Lancaster,Blue,71.6,128,,,6568,4 4 4 3 4 4 5 3 4 4 4 4 4 3 5 5 4 4,11 3 13 17 1 7 9 15 5 6 16 12 14 18 4 2 10 8
Lancaster Country Club,NY,Lancaster,White,70.7,126,,,6407,4 4 4 3 4 4 5 3 4 4 4 4 4 3 5 5 4 4,11 3 13 17 1 7 9 15 5 6 16 12 14 18 4 2 10 8
Lancaster Country Club,NY,Lancaster,Gold,68.0,118,,,5833,4 4 4 3 4 4 5 3 4 4 4 4 4 3 5 5 4 4,11 3 13 17 1 7 9 15 5 6 16 12 14 18 4 2 10 8
Lancaster Country Club,NY,Lancaster,Red (W),72.2,125,72.2,125,,4 4 4 3 4 4 5 3 4 4 4 4 4 3 5 5 4 4,11 3 13 17 1 7 9 15 5 6 16 12 14 18 4 2 10 8
Lancaster Country Club,NY,Lancaster,Silver (W),68.6,113,68.6,113,,4 4 4 3 4 4 5 3 4 4 4 4 4 3 5 5 4 4,11 3 13 17 1 7 9 15 5 6 16 12 14 18 4 2 10 8
Emerald Crest Golf Course,NY,Fulton,Blue,65.9,109,,,5435,,2 18 6 12 14 16 4 8 10 17 1 11 9 7 5 13 3 15
Emerald Crest Golf Course,NY,Fulton,White,64.5,106,,,5110,,2 18 6 12 14 16 4 8 10 17 1 11 9 7 5 13 3 15
Emerald Crest Golf Course,NY,Fulton,Red (W),64.1,105,64.1,105,,,2 18 6 12 14 16 4 8 10 17 1 11 9 7 5 13 3 15
Stone Creek Golf Club,NY,Oswego,White,65.0,110,,,5332,4 4 4 3 4 5 4 3 4 4 4 4 4 3 4 5 3 4,8 5 2 4 14 7 10 17 12 1 16 3 15 6 11 18 9 13
Winding Brook Country Club,NY,Valatie,Blue,69.0,123,,,6106,,13 5 17 3 1 11 7 9 15 4 18 8 16 12 2 6 10 14
Winding Brook Country Club,NY,Valatie,White,67.5,122,,,5745,,13 5 17 3 1 11 7 9 15 4 18 8 16 12 2 6 10 14
Winding Brook Country Club,NY,Valatie,Gold,64.5,112,,,5198,,13 5 17 3 1 11 7 9 15 4 18 8 16 12 2 6 10 14
Winding Brook Country Club,NY,Valatie,Red (W),70.4,119,70.4,119,,,13 5 17 3 1 11 7 9 15 4 18 8 16 12 2 6 10 14
Villa Roma Golf Course,NY,Callicoon,Black,72.4,132,,,6521,,9 15 1 7 5 3 17 11 13 4 8 12 18 10 14 2 16 6
Villa Roma Golf Course,NY,Callicoon,Blue,69.9,127,75.1,127,6058,,9 15 1 7 5 3 17 11 13 4 8 12 18 10 14 2 16 6
Villa Roma Golf Course,NY,Callicoon,White,67.1,119,72.4,126,5620,,9 15 1 7 5 3 17 11 13 4 8 12 18 10 14 2 16 6
Villa Roma Golf Course,NY,Callicoon,Red (W),69.1,116,69.1,116,,,9 15 1 7 5 3 17 11 13 4 8 12 18 10 14 2 16 6
Southern Dutchess Country Club,NY,Beacon,White/Blue (18-hole),69.5,124,,,6016,4 3 4 5 3 5 3 4 4,
Southern Dutchess Country Club,NY,Beacon,Red/Yellow (18-hole) (W),72.2,123,72.2,123,,4 3 4 5 3 5 3 4 4,
Quiet Times Golf Course,NY,Attica,White,59.6,96,61.8,97,3912,,5 13 9 15 17 1 3 11 7 4 2 14 12 18 16 10 8 6
Olde Kinderhook Golf Club,NY,Kinderhook,Champion,76.1,151,,,7292,4 4 5 3 4 5 3 4 4 4 3 4 5 4 4 3 5 4,5 1 7 11 13 9 17 3 15 12 18 16 2 4 10 8 14 6
Olde Kinderhook Golf Club,NY,Kinderhook,Back,74.5,142,,,7002,4 4 5 3 4 5 3 4 4 4 3 4 5 4 4 3 5 4,5 1 7 11 13 9 17 3 15 12 18 16 2 4 10 8 14 6
Olde Kinderhook Golf Club,NY,Kinderhook,Middle,72.8,139,,,6672,4 4 5 3 4 5 3 4 4 4 3 4 5 4 4 3 5 4,5 1 7 11 13 9 17 3 15 12 18 16 2 4 10 8 14 6
Olde Kinderhook Golf Club,NY,Kinderhook,Member,70.6,137,,,6126,4 4 5 3 4 5 3 4 4 4 3 4 5 4 4 3 5 4,5 1 7 11 13 9 17 3 15 12 18 16 2 4 10 8 14 6
Olde Kinderhook Golf Club,NY,Kinderhook,W-Back,76.1,135,,,6126,4 4 5 3 4 5 3 4 4 4 3 4 5 4 4 3 5 4,5 1 7 11 13 9 17 3 15 12 18 16 2 4 10 8 14 6
Olde Kinderhook Golf Club,NY,Kinderhook,Forward,71.1,128,,,5304,4 4 5 3 4 5 3 4 4 4 3 4 5 4 4 3 5 4,5 1 7 11 13 9 17 3 15 12 18 16 2 4 10 8 14 6
Pehquenakonck Country Club,NY,North Salem,White/Blue (18-hole),63.9,111,,,4508,5 4 4 4 4 3 3 3 3,
Pehquenakonck Country Club,NY,North Salem,Red/Yellow (18-hole) (W),64.8,108,64.8,108,,5 4 4 4 4 3 3 3 3,
Forest Park Golf Course,NY,Woodhaven,Back,69.2,119,,,6053,4 4 3 5 4 3 4 4 3 4 5 4 3 4 3 4 4 5,7 9 15 3 1 17 11 5 13 4 6 2 14 12 16 18 10 8
Forest Park Golf Course,NY,Woodhaven,Middle,67.4,116,,,5635,4 4 3 5 4 3 4 4 3 4 5 4 3 4 3 4 4 5,7 9 15 3 1 17 11 5 13 4 6 2 14 12 16 18 10 8
Forest Park Golf Course,NY,Woodhaven,Front (W),70.5,120,70.5,120,,4 4 3 5 4 3 4 4 3 4 5 4 3 4 3 4 4 5,7 9 15 3 1 17 11 5 13 4 6 2 14 12 16 18 10 8
East Aurora Country Club,NY,East Aurora,Championship/Blue,72.7,128,,,6422,4 3 5 3 4 4 5 3 4 4 4 5 3 4 3 5 4 4,2 14 16 8 18 6 10 12 4 9 3 15 11 7 13 17 1 5
East Aurora Country Club,NY,East Aurora,Member/White,72.7,127,,,6214,4 3 5 3 4 4 5 3 4 4 4 5 3 4 3 5 4 4,2 14 16 8 18 6 10 12 4 9 3 15 11 7 13 17 1 5
East Aurora Country Club,NY,East Aurora,Senior/Yellow,71.0,123,,,5690,4 3 5 3 4 4 5 3 4 4 4 5 3 4 3 5 4 4,2 14 16 8 18 6 10 12 4 9 3 15 11 7 13 17 1 5
East Aurora Country Club,NY,East Aurora,Forward/Red (W),71.3,125,71.3,125,,4 3 5 3 4 4 5 3 4 4 4 5 3 4 3 5 4 4,2 14 16 8 18 6 10 12 4 9 3 15 11 7 13 17 1 5
Cobblestone Creek Country Club,NY,Victor,Black,74.3,143,,,6866,4 3 4 3 4 5 4 5 4 4 4 3 4 4 4 5 3 5,11 17 1 15 7 9 13 5 3 6 14 18 2 8 4 10 16 12
Cobblestone Creek Country Club,NY,Victor,Blue,72.2,142,,,6414,4 3 4 3 4 5 4 5 4 4 4 3 4 4 4 5 3 5,11 17 1 15 7 9 13 5 3 6 14 18 2 8 4 10 16 12
Cobblestone Creek Country Club,NY,Victor,White/Blue,71.0,138,,,6209,4 3 4 3 4 5 4 5 4 4 4 3 4 4 4 5 3 5,11 17 1 15 7 9 13 5 3 6 14 18 2 8 4 10 16 12
Cobblestone Creek Country Club,NY,Victor,White,70.2,133,,,6042,4 3 4 3 4 5 4 5 4 4 4 3 4 4 4 5 3 5,11 17 1 15 7 9 13 5 3 6 14 18 2 8 4 10 16 12
Cobblestone Creek Country Club,NY,Victor,Gold,72.3,128,67.2,123,5445,4 3 4 3 4 5 4 5 4 4 4 3 4 4 4 5 3 5,11 17 1 15 7 9 13 5 3 6 14 18 2 8 4 10 16 12
Cobblestone Creek Country Club,NY,Victor,Red (W),68.6,117,68.6,117,,4 3 4 3 4 5 4 5 4 4 4 3 4 4 4 5 3 5,11 17 1 15 7 9 13 5 3 6 14 18 2 8 4 10 16 12
Beekman Golf Course,NY,Hopewell Junction,Blue,69.0,117,,,6485,4 4 5 3 5 4 4 3 4 4 5 4 3 5 5 3 4 3,13 15 7 3 1 17 5 11 9 6 14 12 8 18 16 10 2 4
Beekman Golf Course,NY,Hopewell Junction,White,67.9,115,72.9,124,6129,4 4 5 3 5 4 4 3 4 4 5 4 3 5 5 3 4 3,13 15 7 3 1 17 5 11 9 6 14 12 8 18 16 10 2 4
Beekman Golf Course,NY,Hopewell Junction,Red (W),67.8,114,67.8,114,,4 4 5 3 5 4 4 3 4 4 5 4 3 5 5 3 4 3,13 15 7 3 1 17 5 11 9 6 14 12 8 18 16 10 2 4
Cold Spring Country Club,NY,Cold Spring Harbor,Blue,72.2,131,,,6547,5 4 3 4 4 4 4 4 5 4 3 4 3 4 4 5 3 4,3 13 17 9 1 11 5 15 7 18 16 12 6 4 2 14 10 8
Cold Spring Country Club,NY,Cold Spring Harbor,White,70.8,129,,,6255,5 4 3 4 4 4 4 4 5 4 3 4 3 4 4 5 3 4,3 13 17 9 1 11 5 15 7 18 16 12 6 4 2 14 10 8
Cold Spring Country Club,NY,Cold Spring Harbor,Black,72.9,129,,,5701,5 4 3 4 4 4 4 4 5 4 3 4 3 4 4 5 3 4,3 13 17 9 1 11 5 15 7 18 16 12 6 4 2 14 10 8
Cold Spring Country Club,NY,Cold Spring Harbor,Red,70.5,125,,,5290,5 4 3 4 4 4 4 4 5 4 3 4 3 4 4 5 3 4,3 13 17 9 1 11 5 15 7 18 16 12 6 4 2 14 10 8
Lawrence Yacht and Country Club,NY,Lawrence,Blue,71.5,136,,,6324,,15 9 3 17 13 7 5 1 11 2 10 6 16 18 14 12 8 4
Lawrence Yacht and Country Club,NY,Lawrence,White,70.3,133,,,6070,,15 9 3 17 13 7 5 1 11 2 10 6 16 18 14 12 8 4
Lawrence Yacht and Country Club,NY,Lawrence,Gold,66.9,124,,,5379,,15 9 3 17 13 7 5 1 11 2 10 6 16 18 14 12 8 4
Lawrence Yacht and Country Club,NY,Lawrence,Red (W),70.3,126,70.3,126,,,15 9 3 17 13 7 5 1 11 2 10 6 16 18 14 12 8 4
Lawrence Yacht and Country Club,NY,Lawrence,Purple,61.6,105,,,3535,,15 9 3 17 13 7 5 1 11 2 10 6 16 18 14 12 8 4
Oneonta Country Club,NY,Oneonta,Blue,71.5,131,,,6374,4 3 4 4 4 4 3 5 5 3 5 4 3 4 4 4 5 4,4 12 18 16 2 8 14 10 6 17 3 5 15 11 9 7 1 13
Oneonta Country Club,NY,Oneonta,White,70.4,129,,,6128,4 3 4 4 4 4 3 5 5 3 5 4 3 4 4 4 5 4,4 12 18 16 2 8 14 10 6 17 3 5 15 11 9 7 1 13
Oneonta Country Club,NY,Oneonta,Gold,66.3,122,,,5364,4 3 4 4 4 4 3 5 5 3 5 4 3 4 4 4 5 4,4 12 18 16 2 8 14 10 6 17 3 5 15 11 9 7 1 13
Oneonta Country Club,NY,Oneonta,Red (W),71.3,121,71.3,121,,4 3 4 4 4 4 3 5 5 3 5 4 3 4 4 4 5 4,4 12 18 16 2 8 14 10 6 17 3 5 15 11 9 7 1 13
Rockaway Hunting Club,NY,Lawrence,Blue,70.9,129,,,6371,,17 5 9 1 15 13 7 11 3 18 4 10 12 6 14 16 2 8
Rockaway Hunting Club,NY,Lawrence,White,69.1,126,,,5891,,17 5 9 1 15 13 7 11 3 18 4 10 12 6 14 16 2 8
Rockaway Hunting Club,NY,Lawrence,Red (W),70.4,119,70.4,119,,,17 5 9 1 15 13 7 11 3 18 4 10 12 6 14 16 2 8
Red Hook Golf Club,NY,Red Hook,Blue,71.8,132,,,6564,4 3 5 4 5 3 4 4 4 4 4 3 5 4 3 4 5 4,7 17 11 5 13 15 1 3 9 12 2 16 4 8 18 14 6 10
Red Hook Golf Club,NY,Red Hook,White,69.7,127,,,6142,4 3 5 4 5 3 4 4 4 4 4 3 5 4 3 4 5 4,7 17 11 5 13 15 1 3 9 12 2 16 4 8 18 14 6 10
Red Hook Golf Club,NY,Red Hook,Hybrid,67.3,122,,,5640,4 3 5 4 5 3 4 4 4 4 4 3 5 4 3 4 5 4,7 17 11 5 13 15 1 3 9 12 2 16 4 8 18 14 6 10
Red Hook Golf Club,NY,Red Hook,Gold,65.7,116,70.6,124,5275,4 3 5 4 5 3 4 4 4 4 4 3 5 4 3 4 5 4,7 17 11 5 13 15 1 3 9 12 2 16 4 8 18 14 6 10
Red Hook Golf Club,NY,Red Hook,Red (W),69.7,121,69.7,121,,4 3 5 4 5 3 4 4 4 4 4 3 5 4 3 4 5 4,7 17 11 5 13 15 1 3 9 12 2 16 4 8 18 14 6 10
Whippoorwill Club,NY,Armonk,Blue,73.0,143,,,6674,4 4 5 3 4 5 4 3 4 4 3 4 4 4 4 5 3 4,11 15 9 17 3 7 1 13 5 10 16 4 14 2 12 8 18 6
Whippoorwill Club,NY,Armonk,Blue/White,72.3,142,,,6544,4 4 5 3 4 5 4 3 4 4 3 4 4 4 4 5 3 4,11 15 9 17 3 7 1 13 5 10 16 4 14 2 12 8 18 6
Whippoorwill Club,NY,Armonk,White,71.3,139,77.5,143,6363,4 4 5 3 4 5 4 3 4 4 3 4 4 4 4 5 3 4,11 15 9 17 3 7 1 13 5 10 16 4 14 2 12 8 18 6
Whippoorwill Club,NY,Armonk,Green,69.5,135,76.0,139,5972,4 4 5 3 4 5 4 3 4 4 3 4 4 4 4 5 3 4,11 15 9 17 3 7 1 13 5 10 16 4 14 2 12 8 18 6
Whippoorwill Club,NY,Armonk,Green/Red,68.5,129,,,5803,4 4 5 3 4 5 4 3 4 4 3 4 4 4 4 5 3 4,11 15 9 17 3 7 1 13 5 10 16 4 14 2 12 8 18 6
Whippoorwill Club,NY,Armonk,Red,67.8,126,73.4,137,5639,4 4 5 3 4 5 4 3 4 4 3 4 4 4 4 5 3 4,11 15 9 17 3 7 1 13 5 10 16 4 14 2 12 8 18 6
Whippoorwill Club,NY,Armonk,Red/Yellow (W),71.2,129,71.2,129,,4 4 5 3 4 5 4 3 4 4 3 4 4 4 4 5 3 4,11 15 9 17 3 7 1 13 5 10 16 4 14 2 12 8 18 6
Whippoorwill Club,NY,Armonk,Yellow,66.4,122,70.6,127,5045,4 4 5 3 4 5 4 3 4 4 3 4 4 4 4 5 3 4,11 15 9 17 3 7 1 13 5 10 16 4 14 2 12 8 18 6
Ardsley Country Club,NY,Ardsley On Hudson,Blue,73.1,143,,,6545,,11 15 5 9 7 3 13 17 1 4 8 12 6 10 14 2 18 16
Ardsley Country Club,NY,Ardsley On Hudson,White,72.2,141,,,6371,,11 15 5 9 7 3 13 17 1 4 8 12 6 10 14 2 18 16
Ardsley Country Club,NY,Ardsley On Hudson,Seniors,70.2,135,68.5,121,6155,,11 15 5 9 7 3 13 17 1 4 8 12 6 10 14 2 18 16
Ardsley Country Club,NY,Ardsley On Hudson,Red (W),74.4,134,74.4,134,,,11 15 5 9 7 3 13 17 1 4 8 12 6 10 14 2 18 16
Brookhaven Golf Course,NY,Porter Corners,Blue,71.3,125,,,6570,,7 5 1 3 17 11 15 9 13 6 18 16 12 2 10 4 8 14
Brookhaven Golf Course,NY,Porter Corners,White,71.0,123,,,6249,,7 5 1 3 17 11 15 9 13 6 18 16 12 2 10 4 8 14
Brookhaven Golf Course,NY,Porter Corners,Red (W),70.0,121,70.0,121,,,7 5 1 3 17 11 15 9 13 6 18 16 12 2 10 4 8 14
Oliver D. Appleton Golf Course,NY,Canton,Black,73.1,127,,,6678,,15 3 11 17 1 13 7 5 9 2 14 18 6 10 16 8 4 12
Van Cortlandt Golf Course,NY,New York,Back,68.5,119,73.7,121,6002,,
Van Cortlandt Golf Course,NY,New York,Middle,66.7,117,71.2,121,5558,,
Van Cortlandt Golf Course,NY,New York,Front (W),66.6,115,66.6,115,,,
Dinsmore Golf Course,NY,Staatsburg,Regulation,65.7,106,,,5759,5 3 4 3 4 3 5 3 4 4 4 5 4 3 4 5 3 4,11 15 5 13 7 17 9 3 1 8 6 12 16 18 2 10 4 14
Dinsmore Golf Course,NY,Staatsburg,Forward (W),64.2,103,64.2,103,,5 3 4 3 4 3 5 3 4 4 4 5 4 3 4 5 3 4,11 15 5 13 7 17 9 3 1 8 6 12 16 18 2 10 4 14
Nassau Country Club,NY,Glen Cove,Black,72.8,134,,,6648,4 4 3 5 3 4 4 4 4 3 4 4 4 4 5 3 4 4,9 11 13 5 17 1 3 7 15 16 2 6 8 12 4 18 10 14
Nassau Country Club,NY,Glen Cove,Blue,72.3,131,71.5,123,6442,4 4 3 5 3 4 4 4 4 3 4 4 4 4 5 3 4 4,9 11 13 5 17 1 3 7 15 16 2 6 8 12 4 18 10 14
Nassau Country Club,NY,Glen Cove,White,70.0,129,,,6281,4 4 3 5 3 4 4 4 4 3 4 4 4 4 5 3 4 4,9 11 13 5 17 1 3 7 15 16 2 6 8 12 4 18 10 14
Nassau Country Club,NY,Glen Cove,Red (W),72.9,126,72.9,126,,4 4 3 5 3 4 4 4 4 3 4 4 4 4 5 3 4 4,9 11 13 5 17 1 3 7 15 16 2 6 8 12 4 18 10 14
Pelham Bay & Split Rock Golf Course,NY,New York,Blue,70.3,117,,,6480,4 5 3 4 4 4 4 3 5 4 4 3 4 5 4 3 4 4,3 9 13 7 1 17 5 15 11 2 12 14 8 10 16 6 18 4
Pelham Bay & Split Rock Golf Course,NY,New York,White,69.0,113,,,6216,4 5 3 4 4 4 4 3 5 4 4 3 4 5 4 3 4 4,3 9 13 7 1 17 5 15 11 2 12 14 8 10 16 6 18 4
Pelham Bay & Split Rock Golf Course,NY,New York,Red (W),70.4,112,70.4,112,,4 5 3 4 4 4 4 3 5 4 4 3 4 5 4 3 4 4,3 9 13 7 1 17 5 15 11 2 12 14 8 10 16 6 18 4
Stonebridge Golf Links,NY,Smithtown,Blue,71.0,127,,,6262,4 4 4 3 5 4 3 5 3 4 5 4 4 4 3 4 3 4,11 1 13 9 5 15 7 3 17 10 8 12 2 16 18 4 14 6
Stonebridge Golf Links,NY,Smithtown,White,70.0,125,,,6040,4 4 4 3 5 4 3 5 3 4 5 4 4 4 3 4 3 4,11 1 13 9 5 15 7 3 17 10 8 12 2 16 18 4 14 6
Stonebridge Golf Links,NY,Smithtown,Red (W),67.6,114,67.6,114,,4 4 4 3 5 4 3 5 3 4 5 4 4 4 3 4 3 4,11 1 13 9 5 15 7 3 17 10 8 12 2 16 18 4 14 6
The Greens at Half Hollow,NY,Melville ,Amethyst,59.5,97,,,4032,5 5 5 5 5 5 3 3 3 3 3 3 3 3 3 3 3 4,13 5 11 15 17 9 7 1 3 10 14 6 8 16 4 18 12 2
The Greens at Half Hollow,NY,Melville ,Jade,58.3,93,,,3653,5 5 5 5 5 5 3 3 3 3 3 3 3 3 3 3 3 4,13 5 11 15 17 9 7 1 3 10 14 6 8 16 4 18 12 2
The Greens at Half Hollow,NY,Melville ,Onyx (W),56.5,84,56.5,84,,5 5 5 5 5 5 3 3 3 3 3 3 3 3 3 3 3 4,13 5 11 15 17 9 7 1 3 10 14 6 8 16 4 18 12 2
Niagara Falls Country Club,NY,Lewiston,Green,73.0,131,,,6871,4 4 5 3 4 4 3 4 4 4 5 3 5 4 4 3 4 3,5 11 1 15 9 13 17 3 7 10 2 18 6 8 12 14 4 16
Niagara Falls Country Club,NY,Lewiston,Blue,71.2,129,,,6364,4 4 5 3 4 4 3 4 4 4 5 3 5 4 4 3 4 3,5 11 1 15 9 13 17 3 7 10 2 18 6 8 12 14 4 16
Niagara Falls Country Club,NY,Lewiston,White,67.3,119,72.8,123,5565,4 4 5 3 4 4 3 4 4 4 5 3 5 4 4 3 4 3,5 11 1 15 9 13 17 3 7 10 2 18 6 8 12 14 4 16
Niagara Falls Country Club,NY,Lewiston,Red (W),69.1,121,69.1,121,,4 4 5 3 4 4 3 4 4 4 5 3 5 4 4 3 4 3,5 11 1 15 9 13 17 3 7 10 2 18 6 8 12 14 4 16
Port Bay Golf Course,NY,Wolcott,Blue,68.2,117,,,6006,4 4 4 3 4 5 5 3 4 3 4 5 3 5 4 4 4 4,17 9 3 7 11 5 1 15 13 14 6 18 2 4 12 8 10 16
Port Bay Golf Course,NY,Wolcott,White,66.3,113,,,5622,4 4 4 3 4 5 5 3 4 3 4 5 3 5 4 4 4 4,17 9 3 7 11 5 1 15 13 14 6 18 2 4 12 8 10 16
Port Bay Golf Course,NY,Wolcott,Gold,64.3,111,,,5242,4 4 4 3 4 5 5 3 4 3 4 5 3 5 4 4 4 4,17 9 3 7 11 5 1 15 13 14 6 18 2 4 12 8 10 16
Port Bay Golf Course,NY,Wolcott,Red (W),65.7,114,65.7,114,,4 4 4 3 4 5 5 3 4 3 4 5 3 5 4 4 4 4,17 9 3 7 11 5 1 15 13 14 6 18 2 4 12 8 10 16
Country Club of Rochester,NY,Rochester,Championship/Black,73.3,135,,,6584,4 5 4 3 4 4 3 4 4 5 3 4 4 3 5 3 4 4,15 1 11 17 7 5 13 9 3 2 14 10 4 16 6 18 12 8
Country Club of Rochester,NY,Rochester,Back/Blue,71.6,132,,,6206,4 5 4 3 4 4 3 4 4 5 3 4 4 3 5 3 4 4,15 1 11 17 7 5 13 9 3 2 14 10 4 16 6 18 12 8
Country Club of Rochester,NY,Rochester,Middle/White,69.5,129,,,5911,4 5 4 3 4 4 3 4 4 5 3 4 4 3 5 3 4 4,15 1 11 17 7 5 13 9 3 2 14 10 4 16 6 18 12 8
Country Club of Rochester,NY,Rochester,Forward/Gold,72.1,127,,,5464,4 5 4 3 4 4 3 4 4 5 3 4 4 3 5 3 4 4,15 1 11 17 7 5 13 9 3 2 14 10 4 16 6 18 12 8
Wykagyl Golf Club,NY,New Rochelle,Blue,73.0,141,,,6690,5 4 4 3 4 5 3 4 5 5 3 5 3 4 4 3 4 4,11 7 1 17 3 9 15 5 13 2 18 6 16 4 12 14 8 10
Wykagyl Golf Club,NY,New Rochelle,White,71.0,138,,,6402,5 4 4 3 4 5 3 4 5 5 3 5 3 4 4 3 4 4,11 7 1 17 3 9 15 5 13 2 18 6 16 4 12 14 8 10
Wykagyl Golf Club,NY,New Rochelle,Green,69.7,132,,,6059,5 4 4 3 4 5 3 4 5 5 3 5 3 4 4 3 4 4,11 7 1 17 3 9 15 5 13 2 18 6 16 4 12 14 8 10
Wykagyl Golf Club,NY,New Rochelle,Red,68.4,125,,,5693,5 4 4 3 4 5 3 4 5 5 3 5 3 4 4 3 4 4,11 7 1 17 3 9 15 5 13 2 18 6 16 4 12 14 8 10
Wykagyl Golf Club,NY,New Rochelle,Gold (W),71.9,132,71.9,132,,5 4 4 3 4 5 3 4 5 5 3 5 3 4 4 3 4 4,11 7 1 17 3 9 15 5 13 2 18 6 16 4 12 14 8 10
Country Club of Ithaca Golf Course,NY,Ithaca,Blue,72.0,135,,,6650,4 3 5 4 4 4 3 5 4 4 3 5 3 4 4 5 4 4,7 15 1 3 11 13 17 5 9 2 18 4 16 14 12 10 8 6
Country Club of Ithaca Golf Course,NY,Ithaca,White,70.7,131,,,6340,4 3 5 4 4 4 3 5 4 4 3 5 3 4 4 5 4 4,7 15 1 3 11 13 17 5 9 2 18 4 16 14 12 10 8 6
Country Club of Ithaca Golf Course,NY,Ithaca,Red,68.0,119,73.1,135,5760,4 3 5 4 4 4 3 5 4 4 3 5 3 4 4 5 4 4,7 15 1 3 11 13 17 5 9 2 18 4 16 14 12 10 8 6
Country Club of Ithaca Golf Course,NY,Ithaca,Green,66.5,116,71.2,130,5500,4 3 5 4 4 4 3 5 4 4 3 5 3 4 4 5 4 4,7 15 1 3 11 13 17 5 9 2 18 4 16 14 12 10 8 6
Country Club of Ithaca Golf Course,NY,Ithaca,Gold (W),68.7,119,68.7,119,,4 3 5 4 4 4 3 5 4 4 3 5 3 4 4 5 4 4,7 15 1 3 11 13 17 5 9 2 18 4 16 14 12 10 8 6
Robert Trent Jones Golf Course,NY,Ithaca,Bug Red,73.1,137,,,6890,,
Robert Trent Jones Golf Course,NY,Ithaca,Championship,71.4,131,,,6514,,
Robert Trent Jones Golf Course,NY,Ithaca,Regular,70.0,127,75.6,136,6199,,
Robert Trent Jones Golf Course,NY,Ithaca,Senior,67.1,119,71.9,122,5550,,
Robert Trent Jones Golf Course,NY,Ithaca,Forward,65.2,111,69.4,119,5110,,
Fresh Meadow Course,NY,Lake Success,Black,73.1,138,,,6749,4 5 4 3 4 4 3 4 4 5 3 4 3 4 3 5 4 4,3 11 1 15 7 5 17 13 9 4 16 2 18 10 14 6 12 8
Fresh Meadow Course,NY,Lake Success,Blue,71.6,134,,,6398,4 5 4 3 4 4 3 4 4 5 3 4 3 4 3 5 4 4,3 11 1 15 7 5 17 13 9 4 16 2 18 10 14 6 12 8
Fresh Meadow Course,NY,Lake Success,White,70.1,130,75.7,132,6054,4 5 4 3 4 4 3 4 4 5 3 4 3 4 3 5 4 4,3 11 1 15 7 5 17 13 9 4 16 2 18 10 14 6 12 8
Fresh Meadow Course,NY,Lake Success,Red,66.0,107,73.3,132,5693,4 5 4 3 4 4 3 4 4 5 3 4 3 4 3 5 4 4,3 11 1 15 7 5 17 13 9 4 16 2 18 10 14 6 12 8
Deepdale Golf Club,NY,Manhasset,Back,72.7,131,,,6670,4 5 4 3 4 3 4 4 4 4 4 5 3 4 4 4 3 4,5 13 9 11 3 17 7 1 15 12 2 14 16 8 6 18 10 4
Deepdale Golf Club,NY,Manhasset,Middle,70.1,128,,,6185,4 5 4 3 4 3 4 4 4 4 4 5 3 4 4 4 3 4,5 13 9 11 3 17 7 1 15 12 2 14 16 8 6 18 10 4
Deepdale Golf Club,NY,Manhasset,Forward (W),70.4,122,70.4,122,,4 5 4 3 4 3 4 4 4 4 4 5 3 4 4 4 3 4,5 13 9 11 3 17 7 1 15 12 2 14 16 8 6 18 10 4
North Hills Country Club,NY,Manhasset,Back,72.4,137,,,6720,5 4 3 5 4 3 4 4 4 4 5 3 4 5 4 3 4 4,5 1 15 7 13 17 9 3 11 2 6 16 4 12 14 18 8 10
North Hills Country Club,NY,Manhasset,Championship,71.8,136,,,6472,5 4 3 5 4 3 4 4 4 4 5 3 4 5 4 3 4 4,5 1 15 7 13 17 9 3 11 2 6 16 4 12 14 18 8 10
North Hills Country Club,NY,Manhasset,Regular,70.8,132,,,6203,5 4 3 5 4 3 4 4 4 4 5 3 4 5 4 3 4 4,5 1 15 7 13 17 9 3 11 2 6 16 4 12 14 18 8 10
North Hills Country Club,NY,Manhasset,Forward (W),72.9,126,72.9,126,,5 4 3 5 4 3 4 4 4 4 5 3 4 5 4 3 4 4,5 1 15 7 13 17 9 3 11 2 6 16 4 12 14 18 8 10
Cazenovia Golf Club,NY,Cazenovia,White/Red,69.0,117,,,5762,5 3 4 3 4 3 4 4 5 4 3 4 3 4 3 5 4 5,13 7 3 15 11 17 1 5 9 2 16 4 14 12 18 10 6 8
Wheatley Hills Golf Club,NY,East Williston,Black,72.7,131,,,6854,4 4 3 5 5 3 5 3 4 3 4 5 4 3 5 4 4 4,16 10 8 4 14 12 2 18 6 11 1 7 13 17 3 15 9 5
Wheatley Hills Golf Club,NY,East Williston,Blue,71.1,127,,,6542,4 4 3 5 5 3 5 3 4 3 4 5 4 3 5 4 4 4,16 10 8 4 14 12 2 18 6 11 1 7 13 17 3 15 9 5
Wheatley Hills Golf Club,NY,East Williston,Blue/White,70.3,125,,,6382,4 4 3 5 5 3 5 3 4 3 4 5 4 3 5 4 4 4,16 10 8 4 14 12 2 18 6 11 1 7 13 17 3 15 9 5
Wheatley Hills Golf Club,NY,East Williston,White,69.7,124,,,6243,4 4 3 5 5 3 5 3 4 3 4 5 4 3 5 4 4 4,16 10 8 4 14 12 2 18 6 11 1 7 13 17 3 15 9 5
Wheatley Hills Golf Club,NY,East Williston,Yellow,67.4,118,,,5692,4 4 3 5 5 3 5 3 4 3 4 5 4 3 5 4 4 4,16 10 8 4 14 12 2 18 6 11 1 7 13 17 3 15 9 5
Wheatley Hills Golf Club,NY,East Williston,Red (W),69.9,123,69.9,123,,4 4 3 5 5 3 5 3 4 3 4 5 4 3 5 4 4 4,16 10 8 4 14 12 2 18 6 11 1 7 13 17 3 15 9 5
Woodgate Pines Golf Club,NY,Boonville,Blue,68.2,120,,,5899,,4 18 2 12 8 14 6 10 16 3 5 15 9 11 17 13 7 1
Woodgate Pines Golf Club,NY,Boonville,White,66.1,117,,,5432,,4 18 2 12 8 14 6 10 16 3 5 15 9 11 17 13 7 1
Woodgate Pines Golf Club,NY,Boonville,Red (W),65.6,102,65.6,102,,,4 18 2 12 8 14 6 10 16 3 5 15 9 11 17 13 7 1
Golden Oak Golf Course,NY,Windsor,Blue,70.8,119,,,5592,5 4 5 4 4 3 3 3 4 3 4 5 3 4 4 3 4 4,7 5 3 1 9 13 17 11 15 10 14 2 6 12 18 4 16 8
Golden Oak Golf Course,NY,Windsor,White,69.8,117,,,5254,5 4 5 4 4 3 3 3 4 3 4 5 3 4 4 3 4 4,7 5 3 1 9 13 17 11 15 10 14 2 6 12 18 4 16 8
Golden Oak Golf Course,NY,Windsor,Red (W),65.6,112,65.6,112,,5 4 5 4 4 3 3 3 4 3 4 5 3 4 4 3 4 4,7 5 3 1 9 13 17 11 15 10 14 2 6 12 18 4 16 8
Wind Watch Golf & Country Club,NY,Hauppauge,Black,72.2,138,,,6497,4 5 4 4 5 3 4 3 4 5 4 3 4 3 5 4 4 4,9 5 13 11 7 17 1 15 3 4 16 18 14 12 2 10 6 8
Wind Watch Golf & Country Club,NY,Hauppauge,Blue,71.3,136,,,6278,4 5 4 4 5 3 4 3 4 5 4 3 4 3 5 4 4 4,9 5 13 11 7 17 1 15 3 4 16 18 14 12 2 10 6 8
Wind Watch Golf & Country Club,NY,Hauppauge,White,70.2,135,75.5,139,6044,4 5 4 4 5 3 4 3 4 5 4 3 4 3 5 4 4 4,9 5 13 11 7 17 1 15 3 4 16 18 14 12 2 10 6 8
Wind Watch Golf & Country Club,NY,Hauppauge,Red,65.5,124,70.0,127,5030,4 5 4 4 5 3 4 3 4 5 4 3 4 3 5 4 4 4,9 5 13 11 7 17 1 15 3 4 16 18 14 12 2 10 6 8
Leatherstocking Golf Course,NY,Cooperstown,Back,71.0,133,,,6401,4 4 3 5 4 4 4 4 3 4 5 3 4 4 5 4 3 5,17 3 13 7 9 5 1 15 11 2 6 18 12 16 14 8 10 4
Leatherstocking Golf Course,NY,Cooperstown,Middle,69.4,130,,,6040,4 4 3 5 4 4 4 4 3 4 5 3 4 4 5 4 3 5,17 3 13 7 9 5 1 15 11 2 6 18 12 16 14 8 10 4
Leatherstocking Golf Course,NY,Cooperstown,Forward,70.6,123,,,5180,4 4 3 5 4 4 4 4 3 4 5 3 4 4 5 4 3 5,17 3 13 7 9 5 1 15 11 2 6 18 12 16 14 8 10 4
Walden Oaks Country Club,NY,Cortland,Blue,70.0,123,,,5832,4 3 4 4 5 4 3 5 3 5 4 4 4 5 3 4 3 4,11 13 15 9 3 5 17 1 7 10 4 6 14 2 16 12 18 8
Walden Oaks Country Club,NY,Cortland,White,66.8,110,,,5457,4 3 4 4 5 4 3 5 3 5 4 4 4 5 3 4 3 4,11 13 15 9 3 5 17 1 7 10 4 6 14 2 16 12 18 8
Walden Oaks Country Club,NY,Cortland,Red (W),67.4,113,67.4,113,,4 3 4 4 5 4 3 5 3 5 4 4 4 5 3 4 3 4,11 13 15 9 3 5 17 1 7 10 4 6 14 2 16 12 18 8
Walden Oaks Country Club,NY,Cortland,Gold,63.3,107,,,4728,4 3 4 4 5 4 3 5 3 5 4 4 4 5 3 4 3 4,11 13 15 9 3 5 17 1 7 10 4 6 14 2 16 12 18 8
South Fork Country Club,NY,Amagansett,Blue,70.0,127,,,6018,,9 15 7 13 3 11 5 17 1 2 12 14 18 16 10 4 6 8
South Fork Country Club,NY,Amagansett,White,68.4,125,,,5693,,9 15 7 13 3 11 5 17 1 2 12 14 18 16 10 4 6 8
South Fork Country Club,NY,Amagansett,Red,70.8,123,,,5077,,9 15 7 13 3 11 5 17 1 2 12 14 18 16 10 4 6 8
South Fork Country Club,NY,Amagansett,Gold,63.4,110,67.9,115,4643,,9 15 7 13 3 11 5 17 1 2 12 14 18 16 10 4 6 8
Three Ponds Farm,NY,Water Mill,Blue,71.2,132,,,6307,,
